sample_id,Cafe,Hotel,Restaurant,Store,MiscCommercial,Suburban,MiscResidential,CountryHouse,ConstructionSite,MiscIndustrial,PowerPlant,WaterTreatment,Residential,Commercial,Industrial,Door,Window,Awning,Billboard,Porch,Sign,Table,TiledRoof,TiledRoofTop,VendingMachine,WallSign,Statue,Chimney,Pipe,Machine,Truck,Car
s_1240_jpg,0,0,0,0,0,0,0,0,0,1,1,1,0,1,0,1,1,0,1,0,0,0,0,1,0,1,0,0,1,0,0,0
s_2744_jpg,0,0,0,0,0,1,1,1,0,0,0,0,0,1,0,1,0,1,0,0,0,0,1,1,0,0,0,1,0,0,0,0
s_7045_jpg,0,0,0,0,0,0,0,0,1,0,1,0,0,1,0,1,0,0,1,0,1,0,0,1,0,1,0,0,1,0,0,0
s_15669_jpg,1,1,1,0,1,0,0,0,0,0,0,0,0,0,0,1,1,1,1,0,1,0,0,1,1,1,0,0,1,0,0,0
s_12455_jpg,0,0,0,0,0,1,1,1,0,0,0,0,0,1,0,1,0,1,0,0,0,0,1,1,0,0,0,1,0,0,0,0
s_6408_jpg,1,1,0,1,1,0,0,0,0,0,0,0,0,0,0,1,1,1,1,0,1,1,0,1,1,1,0,0,1,0,0,0
s_6816_jpg,1,1,0,1,1,0,0,0,0,0,0,0,0,0,0,1,1,1,1,0,1,1,0,1,1,1,0,0,1,0,0,0
s_14511_jpg,1,1,1,1,1,0,0,0,0,0,0,0,0,1,0,1,1,1,1,0,1,1,0,1,1,1,0,0,1,0,0,0
s_10157_jpg,0,0,0,0,0,1,1,0,0,0,0,0,0,1,0,1,0,0,1,0,0,0,1,1,0,1,0,1,0,0,0,0
s_10357_jpg,0,0,0,0,0,0,0,0,0,1,1,1,0,1,0,1,1,0,1,0,0,0,0,1,0,1,0,0,1,0,0,0
s_7784_jpg,0,0,0,0,0,1,1,0,0,0,0,0,0,1,0,1,0,0,0,1,0,0,1,1,0,0,0,1,0,0,0,0
s_15249_jpg,1,1,0,0,1,0,0,0,0,0,0,0,0,0,0,1,1,1,1,0,1,0,0,1,1,1,0,0,1,0,0,0
s_8795_jpg,0,0,0,0,0,1,1,0,0,0,0,0,0,1,0,1,0,0,0,1,0,0,1,1,0,0,0,1,0,0,0,0
s_12503_jpg,0,0,0,0,0,1,1,0,0,0,0,0,0,1,0,1,0,1,0,0,0,0,1,1,0,0,0,1,0,0,0,0
s_4175_jpg,0,0,0,0,0,1,0,0,0,0,0,0,0,1,0,1,0,0,0,0,0,0,1,1,0,1,0,1,0,0,0,0
s_5159_jpg,0,0,0,0,0,1,1,1,0,0,0,0,0,1,0,1,0,1,0,0,0,0,1,1,0,0,0,1,0,0,0,0
s_4214_jpg,0,0,0,0,0,1,1,0,0,0,0,0,0,1,0,1,0,1,0,1,0,0,1,1,0,0,0,1,0,0,0,0
s_4101_jpg,0,1,0,0,1,0,0,0,0,0,0,0,0,1,0,1,1,1,1,0,1,1,1,1,1,0,0,0,1,0,0,0
s_12660_jpg,1,1,1,1,1,0,0,0,0,0,0,0,0,1,0,1,1,1,1,0,1,1,1,1,1,1,0,0,1,0,0,0
s_14794_jpg,0,0,0,0,0,0,0,0,0,1,1,1,0,1,0,1,1,0,1,0,0,0,0,1,0,1,0,0,1,0,0,0
s_10563_jpg,1,1,1,0,1,0,0,0,0,0,0,0,0,0,0,1,1,1,1,0,1,0,0,1,1,1,0,0,1,0,0,0
s_7506_jpg,1,1,0,1,1,0,0,0,0,0,0,0,0,1,0,1,1,1,1,0,1,1,1,1,1,0,0,0,1,0,0,0
s_15985_jpg,0,0,1,0,1,0,0,0,1,0,0,0,0,1,0,0,1,1,1,0,1,1,0,1,1,1,0,0,1,0,0,0
s_7312_jpg,0,0,0,0,0,0,0,0,0,0,1,0,0,1,0,1,1,0,1,0,1,0,0,1,0,1,0,0,1,0,0,0
s_9128_jpg,0,0,0,0,0,0,1,0,0,0,0,0,0,1,0,1,0,1,0,0,1,0,1,1,0,0,0,1,0,0,0,0
s_15825_jpg,1,1,0,1,1,0,0,0,0,0,0,0,0,0,0,1,1,1,1,0,1,0,0,1,1,1,0,0,1,0,0,0
s_7351_jpg,0,0,0,0,0,0,0,0,0,0,1,0,0,1,0,1,1,1,1,0,0,0,0,1,0,1,0,0,1,0,0,0
s_1401_jpg,0,1,1,0,1,0,0,0,1,0,0,0,0,1,0,0,1,1,1,0,1,1,0,1,1,1,0,0,1,0,0,0
s_13563_jpg,1,1,0,0,1,0,0,0,0,0,0,0,0,0,0,1,1,1,1,0,1,0,0,1,1,1,0,0,1,0,0,0
s_8188_jpg,0,0,0,0,0,0,0,0,0,1,1,1,0,1,0,1,1,0,1,0,0,0,0,1,0,1,0,0,1,0,0,0
s_10480_jpg,0,0,0,0,0,0,0,0,0,1,1,1,0,1,0,1,1,0,1,0,0,0,0,1,1,1,0,0,1,0,0,0
s_11652_jpg,1,1,1,1,1,0,0,0,0,0,0,0,0,1,0,1,1,1,1,0,1,1,1,1,1,1,0,0,1,0,0,0
s_14429_jpg,0,0,0,0,1,0,1,0,0,0,0,0,0,1,0,1,0,0,1,0,0,0,1,1,0,1,0,1,0,0,0,0
s_1669_jpg,0,0,0,0,0,0,0,0,1,0,0,0,0,1,0,0,1,0,1,0,1,0,0,1,0,1,0,0,1,0,0,0
s_15712_jpg,0,0,0,0,0,0,0,0,0,1,1,1,0,1,0,1,1,0,1,0,0,0,0,1,0,1,0,0,1,0,0,0
s_8839_jpg,0,0,0,0,0,0,0,0,0,1,1,1,0,1,0,1,1,0,1,0,0,0,0,1,0,1,0,0,1,0,0,0
s_5175_jpg,1,1,1,1,1,0,0,0,0,0,0,0,0,0,0,1,1,1,1,0,1,1,0,1,1,1,0,0,1,0,0,0
s_12326_jpg,0,0,0,0,0,1,1,1,0,0,0,0,0,1,0,1,0,1,0,0,0,0,1,1,0,0,0,1,0,0,0,0
s_2540_jpg,0,0,0,0,0,1,1,0,0,0,0,0,0,1,0,1,0,0,0,1,0,0,1,1,0,0,0,1,0,0,0,0
s_915_jpg,1,1,0,1,1,0,0,0,0,0,0,0,0,1,0,1,1,1,1,0,1,1,1,1,1,1,0,0,1,0,0,0
s_4631_jpg,0,0,0,0,0,1,1,1,0,0,0,0,0,1,0,1,0,1,0,0,0,0,1,1,0,0,0,1,0,0,0,0
s_13392_jpg,1,1,0,1,1,0,0,0,0,0,0,0,0,0,0,1,1,1,1,0,1,1,0,1,1,1,0,0,1,0,0,0
s_7303_jpg,0,1,0,0,0,0,0,0,0,1,1,1,0,1,0,1,1,0,1,0,0,0,0,1,1,1,0,0,1,0,0,0
s_1366_jpg,0,0,0,0,0,0,0,0,0,1,1,1,0,1,0,1,1,0,1,0,0,0,0,1,0,1,0,0,1,0,0,0
s_9614_jpg,0,0,0,0,0,1,1,1,0,0,0,0,0,1,0,1,0,1,0,0,0,0,1,1,0,0,0,1,0,0,0,0
s_7178_jpg,0,0,0,0,0,1,1,0,0,0,0,0,0,1,0,1,0,0,0,1,0,0,1,1,0,0,0,1,0,0,0,0
s_9647_jpg,0,0,0,0,0,1,1,1,0,0,0,0,0,1,0,1,0,1,0,1,0,0,1,1,0,0,0,1,0,0,0,0
s_14336_jpg,0,0,0,0,0,1,1,1,0,0,0,0,0,1,0,1,0,1,0,0,0,0,1,1,0,0,0,1,0,0,0,0
s_1678_jpg,0,0,0,0,0,0,0,0,0,1,1,1,0,1,0,1,1,0,1,0,0,0,0,1,1,1,0,0,0,0,0,0
s_14924_jpg,0,0,0,0,0,1,1,1,0,0,0,0,0,1,0,1,0,1,0,0,0,0,1,1,0,0,0,1,0,0,0,0
s_12895_jpg,0,0,0,0,0,0,0,0,0,1,1,1,0,1,0,1,1,0,1,0,0,0,0,1,0,1,0,0,1,0,0,0
s_15781_jpg,0,0,0,0,0,0,0,0,0,1,1,1,0,1,0,1,1,0,1,0,0,0,0,1,0,1,0,0,1,0,0,0
s_4071_jpg,1,1,0,1,1,0,0,0,0,0,0,0,0,0,0,1,1,1,1,0,1,0,0,1,1,1,0,0,1,0,0,0
s_14993_jpg,0,0,0,0,0,1,1,1,0,0,0,0,0,1,0,1,0,1,0,0,0,0,1,1,0,1,0,1,0,0,0,0
s_15790_jpg,0,0,0,0,0,0,0,0,1,0,0,0,0,1,0,0,1,1,1,0,1,0,0,1,0,1,0,0,1,0,0,0
s_5498_jpg,0,0,0,0,0,1,1,1,0,0,0,0,0,1,0,1,0,1,0,0,0,0,1,1,0,0,0,1,0,0,0,0
s_299_jpg,0,0,0,0,0,1,1,1,0,0,0,0,0,1,0,1,0,1,0,0,0,0,1,1,0,0,0,1,0,0,0,0
s_4929_jpg,1,1,1,1,1,0,0,0,0,0,0,0,0,1,0,1,1,1,1,0,1,1,1,1,1,0,0,0,1,0,0,0
s_3163_jpg,0,0,0,0,0,0,0,0,0,0,1,1,0,1,0,1,1,0,1,0,0,0,0,1,0,1,0,0,1,0,0,0
s_15241_jpg,0,0,0,0,0,0,0,0,1,0,0,0,0,1,0,1,1,1,1,0,1,0,0,1,0,1,0,0,1,0,0,0
s_12330_jpg,1,1,1,0,1,0,0,0,0,0,0,0,0,1,0,1,1,1,1,0,1,1,1,1,1,1,0,0,1,0,0,0
s_1853_jpg,0,0,0,0,0,1,1,0,0,0,0,0,0,1,0,1,1,1,0,0,0,0,1,1,1,1,0,1,0,0,0,0
s_5995_jpg,0,0,0,0,0,0,0,0,1,0,1,0,0,1,0,1,1,0,1,0,0,0,0,1,0,1,0,0,1,0,0,0
s_14973_jpg,1,1,1,1,1,0,0,0,0,0,0,0,0,1,0,1,1,1,1,0,1,1,1,1,1,0,0,0,1,0,0,0
s_8885_jpg,0,0,0,0,0,1,1,1,0,0,0,0,0,1,0,1,0,0,0,1,0,0,1,1,0,0,0,1,0,0,0,0
s_12172_jpg,0,0,0,0,0,0,0,0,0,1,1,1,0,1,0,1,1,0,1,0,0,0,0,1,0,1,0,0,1,0,0,0
s_9047_jpg,0,0,0,0,0,1,1,0,0,0,0,0,0,1,0,1,0,1,0,0,0,0,1,1,0,0,0,1,0,0,0,0
s_15568_jpg,0,0,0,0,0,0,0,0,1,0,1,0,0,1,0,1,0,0,1,0,1,0,0,1,0,1,0,0,1,0,0,0
s_5784_jpg,1,1,1,1,1,0,0,0,0,0,0,0,0,1,0,1,1,1,1,0,1,1,1,1,1,1,0,0,1,0,0,0
s_5711_jpg,0,0,0,0,0,1,1,1,0,0,0,0,0,1,0,1,0,1,0,1,0,0,1,1,0,0,0,1,0,0,0,0
s_477_jpg,1,1,0,1,1,0,0,0,0,0,0,0,0,1,0,1,1,1,1,0,1,1,1,1,1,1,0,0,1,0,0,0
s_5222_jpg,0,0,0,0,0,1,1,1,0,0,0,0,0,1,0,1,0,1,0,1,0,0,1,1,0,0,0,1,0,0,0,0
s_12519_jpg,1,1,0,1,1,0,0,0,0,0,0,0,0,1,0,1,1,1,1,0,1,1,1,1,1,1,0,0,1,0,0,0
s_13302_jpg,1,1,0,0,1,0,0,0,0,0,0,0,0,0,0,1,1,1,1,0,1,0,0,1,1,1,0,0,1,0,0,0
s_3735_jpg,0,1,1,1,1,0,0,0,0,0,0,0,0,1,0,1,1,1,1,0,1,1,1,1,1,1,0,0,1,0,0,0
s_15167_jpg,0,0,0,0,0,1,1,1,0,0,0,0,0,1,0,1,0,1,0,0,0,0,1,1,0,0,0,1,0,0,0,0
s_13978_jpg,0,0,0,0,0,0,0,0,0,0,1,0,0,1,0,1,1,0,1,0,0,0,0,1,0,1,0,0,1,0,0,0
s_1886_jpg,0,0,0,0,0,1,1,1,0,0,0,0,0,1,0,1,0,1,0,0,0,0,1,1,0,0,0,1,0,0,0,0
s_6989_jpg,0,0,0,0,0,1,1,0,0,0,0,0,0,1,0,1,0,1,0,0,0,0,1,1,0,0,0,1,0,0,0,0
s_2240_jpg,0,0,0,0,0,1,1,0,0,0,0,0,0,1,0,1,0,1,0,1,0,0,1,1,0,0,0,1,0,0,0,0
s_2669_jpg,0,1,0,0,0,1,0,0,0,0,0,0,0,1,0,1,1,1,0,0,0,0,1,1,0,1,0,1,0,0,0,0
s_12604_jpg,0,0,0,0,0,0,0,0,1,0,0,0,0,1,0,0,0,1,1,0,1,0,0,1,0,1,0,0,1,0,0,0
s_6438_jpg,1,1,0,1,1,0,0,0,0,0,0,0,0,1,0,1,1,1,1,0,1,1,1,1,1,1,0,0,1,0,0,0
s_3016_jpg,0,0,0,0,0,0,0,0,1,0,0,0,0,1,0,0,1,1,1,0,1,1,0,1,0,1,0,0,1,0,0,0
s_1456_jpg,0,0,0,0,0,0,0,0,0,1,1,1,0,1,0,1,1,0,1,0,0,0,0,1,0,1,0,0,1,0,0,0
s_1998_jpg,1,1,0,1,1,0,0,0,0,0,0,0,0,1,0,1,1,1,1,0,1,1,1,1,1,1,0,0,1,0,0,0
s_2698_jpg,0,0,0,0,0,0,0,0,0,1,0,1,0,1,0,1,1,0,1,0,0,0,0,1,0,1,0,0,1,0,0,0
s_1313_jpg,0,0,0,0,0,1,1,0,0,0,0,0,0,1,0,1,0,0,0,1,0,0,1,1,0,0,0,1,0,0,0,0
s_12265_jpg,0,0,0,0,0,0,0,0,1,0,1,0,0,1,0,1,0,0,1,0,0,0,0,1,0,1,0,0,1,0,0,0
s_7805_jpg,0,0,0,0,0,0,1,1,0,0,0,0,0,1,0,1,0,1,0,0,0,0,1,1,0,0,0,1,0,0,0,0
s_15067_jpg,0,0,0,0,0,0,0,0,0,1,1,1,0,1,1,1,1,0,1,0,0,0,0,1,0,1,0,0,1,0,0,0
s_8235_jpg,1,1,0,1,1,0,0,0,0,0,0,0,0,0,0,1,1,1,1,0,1,1,0,1,1,1,0,0,1,0,0,0
s_5803_jpg,0,0,0,0,0,0,0,0,0,1,1,0,0,1,0,1,1,0,1,0,0,0,0,1,0,1,0,0,1,0,0,0
s_11681_jpg,0,0,0,0,0,1,1,1,0,0,0,0,0,1,0,1,0,1,0,0,0,0,1,1,0,0,0,1,0,0,0,0
s_5699_jpg,0,0,0,0,0,1,1,0,0,0,0,0,0,1,0,1,0,1,0,0,0,0,1,1,0,0,0,1,0,0,0,0
s_4829_jpg,0,0,0,0,0,1,1,0,0,0,0,0,0,1,0,1,0,1,0,1,0,0,1,1,0,0,0,1,0,0,0,0
s_7199_jpg,0,0,0,0,0,1,1,1,0,0,0,0,0,1,0,1,0,1,0,0,0,0,1,1,0,0,0,1,0,0,0,0
s_8983_jpg,0,0,0,0,0,0,0,0,0,1,1,1,0,1,0,1,1,0,1,0,0,0,0,1,0,1,0,0,1,0,0,0
s_11041_jpg,0,0,0,0,0,0,0,0,0,1,1,1,0,1,0,1,1,0,1,0,0,0,0,1,0,1,0,0,1,0,0,0
s_11133_jpg,1,0,0,1,1,0,0,0,0,0,0,0,0,1,0,1,1,1,1,0,1,1,1,1,1,0,0,0,1,0,0,0
s_14437_jpg,0,0,0,0,0,0,0,0,0,0,1,0,0,1,0,1,1,0,1,0,0,0,0,1,1,1,0,0,1,0,0,0
s_11329_jpg,0,0,0,0,0,0,0,0,1,0,0,0,0,1,0,1,0,0,1,0,1,0,0,1,0,1,0,0,1,0,0,0
s_2394_jpg,1,0,0,1,0,0,0,0,0,0,0,0,0,0,0,1,1,1,1,0,1,0,0,1,1,1,0,0,1,0,0,0
s_7061_jpg,0,0,0,0,0,1,1,0,0,0,0,0,0,1,0,1,0,0,0,1,0,0,1,1,0,0,0,1,0,0,0,0
s_3752_jpg,0,0,0,0,0,1,1,1,0,0,0,0,0,1,0,1,0,1,0,0,0,0,1,1,0,0,0,1,0,0,0,0
s_1603_jpg,0,0,0,0,0,0,0,0,1,0,1,0,0,1,0,1,0,0,1,0,0,0,0,1,0,1,0,0,1,0,0,0
s_581_jpg,0,0,0,0,0,1,1,1,0,0,0,0,0,1,0,1,0,1,0,0,0,0,1,1,0,0,0,1,0,0,0,0
s_12714_jpg,1,1,1,0,0,0,0,0,0,0,0,0,0,0,0,1,1,1,1,0,1,0,0,1,1,1,0,0,1,0,0,0
s_14415_jpg,1,1,1,1,1,0,0,0,0,0,0,0,0,1,0,1,1,1,1,0,1,1,1,1,1,1,0,0,1,0,0,0
s_7590_jpg,1,1,1,1,1,0,0,0,0,0,0,0,0,1,0,1,1,1,1,0,1,1,0,1,1,1,0,0,1,0,0,0
s_10684_jpg,0,0,0,0,0,0,0,0,0,1,1,1,0,1,0,1,1,0,1,0,0,0,0,1,0,1,0,0,1,0,0,0
s_3635_jpg,0,0,0,0,0,1,1,1,0,0,0,0,0,1,0,1,0,0,0,1,0,0,1,1,0,0,0,1,0,0,0,0
s_11117_jpg,0,0,0,0,0,1,1,0,0,0,0,0,0,1,0,1,0,1,0,0,1,0,1,1,0,0,0,1,0,0,0,0
s_9189_jpg,0,1,0,0,0,0,0,0,0,1,0,0,0,1,0,1,1,1,1,0,0,0,0,1,1,1,0,0,1,0,0,0
s_8530_jpg,0,0,0,0,0,0,0,0,0,1,1,1,0,1,0,1,1,0,1,0,0,0,0,1,0,1,0,0,1,0,0,0
s_5435_jpg,0,0,0,0,0,1,1,1,0,0,0,0,0,1,0,1,0,1,0,0,0,0,1,1,0,0,0,1,0,0,0,0
s_12800_jpg,0,0,0,0,0,1,1,0,0,0,0,0,0,1,0,1,0,0,0,1,0,0,1,1,0,0,0,1,0,0,0,0
s_8296_jpg,0,0,0,0,0,0,0,0,1,0,1,0,0,1,0,1,1,0,1,0,0,0,0,1,0,1,0,0,1,0,0,0
s_1689_jpg,1,1,1,1,0,0,0,0,0,0,0,0,0,1,0,1,1,1,0,0,1,1,1,1,1,1,0,0,1,0,0,0
s_3582_jpg,0,0,0,0,0,0,0,0,1,0,1,0,0,1,0,1,1,0,1,0,1,0,0,1,0,1,0,0,1,0,0,0
s_3978_jpg,1,1,0,1,1,0,0,0,0,0,0,0,0,0,0,1,1,1,1,0,1,1,0,1,1,1,0,0,1,0,0,0
s_15447_jpg,1,1,0,1,1,0,0,0,0,0,0,0,0,0,0,1,1,1,1,0,1,1,0,1,1,1,0,0,1,0,0,0
s_2177_jpg,0,0,0,0,0,1,1,1,0,0,0,0,0,1,0,1,0,1,0,1,0,0,1,1,0,0,0,1,0,0,0,0
s_15157_jpg,0,0,0,0,0,0,0,0,0,1,1,1,0,1,0,1,1,0,1,0,0,0,0,1,0,1,0,0,1,0,0,0
s_15279_jpg,0,1,0,1,1,0,0,0,0,0,0,0,0,1,0,1,1,1,1,0,1,1,1,1,1,1,0,0,1,0,0,0
s_13354_jpg,0,0,0,0,0,0,0,0,1,0,1,0,0,1,0,1,1,0,1,0,1,0,0,1,0,1,0,0,1,0,0,0
s_10634_jpg,0,0,0,0,0,1,1,1,0,0,0,0,0,1,0,1,0,1,0,0,0,0,1,1,0,0,0,1,0,0,0,0
s_8823_jpg,1,1,1,0,1,0,0,0,0,0,0,0,0,0,0,1,1,1,1,0,1,0,0,1,1,1,0,0,1,0,0,0
s_4811_jpg,1,0,0,0,0,0,1,0,0,0,0,0,0,1,0,1,1,1,0,0,0,0,1,1,1,1,0,1,0,0,0,0
s_14992_jpg,0,0,0,0,0,0,0,0,0,1,1,1,0,1,0,1,1,0,1,0,0,0,0,1,1,1,0,0,0,0,0,0
s_82_jpg,0,0,0,0,0,0,0,0,0,1,1,1,0,1,0,1,1,0,1,0,0,0,0,1,0,1,0,0,1,0,0,0
s_15974_jpg,0,0,0,0,0,1,1,0,0,0,0,0,0,1,0,1,0,0,0,0,0,0,1,1,0,0,0,1,0,0,0,0
s_8012_jpg,0,0,0,0,0,1,1,1,0,0,0,0,0,1,0,1,0,1,0,0,0,0,1,1,0,0,0,1,0,0,0,0
s_4524_jpg,1,1,0,1,1,0,0,0,0,0,0,0,0,1,0,1,1,1,1,0,1,1,1,1,1,1,0,0,1,0,0,0
s_12720_jpg,0,1,0,1,1,0,0,0,0,0,0,0,0,1,0,1,1,1,1,0,1,1,1,1,1,1,0,0,1,0,0,0
s_15933_jpg,1,1,0,0,0,0,0,0,0,0,0,0,0,0,0,1,1,1,1,0,1,0,0,1,1,1,0,0,1,0,0,0
s_11516_jpg,0,0,0,0,0,1,1,1,0,0,0,0,0,1,0,1,0,1,0,0,0,0,1,1,0,0,0,1,0,0,0,0
s_11550_jpg,1,1,1,1,1,0,0,0,0,0,0,0,0,1,0,1,1,1,1,0,1,1,0,1,1,1,0,0,1,0,0,0
s_1408_jpg,0,0,0,0,0,0,0,0,0,1,1,1,0,1,0,1,1,0,1,0,0,0,0,1,0,1,0,0,1,0,0,0
s_6572_jpg,0,0,0,0,0,0,1,1,0,0,0,0,0,1,0,1,0,1,0,0,0,0,1,1,0,0,0,1,0,0,0,0
s_7022_jpg,0,0,0,0,0,1,1,1,0,0,0,0,0,1,0,1,0,1,0,0,0,0,1,1,0,0,0,1,0,0,0,0
s_4945_jpg,0,0,0,0,0,0,0,0,0,1,1,1,0,1,0,1,1,0,1,0,0,0,0,1,0,1,0,0,0,0,0,0
s_14527_jpg,0,0,0,0,0,0,0,0,0,0,1,1,0,1,0,1,1,0,1,0,0,0,0,1,0,1,0,0,1,0,0,0
s_8473_jpg,0,0,0,0,0,0,0,0,1,0,1,0,0,1,0,1,1,0,1,0,1,0,0,1,0,1,0,0,1,0,0,0
s_6478_jpg,0,0,0,0,0,0,0,0,0,1,1,1,0,1,0,1,1,0,1,0,0,0,0,1,0,1,0,0,1,0,0,0
s_2358_jpg,0,1,0,1,1,0,1,0,0,0,0,0,0,1,0,1,1,1,0,0,0,1,1,1,0,0,0,1,0,0,0,0
s_11351_jpg,0,0,0,0,0,1,1,0,0,0,0,0,0,1,0,1,0,0,0,1,0,0,1,1,0,0,0,1,0,0,0,0
s_12424_jpg,0,0,0,0,0,0,0,0,0,1,1,1,0,1,0,1,1,0,1,0,0,0,0,1,0,1,0,0,1,0,0,0
s_10321_jpg,0,0,0,0,0,0,0,0,0,1,1,1,0,1,0,1,1,0,1,0,0,0,0,1,1,1,0,0,1,0,0,0
s_1472_jpg,0,0,0,0,0,1,1,0,0,0,0,0,0,1,0,1,0,1,0,0,0,0,1,1,0,0,0,1,0,0,0,0
s_270_jpg,1,1,0,1,1,0,0,0,0,0,0,0,0,1,0,1,1,1,1,0,1,1,1,1,1,1,0,0,1,0,0,0
s_2021_jpg,0,0,0,0,0,0,1,1,0,0,0,0,0,1,0,1,1,1,0,0,0,0,1,1,0,0,0,1,0,0,0,0
s_13594_jpg,0,0,0,0,0,0,0,0,0,1,1,1,0,1,0,1,1,0,1,0,0,0,0,1,0,1,0,0,0,0,0,0
s_4611_jpg,1,1,0,1,1,0,0,0,0,0,0,0,0,1,0,1,1,1,1,0,1,1,1,1,1,1,0,0,1,0,0,0
s_3036_jpg,1,1,1,1,1,0,0,0,0,0,0,0,0,1,0,1,1,1,1,0,1,1,1,1,1,1,0,0,1,0,0,0
s_12337_jpg,0,0,0,0,0,0,0,0,1,0,1,0,0,1,0,1,0,0,1,0,1,0,0,1,0,1,0,0,1,0,0,0
s_10444_jpg,0,0,0,0,0,0,0,0,1,0,1,0,0,1,0,1,1,0,1,0,0,0,0,1,0,1,0,0,1,0,0,0
s_13177_jpg,0,0,0,0,0,0,0,0,1,0,0,0,0,1,0,0,1,0,1,0,1,0,0,1,0,1,0,0,1,0,0,0
s_845_jpg,0,0,0,0,0,1,0,0,0,0,0,0,0,1,0,1,1,0,0,0,0,0,1,1,0,1,0,1,1,0,0,0
s_8228_jpg,0,0,0,0,0,1,1,1,0,0,0,0,0,1,0,1,0,1,0,0,0,0,1,1,0,0,0,1,0,0,0,0
s_2560_jpg,0,0,0,0,0,0,0,0,0,0,1,0,0,1,0,1,1,0,1,0,1,0,0,1,1,1,0,0,1,0,0,0
s_4139_jpg,0,0,0,0,0,1,1,1,0,0,0,0,0,1,0,1,0,1,0,1,0,0,1,1,0,0,0,1,0,0,0,0
s_686_jpg,0,0,0,0,0,1,1,1,0,0,0,0,0,1,0,1,0,1,0,0,0,0,1,1,0,0,0,1,0,0,0,0
s_7492_jpg,0,0,0,0,0,0,0,0,0,1,1,1,0,1,0,1,1,0,1,0,0,0,0,1,0,1,0,0,0,0,0,0
s_5274_jpg,0,1,1,0,0,0,0,0,0,0,0,0,0,1,0,1,1,1,1,0,0,0,0,1,0,1,0,0,1,0,0,0
s_1282_jpg,0,0,0,0,0,0,0,0,0,1,1,1,0,1,0,1,1,0,1,0,0,0,0,1,0,1,0,0,1,0,0,0
s_12444_jpg,1,1,1,1,1,0,0,0,0,0,0,0,0,1,0,1,1,1,1,0,1,1,1,1,1,1,0,0,1,0,0,0
s_7318_jpg,0,0,0,0,0,0,0,0,0,0,1,0,0,1,0,1,1,0,1,0,0,0,0,1,0,1,0,0,1,0,0,0
s_8355_jpg,0,0,0,0,0,0,0,0,0,1,1,1,0,1,0,1,1,0,1,0,0,0,0,1,1,1,0,0,0,0,0,0
s_542_jpg,0,0,0,0,0,1,1,0,0,0,0,0,0,1,0,1,0,1,0,1,0,0,1,1,0,0,0,1,0,0,0,0
s_11718_jpg,0,0,1,1,1,0,0,0,1,0,0,0,0,1,0,0,1,1,1,0,1,1,0,1,1,1,0,0,1,0,0,0
s_4914_jpg,1,1,1,1,0,0,0,0,0,0,0,0,0,1,0,1,1,1,1,0,1,1,1,1,1,1,0,0,1,0,0,0
s_11065_jpg,0,0,0,0,0,0,0,0,0,1,1,1,0,1,0,1,1,0,1,0,0,0,0,1,0,1,0,0,1,0,0,0
s_4843_jpg,0,0,0,0,0,0,0,0,1,0,1,0,0,1,0,0,1,0,1,0,0,0,0,1,0,1,0,0,1,0,0,0
s_5513_jpg,0,0,0,0,1,0,1,0,0,0,0,0,0,1,0,1,0,1,0,0,1,0,1,1,1,0,0,1,0,0,0,0
s_12066_jpg,1,1,0,1,1,0,0,0,0,0,0,0,0,0,0,1,1,1,1,0,1,1,0,1,1,1,0,0,1,0,0,0
s_11219_jpg,0,0,0,0,0,1,1,1,0,0,0,0,0,1,0,1,0,0,0,0,0,0,1,1,0,0,0,1,0,0,0,0
s_14028_jpg,0,0,1,0,1,0,0,0,1,0,0,0,0,1,0,0,1,1,1,0,1,1,0,1,1,1,0,0,1,0,0,0
s_11981_jpg,0,0,0,0,0,1,1,1,0,0,0,0,0,1,0,1,0,1,0,0,0,0,1,1,0,0,0,1,0,0,0,0
s_10362_jpg,1,1,0,1,1,0,0,0,0,0,0,0,0,1,0,1,1,1,1,0,1,1,1,1,1,1,0,0,1,0,0,0
s_330_jpg,0,1,1,1,1,0,0,0,0,0,0,0,0,1,0,1,1,1,1,0,1,1,1,1,1,0,0,0,1,0,0,0
s_6620_jpg,0,0,0,0,0,1,1,0,0,0,0,0,0,1,0,1,1,1,0,1,0,0,1,1,0,1,0,1,0,0,0,0
s_7715_jpg,0,0,0,0,0,1,1,1,0,0,0,0,0,1,0,1,0,1,0,1,0,0,1,1,0,0,0,1,0,0,0,0
s_10469_jpg,0,1,0,0,0,1,0,0,0,0,0,0,0,1,1,1,1,0,0,0,0,0,1,1,0,1,0,1,1,0,0,0
s_11468_jpg,0,0,0,0,0,1,1,0,0,0,0,0,0,1,0,1,0,1,0,0,1,0,1,1,0,0,0,1,1,0,0,0
s_4744_jpg,0,0,0,0,0,0,0,0,0,1,1,1,0,1,0,1,1,0,1,0,0,0,0,1,0,1,0,0,1,0,0,0
s_4460_jpg,0,0,0,0,0,1,1,1,0,0,0,0,0,1,0,1,0,1,0,0,0,0,1,1,0,0,0,1,0,0,0,0
s_10591_jpg,0,0,0,0,0,0,0,0,0,1,1,1,0,1,0,1,1,0,1,0,0,0,0,1,0,1,0,0,1,0,0,0
s_4851_jpg,0,1,1,1,1,0,0,0,0,0,0,0,0,0,0,1,1,1,1,0,1,1,1,1,1,1,0,0,1,0,0,0
s_2036_jpg,0,0,0,0,0,1,0,0,0,0,0,0,0,1,0,1,0,0,0,0,0,0,1,1,0,1,0,1,1,0,0,0
s_4369_jpg,0,0,0,0,0,0,0,0,0,0,1,0,0,1,0,1,1,0,1,0,0,0,0,1,0,1,0,0,1,0,0,0
s_4800_jpg,1,1,1,1,1,0,0,0,0,0,0,0,0,1,0,1,1,1,1,0,1,1,1,1,1,1,0,0,1,0,0,0
s_3789_jpg,1,1,1,1,1,0,0,0,0,0,0,0,0,1,0,1,1,1,1,0,1,1,1,1,1,1,0,0,1,0,0,0
s_10420_jpg,0,0,0,0,0,0,0,0,0,1,1,1,0,1,0,1,1,0,1,0,0,0,0,1,0,1,0,0,1,0,0,0
s_9250_jpg,0,0,0,0,0,0,0,0,0,1,1,1,0,1,0,1,1,0,1,0,0,0,0,1,0,1,0,0,1,0,0,0
s_1904_jpg,0,0,0,0,0,1,1,1,0,0,0,0,0,1,0,1,0,1,0,0,0,0,1,1,0,0,0,1,0,0,0,0
s_1800_jpg,1,1,0,0,1,0,0,0,0,0,0,0,0,0,0,1,1,1,1,0,1,0,0,1,1,1,0,0,1,0,0,0
s_9144_jpg,1,1,1,1,0,0,0,0,0,0,0,0,0,1,0,1,1,1,1,0,1,1,1,1,1,1,0,0,1,0,0,0
s_3685_jpg,0,0,0,0,0,0,0,0,0,0,1,0,0,1,0,1,1,0,1,0,0,0,0,1,0,1,0,0,1,0,0,0
s_2190_jpg,1,1,1,0,0,0,0,0,0,0,0,0,0,1,0,1,1,1,1,0,1,1,1,1,1,1,0,0,1,0,0,0
s_4589_jpg,0,0,0,0,0,1,1,1,0,0,0,0,0,1,0,1,0,1,0,0,0,0,1,1,0,0,0,1,0,0,0,0
s_2613_jpg,1,1,1,1,1,0,0,0,0,0,0,0,0,1,0,1,1,1,1,0,1,1,1,1,1,1,0,0,1,0,0,0
s_8698_jpg,0,0,0,0,0,0,0,0,0,1,1,1,0,1,0,1,1,0,1,0,0,0,0,1,0,1,0,0,1,0,0,0
s_14627_jpg,0,0,0,0,0,0,1,1,0,0,0,0,0,1,0,1,0,1,0,0,0,0,1,1,0,1,0,1,0,0,0,0
s_9208_jpg,0,0,0,0,0,0,0,0,1,0,0,0,0,1,0,1,1,0,1,0,1,0,0,1,0,1,0,0,1,0,0,0
s_10546_jpg,0,0,0,0,0,0,0,0,0,1,1,1,0,1,0,1,1,0,1,0,0,0,0,1,0,1,0,0,1,0,0,0
s_15232_jpg,0,0,0,0,0,0,0,0,0,1,1,0,0,1,0,1,1,0,1,0,0,0,0,1,0,1,0,0,1,0,0,0
s_100_jpg,0,0,0,0,0,0,0,0,0,1,1,1,0,1,0,1,1,0,1,0,0,0,0,1,1,1,0,0,1,0,0,0
s_2941_jpg,0,0,0,0,0,0,0,0,0,1,1,1,0,1,0,1,1,0,1,0,0,0,0,1,0,1,0,0,1,0,0,0
s_14495_jpg,0,0,0,0,0,1,1,1,0,0,0,0,0,1,0,1,0,1,0,0,0,0,1,1,0,0,0,1,0,0,0,0
s_6703_jpg,0,0,0,0,0,0,0,0,0,1,1,1,0,1,0,1,1,0,1,0,0,0,0,1,0,1,0,0,0,0,0,0
s_15946_jpg,0,0,0,0,0,0,0,0,0,1,1,1,0,1,0,1,1,0,1,0,0,0,0,1,0,1,0,0,1,0,0,0
s_12400_jpg,0,0,0,0,0,0,0,0,1,0,0,0,0,1,0,0,1,0,1,0,1,0,0,1,0,1,0,0,1,0,0,0
s_10312_jpg,0,0,0,0,0,0,0,0,1,0,1,0,0,1,0,0,1,0,1,0,1,0,0,1,0,1,0,0,1,0,0,0
s_2356_jpg,0,0,0,0,0,0,0,0,0,1,1,1,0,1,0,1,1,0,1,0,0,0,0,1,1,1,0,0,1,0,0,0
s_486_jpg,1,1,1,0,0,0,0,0,0,0,0,0,0,1,0,0,1,1,1,0,1,1,1,1,1,1,0,0,1,0,0,0
s_13986_jpg,1,1,0,1,0,0,0,0,0,0,0,0,0,1,0,1,1,1,1,0,1,1,0,1,1,1,0,0,1,0,0,0
s_4033_jpg,0,0,0,0,0,0,0,0,1,0,0,0,0,1,0,0,1,1,1,0,1,0,0,1,0,1,0,0,1,0,0,0
s_214_jpg,0,0,0,0,0,0,0,0,1,0,1,0,0,1,0,1,1,0,1,0,1,0,0,1,0,1,0,0,1,0,0,0
s_153_jpg,1,1,1,0,0,0,0,0,0,0,0,0,0,1,0,1,1,1,1,0,1,1,1,1,1,0,0,0,1,0,0,0
s_9300_jpg,0,1,0,0,0,0,0,0,0,0,0,0,0,1,0,1,1,1,0,0,0,0,1,1,0,1,0,0,1,0,0,0
s_15816_jpg,1,1,1,1,1,0,0,0,0,0,0,0,0,1,0,1,1,1,1,0,1,1,1,1,1,1,0,0,1,0,0,0
s_15586_jpg,0,0,0,0,0,0,0,0,0,1,1,1,0,1,0,1,1,0,1,0,0,0,0,1,0,1,0,0,1,0,0,0
s_2254_jpg,0,0,0,0,0,0,0,0,1,0,0,0,0,1,0,0,1,1,1,0,1,0,0,1,0,1,0,0,1,0,0,0
s_15864_jpg,1,1,1,1,1,0,0,0,0,0,0,0,0,1,0,1,1,1,1,0,1,1,1,1,1,1,0,0,1,0,0,0
s_4322_jpg,0,0,0,0,0,1,1,1,0,0,0,0,0,1,0,1,0,1,0,0,0,0,1,1,0,0,0,1,0,0,0,0
s_15151_jpg,0,0,0,0,0,0,0,0,0,1,1,1,0,1,0,1,1,0,1,0,0,0,0,1,0,1,0,0,0,0,0,0
s_378_jpg,1,1,1,0,1,0,0,0,0,0,0,0,0,0,0,1,1,1,1,0,1,0,0,1,1,1,0,0,1,0,0,0
s_5395_jpg,0,0,0,0,0,0,0,0,0,1,1,1,0,1,0,1,1,0,1,0,0,0,0,1,0,1,0,0,0,0,0,0
s_12490_jpg,0,0,0,0,0,0,0,0,0,1,1,1,0,1,0,1,1,0,1,0,0,0,0,1,0,1,0,0,1,0,0,0
s_1421_jpg,0,0,0,0,0,1,0,0,0,0,0,0,0,1,0,1,0,0,1,0,0,0,1,1,0,1,0,1,1,0,0,0
s_9856_jpg,0,0,0,0,0,0,0,0,0,1,0,1,0,1,0,1,1,0,1,0,0,0,0,1,0,1,0,0,1,0,0,0
s_12540_jpg,1,1,1,1,1,0,0,0,0,0,0,0,0,1,0,1,1,1,1,0,1,1,0,1,1,1,0,0,1,0,0,0
s_7935_jpg,0,1,0,1,1,0,0,0,0,0,0,0,0,1,0,1,1,1,1,0,1,1,1,1,1,1,0,0,1,0,0,0
s_14628_jpg,1,1,0,1,1,0,0,0,0,0,0,0,0,1,0,1,1,1,1,0,1,1,0,1,1,1,0,0,1,0,0,0
s_14006_jpg,0,0,0,0,0,1,1,1,0,0,0,0,0,1,0,1,0,1,0,0,0,0,1,1,0,0,0,1,0,0,0,0
s_2780_jpg,0,0,0,0,0,1,1,1,0,0,0,0,0,1,0,1,0,1,0,0,0,0,1,1,0,0,0,1,0,0,0,0
s_2809_jpg,0,0,0,0,0,0,0,0,0,0,1,0,0,1,0,1,1,0,1,0,0,0,0,1,0,1,0,0,1,0,0,0
s_14208_jpg,1,1,1,1,1,0,0,0,0,0,0,0,0,1,0,1,1,1,1,0,1,0,0,1,1,1,0,0,1,0,0,0
s_2543_jpg,0,0,0,0,0,1,1,1,0,0,0,0,0,1,0,1,0,0,0,0,0,0,1,1,0,0,0,1,0,0,0,0
s_3465_jpg,1,1,0,1,1,0,0,0,0,0,0,0,0,0,0,1,1,1,1,0,1,0,0,1,1,1,0,0,1,0,0,0
s_14330_jpg,0,0,0,0,0,1,1,1,0,0,0,0,0,1,0,1,0,1,0,0,0,0,1,1,0,0,0,1,0,0,0,0
s_15381_jpg,0,1,1,0,1,0,0,0,0,0,0,0,0,1,1,1,1,1,1,0,1,1,0,1,1,1,0,0,1,0,0,0
s_3078_jpg,1,1,1,1,1,0,0,0,0,0,0,0,0,1,0,1,1,1,1,0,1,1,1,1,1,1,0,0,1,0,0,0
s_7901_jpg,0,0,0,0,0,1,1,1,0,0,0,0,0,1,0,1,0,1,0,0,0,0,1,1,0,0,0,1,0,0,0,0
s_10880_jpg,0,0,0,0,0,1,0,0,0,0,0,0,0,1,0,1,1,1,0,0,0,0,1,1,0,1,0,1,0,0,0,0
s_7209_jpg,1,1,0,0,1,0,0,0,0,0,0,0,0,1,0,1,1,1,1,0,1,0,1,1,1,1,0,0,1,0,0,0
s_12134_jpg,0,0,0,0,0,1,0,0,0,0,0,0,0,1,0,1,0,0,0,0,0,0,1,1,0,1,0,1,0,0,0,0
s_9246_jpg,1,1,0,1,1,0,0,0,0,0,0,0,0,1,0,1,1,1,1,0,1,1,1,1,1,1,0,0,1,0,0,0
s_3579_jpg,1,1,1,1,1,0,0,0,0,0,0,0,0,1,0,1,1,1,1,0,1,1,1,1,1,1,0,0,1,0,0,0
s_15352_jpg,0,0,0,0,0,0,0,0,0,1,1,1,0,1,0,1,1,0,1,0,0,0,0,1,0,1,0,0,1,0,0,0
s_10821_jpg,1,1,0,1,1,0,0,0,0,0,0,0,0,1,0,1,1,1,1,0,1,1,1,1,1,1,0,0,1,0,0,0
s_9905_jpg,0,0,0,0,0,1,0,0,0,0,0,0,0,1,0,1,1,1,0,0,0,0,1,1,0,1,0,1,0,0,0,0
s_15806_jpg,0,0,0,0,0,1,1,1,0,0,0,0,0,1,0,1,0,1,0,0,0,0,1,1,0,0,0,1,0,0,0,0
s_1045_jpg,0,0,0,0,0,0,0,0,0,1,1,1,0,1,0,1,1,0,1,0,0,0,0,1,0,1,0,0,1,0,0,0
s_10955_jpg,0,0,0,0,0,1,1,1,0,0,0,0,0,1,0,1,0,1,0,0,0,0,1,1,0,1,0,1,0,0,0,0
s_6934_jpg,0,0,0,0,0,0,0,0,0,1,1,1,0,1,0,1,1,0,1,0,0,0,0,1,0,1,0,0,1,0,0,0
s_1987_jpg,0,0,0,0,0,0,0,0,0,1,1,1,0,1,0,1,1,0,1,0,0,0,0,1,1,1,0,0,1,0,0,0
s_2377_jpg,0,0,0,0,0,0,0,0,0,1,1,1,0,1,0,1,1,0,1,0,0,0,0,1,0,1,0,0,1,0,0,0
s_6892_jpg,0,0,0,0,0,0,0,0,0,1,1,1,0,1,0,1,1,0,1,0,0,0,0,1,0,1,0,0,1,0,0,0
s_7375_jpg,0,0,0,0,0,0,0,0,1,0,0,0,0,1,0,1,0,0,1,0,1,0,0,1,0,1,0,0,1,0,0,0
s_8155_jpg,0,0,0,0,0,0,0,0,1,0,1,0,0,1,0,0,0,0,1,0,0,0,0,1,0,1,0,0,1,0,0,0
s_15057_jpg,1,1,1,1,1,0,0,0,0,0,0,0,0,1,0,1,1,1,1,0,1,1,1,1,1,1,0,0,1,0,0,0
s_14275_jpg,0,0,0,0,0,0,0,0,1,0,1,0,0,1,0,1,1,0,1,0,0,0,0,1,0,1,0,0,1,0,0,0
s_115_jpg,0,0,0,0,0,0,0,0,0,1,1,1,0,1,0,1,1,0,1,0,0,0,0,1,1,1,0,0,1,0,0,0
s_2798_jpg,0,0,0,0,0,1,1,1,0,0,0,0,0,1,0,1,0,1,0,0,0,0,1,1,0,0,0,1,0,0,0,0
s_13037_jpg,0,0,0,0,0,1,1,0,0,0,0,0,0,1,0,1,0,1,0,0,0,0,1,1,0,0,0,1,0,0,0,0
s_12093_jpg,0,1,0,0,1,0,0,0,0,0,0,0,0,1,1,1,1,1,1,0,1,1,1,1,1,1,0,0,1,0,0,0
s_7597_jpg,0,0,0,0,0,0,0,0,0,1,1,1,0,1,0,1,1,0,1,0,0,0,0,1,0,1,0,0,1,0,0,0
s_4424_jpg,0,0,0,0,0,1,1,1,0,0,0,0,0,1,0,1,0,1,0,0,0,0,1,1,0,0,0,1,0,0,0,0
s_15623_jpg,0,0,0,0,0,1,1,1,0,0,0,0,0,1,0,1,0,1,0,0,0,0,1,1,0,0,0,1,0,0,0,0
s_1503_jpg,0,1,1,1,1,0,0,0,0,0,0,0,0,1,0,0,1,1,1,0,1,1,1,1,1,1,0,0,1,0,0,0
s_6618_jpg,1,1,1,1,1,0,0,0,0,0,0,0,0,1,0,1,1,1,1,0,1,1,1,1,1,1,0,0,1,0,0,0
s_1234_jpg,0,0,0,0,0,0,0,0,0,0,1,0,0,1,0,1,1,0,1,0,0,0,0,1,0,1,0,0,1,0,0,0
s_4695_jpg,1,1,1,1,1,0,0,0,0,0,0,0,0,1,0,1,1,1,1,0,1,1,1,1,1,1,0,0,1,0,0,0
s_13690_jpg,0,0,0,0,0,0,0,0,0,1,1,1,0,1,0,1,1,0,1,0,0,0,0,1,0,1,0,0,1,0,0,0
s_15580_jpg,0,0,0,0,0,0,0,0,0,1,1,1,0,1,0,1,1,0,1,0,0,0,0,1,0,1,0,0,1,0,0,0
s_4647_jpg,1,1,0,1,1,0,0,0,0,0,0,0,0,1,0,1,1,1,1,0,1,1,0,1,1,1,0,0,1,0,0,0
s_7347_jpg,1,1,1,1,1,0,0,0,0,0,0,0,0,0,0,1,1,1,1,0,1,1,0,1,1,1,0,0,1,0,0,0
s_4362_jpg,1,1,1,1,1,0,0,0,0,0,0,0,0,1,0,1,1,1,1,0,1,1,1,1,1,0,0,0,1,0,0,0
s_2034_jpg,1,1,1,1,1,0,0,0,0,0,0,0,0,1,0,0,1,1,1,0,1,1,0,1,1,1,0,0,1,0,0,0
s_8982_jpg,1,1,1,1,1,0,0,0,0,0,0,0,0,0,0,1,1,1,1,0,1,1,0,1,1,1,0,0,1,0,0,0
s_10566_jpg,0,0,0,0,0,0,0,0,0,1,1,1,0,1,0,1,1,0,1,0,0,0,0,1,0,1,0,0,1,0,0,0
s_10110_jpg,1,1,1,1,1,0,0,0,0,0,0,0,0,1,0,0,1,1,1,0,1,1,0,1,1,1,0,0,1,0,0,0
s_8834_jpg,0,0,0,0,0,0,1,0,0,0,0,0,0,1,0,1,1,1,0,0,0,0,1,1,1,1,0,1,0,0,0,0
s_12186_jpg,1,1,1,1,1,0,0,0,0,0,0,0,0,1,0,1,1,1,1,0,1,1,1,1,1,1,0,0,1,0,0,0
s_575_jpg,0,0,0,0,0,1,1,0,0,0,0,0,0,1,0,1,0,0,0,1,0,0,1,1,0,0,0,1,0,0,0,0
s_8567_jpg,0,0,0,0,0,1,1,1,0,0,0,0,0,1,0,1,1,0,0,0,0,0,1,1,0,1,0,1,0,0,0,0
s_14320_jpg,0,0,0,0,0,0,0,0,0,1,1,1,0,1,0,1,1,0,1,0,0,0,0,1,0,1,0,0,0,0,0,0
s_9848_jpg,0,0,0,0,0,1,1,1,0,0,0,0,0,1,0,1,0,1,0,1,0,0,1,1,0,0,0,1,0,0,0,0
s_8984_jpg,0,0,0,0,0,1,1,1,0,0,0,0,0,1,0,1,0,1,0,0,0,0,1,1,0,1,0,1,0,0,0,0
s_10259_jpg,0,0,0,0,0,1,1,1,0,0,0,0,0,1,0,1,0,1,0,0,0,0,1,1,0,0,0,1,0,0,0,0
s_8637_jpg,1,1,0,1,1,0,0,0,0,0,0,0,0,1,0,1,1,1,1,0,1,1,0,1,1,1,0,0,1,0,0,0
s_2398_jpg,0,0,0,0,0,0,0,0,0,1,1,1,0,1,0,1,1,0,1,0,0,0,0,1,1,1,0,0,1,0,0,0
s_2202_jpg,1,1,1,0,0,0,0,0,0,0,0,0,0,1,0,1,1,1,0,0,1,1,0,1,1,1,0,0,1,0,0,0
s_1667_jpg,0,0,0,0,0,1,1,0,0,0,0,0,0,1,0,1,0,0,0,1,0,0,1,1,0,0,0,1,0,0,0,0
s_3879_jpg,0,1,1,1,1,0,0,0,0,0,0,0,0,1,0,1,1,1,0,0,1,1,1,1,1,0,0,0,1,0,0,0
s_6546_jpg,1,1,1,1,1,0,0,0,0,0,0,0,0,1,0,1,1,1,1,0,1,1,1,1,1,0,0,0,1,0,0,0
s_6389_jpg,0,0,0,0,0,1,1,1,0,0,0,0,0,1,0,1,0,1,0,0,0,0,1,1,0,0,0,1,0,0,0,0
s_2186_jpg,0,0,0,0,0,1,1,0,0,0,0,0,0,1,0,1,0,1,0,0,0,0,1,1,0,0,0,1,0,0,0,0
s_5188_jpg,0,0,0,0,0,0,0,0,0,1,0,1,0,1,0,1,1,0,1,0,0,0,0,1,0,1,0,0,1,0,0,0
s_7141_jpg,0,0,0,0,0,0,0,0,1,0,0,0,0,1,0,0,1,1,1,0,1,0,0,1,0,1,0,0,1,0,0,0
s_7059_jpg,0,0,0,0,0,0,0,0,0,1,1,1,0,1,0,1,1,0,1,0,0,0,0,1,0,1,0,0,1,0,0,0
s_5338_jpg,0,0,0,0,0,0,0,0,0,1,1,1,0,1,0,1,1,0,1,0,0,0,0,1,0,1,0,0,1,0,0,0
s_348_jpg,1,0,0,1,0,0,0,0,0,0,0,0,0,0,0,1,1,1,0,0,1,0,1,1,1,1,0,0,1,0,0,0
s_8112_jpg,1,1,1,1,1,0,0,0,0,0,0,0,0,1,0,1,1,1,1,0,1,1,1,1,1,1,0,0,1,0,0,0
s_9137_jpg,0,0,0,0,0,1,1,1,0,0,0,0,0,1,0,1,0,1,0,0,0,0,1,1,0,0,0,1,0,0,0,0
s_13684_jpg,0,0,0,0,0,0,0,0,0,1,1,1,0,1,0,1,1,0,1,0,0,0,0,1,0,1,0,0,1,0,0,0
s_14908_jpg,0,0,0,0,0,0,0,0,0,1,1,1,0,1,0,1,1,0,1,0,0,0,0,1,0,1,0,0,1,0,0,0
s_7340_jpg,0,0,0,0,0,1,1,0,0,0,0,0,0,1,0,1,0,0,0,1,0,0,1,1,0,0,0,1,0,0,0,0
s_1020_jpg,1,1,0,1,1,0,0,0,0,0,0,0,0,0,0,1,1,1,1,0,1,0,0,1,1,1,0,0,1,0,0,0
s_4842_jpg,1,1,0,1,0,0,0,0,0,0,0,0,0,0,0,1,1,1,1,0,1,0,0,1,1,1,0,0,1,0,0,0
s_11663_jpg,0,0,0,0,0,1,1,1,0,0,0,0,0,1,0,1,0,1,0,0,0,0,1,1,0,0,0,1,0,0,0,0
s_12849_jpg,1,1,0,0,1,0,0,0,0,0,0,0,0,0,0,1,1,1,1,0,1,0,0,1,1,1,0,0,1,0,0,0
s_5718_jpg,1,0,0,1,1,0,0,0,0,0,0,0,0,1,0,1,1,1,1,0,1,1,0,1,1,1,0,0,1,0,0,0
s_11466_jpg,1,1,1,1,1,0,0,0,0,0,0,0,0,1,0,1,1,1,1,0,1,1,1,1,1,1,0,0,1,0,0,0
s_5787_jpg,0,0,1,0,0,0,0,0,0,0,0,0,0,1,0,1,1,1,0,0,1,1,1,1,1,1,0,0,1,0,0,0
s_15823_jpg,0,0,0,0,0,0,0,0,0,1,1,0,0,1,0,1,1,1,0,0,0,0,0,1,0,1,0,0,1,0,0,0
s_10830_jpg,0,1,1,0,1,0,0,0,0,0,0,0,0,1,0,1,1,1,1,0,1,1,1,1,1,1,0,0,1,0,0,0
s_3552_jpg,1,0,1,0,1,0,0,0,0,0,0,0,0,0,0,1,1,1,1,0,1,1,0,1,1,1,0,0,1,0,0,0
s_12783_jpg,1,1,0,1,1,0,0,0,0,0,0,0,0,1,0,1,1,1,1,0,1,1,0,1,1,1,0,0,1,0,0,0
s_13492_jpg,0,0,0,0,0,0,0,0,0,0,1,0,0,1,0,1,1,0,1,0,0,0,0,1,1,1,0,0,1,0,0,0
s_11360_jpg,0,0,0,0,0,1,1,1,0,0,0,0,0,1,0,1,0,1,0,0,0,0,1,1,0,0,0,1,0,0,0,0
s_4309_jpg,0,0,0,0,0,0,0,0,0,0,1,0,0,1,0,1,1,0,1,0,0,0,0,1,0,1,0,0,1,0,0,0
s_6760_jpg,0,0,0,0,0,0,0,0,0,1,1,1,0,1,0,1,1,0,1,0,0,0,0,1,0,1,0,0,1,0,0,0
s_1293_jpg,1,1,0,1,1,0,0,0,0,0,0,0,0,1,0,1,1,1,1,0,1,1,0,1,1,1,0,0,1,0,0,0
s_9393_jpg,1,1,0,1,0,0,0,0,0,0,0,0,0,1,0,1,1,1,1,0,1,1,0,1,1,1,0,0,1,0,0,0
s_4562_jpg,0,0,0,0,0,1,1,1,0,0,0,0,0,1,0,1,0,1,0,0,0,0,1,1,0,0,0,1,0,0,0,0
s_9272_jpg,0,0,0,0,0,0,1,0,0,0,0,0,0,1,0,1,0,1,0,0,0,0,1,1,0,0,0,1,0,0,0,0
s_4441_jpg,0,0,0,0,0,0,0,0,0,1,1,1,0,1,0,1,1,0,1,0,0,0,0,1,0,1,0,0,1,0,0,0
s_9644_jpg,0,0,0,0,0,1,1,1,0,0,0,0,0,1,0,1,0,1,0,0,0,0,1,1,0,0,0,1,0,0,0,0
s_11620_jpg,0,0,0,0,0,0,0,0,1,0,0,0,0,1,0,1,0,0,1,0,1,0,0,1,0,1,0,0,1,0,0,0
s_3375_jpg,1,1,0,1,1,0,0,0,0,0,0,0,0,1,0,1,1,1,1,0,1,1,1,1,1,1,0,0,1,0,0,0
s_6807_jpg,1,1,0,1,1,0,0,0,0,0,0,0,0,0,0,1,1,1,1,0,1,0,0,1,1,1,0,0,1,0,0,0
s_14633_jpg,0,0,0,0,0,1,1,1,0,0,0,0,0,1,0,1,0,1,0,0,0,0,1,1,0,0,0,1,0,0,0,0
s_5010_jpg,1,1,0,0,1,0,0,0,0,0,0,0,0,0,0,1,1,1,1,0,1,0,0,1,1,1,0,0,1,0,0,0
s_9954_jpg,0,1,0,1,1,0,0,0,0,0,0,0,0,1,0,1,1,1,1,0,1,1,1,1,1,1,0,0,1,0,0,0
s_4976_jpg,0,0,0,0,0,1,1,0,0,0,0,0,0,1,0,1,0,0,1,0,0,0,1,1,0,1,0,1,0,0,0,0
s_14133_jpg,1,1,1,1,1,0,0,0,0,0,0,0,0,1,0,1,1,1,1,0,1,1,1,1,1,1,0,0,1,0,0,0
s_6587_jpg,0,0,0,0,0,1,1,0,0,0,0,0,0,1,0,1,0,1,0,1,0,0,1,1,0,0,0,1,0,0,0,0
s_10308_jpg,1,1,1,1,1,0,0,0,0,0,0,0,0,1,0,1,1,1,1,0,1,1,1,1,1,1,0,0,1,0,0,0
s_7253_jpg,0,0,0,0,0,1,1,0,0,0,0,0,0,1,0,1,0,0,0,1,0,0,1,1,0,0,0,1,0,0,0,0
s_11395_jpg,0,0,0,0,0,0,0,0,0,1,1,1,0,1,0,1,1,0,1,0,0,0,0,1,0,1,0,0,1,0,0,0
s_11865_jpg,1,1,0,1,1,0,0,0,0,0,0,0,0,1,0,1,1,1,1,0,1,1,0,1,1,1,0,0,1,0,0,0
s_9254_jpg,0,0,0,0,0,1,1,1,0,0,0,0,0,1,0,1,0,1,0,0,0,0,1,1,0,0,0,1,0,0,0,0
s_7034_jpg,0,0,0,0,0,1,1,1,0,0,0,0,0,1,0,1,0,0,0,0,0,0,1,1,0,1,0,1,0,0,0,0
s_11508_jpg,1,1,1,1,1,0,0,0,0,0,0,0,0,1,0,1,1,1,1,0,1,1,1,1,1,1,0,0,1,0,0,0
s_2200_jpg,0,0,0,0,0,0,0,0,0,1,1,1,0,1,1,1,1,0,1,0,0,0,0,1,0,1,0,0,1,0,0,0
s_9341_jpg,0,0,0,0,0,1,1,1,0,0,0,0,0,1,0,1,0,0,0,1,0,0,1,1,0,0,0,1,0,0,0,0
s_4652_jpg,0,0,0,0,0,1,1,1,0,0,0,0,0,1,0,1,0,0,0,1,0,0,1,1,0,0,0,1,0,0,0,0
s_11675_jpg,0,0,0,0,0,1,1,1,0,0,0,0,0,1,0,1,0,1,0,0,0,0,1,1,0,0,0,1,0,0,0,0
s_9987_jpg,1,1,0,1,1,0,0,0,0,0,0,0,0,0,0,1,1,1,1,0,1,0,0,1,1,1,0,0,1,0,0,0
s_8573_jpg,0,0,0,0,0,1,1,1,0,0,0,0,0,1,0,1,0,1,0,0,0,0,1,1,0,0,0,1,0,0,0,0
s_11942_jpg,0,0,0,0,0,1,1,1,0,0,0,0,0,1,0,1,0,1,0,0,0,0,1,1,0,0,0,1,0,0,0,0
s_8699_jpg,0,0,0,0,0,1,1,1,0,0,0,0,0,1,0,1,0,1,0,0,0,0,1,1,0,0,0,1,0,0,0,0
s_347_jpg,0,0,0,0,0,0,0,0,0,0,0,0,0,1,0,1,1,1,1,0,0,0,0,1,1,1,0,0,1,0,0,0
s_13626_jpg,1,1,0,1,1,0,0,0,0,0,0,0,0,0,0,1,1,1,1,0,1,1,0,1,1,1,0,0,1,0,0,0
s_4902_jpg,1,1,0,1,1,0,0,0,0,0,0,0,0,0,0,1,1,1,1,0,1,1,0,1,1,1,0,0,1,0,0,0
s_2517_jpg,1,1,0,0,1,0,0,0,0,0,0,0,0,0,0,1,1,1,1,0,1,0,0,1,1,1,0,0,1,0,0,0
s_7884_jpg,1,1,0,1,1,0,0,0,0,0,0,0,0,1,0,1,1,1,1,0,1,1,1,1,1,1,0,0,1,0,0,0
s_15219_jpg,1,1,1,1,1,0,0,0,0,0,0,0,0,0,0,1,1,1,1,0,1,1,0,1,1,1,0,0,1,0,0,0
s_7233_jpg,1,1,1,1,1,0,0,0,0,0,0,0,0,1,0,1,1,1,1,0,1,1,1,1,1,1,0,0,1,0,0,0
s_2774_jpg,0,0,0,0,0,1,0,0,0,0,0,0,0,1,0,1,0,0,1,0,0,0,1,1,0,1,0,1,1,0,0,0
s_12940_jpg,0,0,0,0,0,0,0,0,0,1,1,1,0,1,0,1,1,0,1,0,0,0,0,1,0,1,0,0,1,0,0,0
s_7411_jpg,0,0,0,0,0,0,0,0,1,0,1,0,0,1,0,1,0,0,1,0,0,0,0,1,0,1,0,0,1,0,0,0
s_4770_jpg,1,1,1,1,1,0,0,0,0,0,0,0,0,1,0,1,1,1,1,0,1,1,1,1,1,1,0,0,1,0,0,0
s_2947_jpg,0,0,0,0,0,0,0,0,0,0,1,1,0,1,0,1,1,0,1,0,0,0,0,1,0,1,0,0,1,0,0,0
s_14546_jpg,0,0,0,0,0,1,1,0,0,0,0,0,0,1,0,1,0,1,0,1,0,0,1,1,0,0,0,1,0,0,0,0
s_15639_jpg,1,1,1,0,1,0,0,0,0,0,0,0,0,1,0,0,1,1,1,0,1,1,1,1,1,1,0,0,1,0,0,0
s_14719_jpg,0,0,0,0,0,0,0,0,0,1,0,1,0,1,0,0,1,0,1,0,0,0,0,1,0,1,0,0,1,0,0,0
s_273_jpg,1,1,1,1,1,0,0,0,0,0,0,0,0,0,0,1,1,1,1,0,1,1,0,1,1,1,0,0,1,0,0,0
s_12077_jpg,0,0,0,0,0,1,1,0,0,0,0,0,0,1,0,1,0,1,0,0,0,0,1,1,0,0,0,1,0,0,0,0
s_2679_jpg,1,1,1,1,1,0,0,0,0,0,0,0,0,1,0,1,1,1,1,0,1,1,1,1,1,0,0,0,1,0,0,0
s_13045_jpg,0,0,0,0,0,0,0,0,0,1,1,1,0,1,0,1,1,0,1,0,0,0,0,1,0,1,0,0,1,0,0,0
s_3858_jpg,0,1,0,1,0,0,0,0,0,0,0,0,0,1,0,1,1,1,0,0,0,1,1,1,1,1,0,0,1,0,0,0
s_14927_jpg,0,0,0,0,0,1,1,1,0,0,0,0,0,1,0,1,0,1,0,0,0,0,1,1,0,0,0,1,0,0,0,0
s_6749_jpg,0,0,0,0,1,0,1,0,0,0,0,0,0,1,0,1,0,1,0,0,0,0,1,1,0,0,0,1,1,0,0,0
s_12860_jpg,0,0,0,0,0,1,1,0,0,0,0,0,0,1,0,1,0,1,0,1,0,0,1,1,0,0,0,1,0,0,0,0
s_14240_jpg,1,0,0,0,0,0,1,0,0,0,0,0,0,1,0,1,0,1,0,0,1,0,1,1,1,0,0,1,0,0,0,0
s_11893_jpg,0,0,0,0,0,0,0,0,1,0,0,0,0,1,0,0,0,0,1,0,1,0,0,1,0,1,0,0,1,0,0,0
s_374_jpg,0,0,0,0,0,0,1,1,0,0,0,0,0,1,0,1,0,1,0,0,0,0,1,1,0,0,0,1,0,0,0,0
s_13175_jpg,0,0,0,0,0,1,1,1,0,0,0,0,0,1,0,1,0,1,0,0,0,0,1,1,0,0,0,1,0,0,0,0
s_13094_jpg,0,0,0,0,0,1,1,1,0,0,0,0,0,1,0,1,0,1,0,0,0,0,1,1,0,0,0,1,0,0,0,0
s_1808_jpg,0,0,0,0,0,1,1,0,0,0,0,0,0,1,0,1,0,0,0,1,0,0,1,1,0,0,0,1,0,0,0,0
s_3142_jpg,0,0,0,0,0,0,0,0,0,1,1,1,0,1,0,1,1,0,1,0,0,0,0,1,0,1,0,0,1,0,0,0
s_13641_jpg,1,1,0,1,1,0,0,0,0,0,0,0,0,0,0,1,1,1,1,0,1,0,0,1,1,1,0,0,1,0,0,0
s_6667_jpg,0,0,0,0,0,0,0,0,1,0,1,0,0,1,0,1,1,0,1,0,1,0,0,1,0,1,0,0,1,0,0,0
s_1749_jpg,1,1,0,1,1,0,0,0,0,0,0,0,0,0,0,1,1,1,1,0,1,0,0,1,1,1,0,0,1,0,0,0
s_14695_jpg,0,0,0,0,0,0,0,0,0,1,1,1,0,1,0,1,1,0,1,0,0,0,0,1,0,1,0,0,1,0,0,0
s_9206_jpg,0,0,0,0,0,1,0,0,0,0,0,0,0,1,0,1,0,0,0,0,0,0,1,1,0,1,0,1,0,0,0,0
s_11455_jpg,0,0,0,0,0,0,0,0,0,1,1,1,0,1,0,1,1,0,1,0,0,0,0,1,1,1,0,0,1,0,0,0
s_6888_jpg,1,0,1,1,1,0,0,0,0,0,0,0,0,0,0,1,1,1,1,0,1,1,0,1,1,1,0,0,1,0,0,0
s_8044_jpg,0,0,0,0,0,0,0,0,0,1,1,1,0,1,0,1,1,0,1,0,0,0,0,1,1,1,0,0,1,0,0,0
s_4385_jpg,0,1,0,0,0,1,0,0,0,0,0,0,0,1,0,0,1,0,0,0,0,0,1,1,0,1,0,1,1,0,0,0
s_14435_jpg,0,0,0,0,0,1,1,0,0,0,0,0,0,1,0,1,0,0,0,1,0,0,1,1,0,0,0,1,0,0,0,0
s_9351_jpg,0,1,1,1,0,0,0,0,0,0,0,0,0,1,0,1,1,1,0,0,1,1,1,1,1,1,0,0,1,0,0,0
s_13903_jpg,0,0,0,0,0,0,0,0,0,1,1,1,0,1,0,1,1,0,1,0,0,0,0,1,0,1,0,0,1,0,0,0
s_8099_jpg,0,0,0,0,0,1,1,1,0,0,0,0,0,1,0,1,0,1,0,0,0,0,1,1,0,0,0,1,0,0,0,0
s_2981_jpg,0,0,0,0,0,1,0,0,0,0,0,0,0,1,0,1,1,0,0,0,0,0,0,1,0,1,0,1,0,0,0,0
s_6021_jpg,0,0,0,0,0,0,0,0,1,0,1,0,0,1,0,1,1,0,1,0,1,0,0,1,0,1,0,0,1,0,0,0
s_11575_jpg,0,0,0,0,0,0,0,0,1,0,0,0,0,1,0,0,1,1,1,0,1,1,0,1,0,1,0,0,1,0,0,0
s_1558_jpg,0,0,0,0,0,0,0,0,1,0,1,0,0,1,0,1,1,0,1,0,1,0,0,1,0,1,0,0,1,0,0,0
s_7446_jpg,1,1,0,1,1,0,0,0,0,0,0,0,0,0,0,1,1,1,1,0,1,0,0,1,1,1,0,0,1,0,0,0
s_3810_jpg,0,1,1,1,1,0,0,0,0,0,0,0,0,1,0,0,1,1,1,0,1,1,1,1,1,1,0,0,1,0,0,0
s_1912_jpg,0,0,0,0,0,0,0,0,0,1,1,1,0,1,0,1,1,0,1,0,0,0,0,1,0,1,0,0,1,0,0,0
s_4380_jpg,1,1,0,1,1,0,0,0,0,0,0,0,0,0,0,1,1,1,1,0,1,0,0,1,1,1,0,0,1,0,0,0
s_7875_jpg,1,1,1,1,1,0,0,0,0,0,0,0,0,1,0,1,1,1,1,0,1,1,0,1,1,1,0,0,1,0,0,0
s_15660_jpg,1,1,0,0,1,0,0,0,0,0,0,0,0,0,0,1,1,1,1,0,1,0,0,1,1,1,0,0,1,0,0,0
s_6480_jpg,1,1,1,1,1,0,0,0,0,0,0,0,0,1,0,1,1,1,1,0,1,1,1,1,1,0,0,0,1,0,0,0
s_9584_jpg,0,0,0,0,0,1,1,0,0,0,0,0,0,1,0,1,0,1,0,0,0,0,1,1,0,0,0,1,0,0,0,0
s_6500_jpg,0,0,0,0,0,1,1,1,0,0,0,0,0,1,0,1,0,1,0,0,0,0,1,1,0,0,0,1,0,0,0,0
s_13312_jpg,0,0,0,0,0,0,0,0,1,0,1,0,0,1,0,1,0,0,1,0,0,0,0,1,0,1,0,0,1,0,0,0
s_10418_jpg,0,0,0,0,0,1,1,1,0,0,0,0,0,1,0,1,0,1,0,0,0,0,1,1,0,0,0,1,0,0,0,0
s_3149_jpg,0,0,0,0,0,1,1,0,0,0,0,0,0,1,0,1,0,1,0,0,0,0,1,1,0,0,0,1,0,0,0,0
s_12445_jpg,0,0,0,0,0,0,0,0,0,0,1,0,0,1,0,1,1,0,1,0,1,0,0,1,0,1,0,0,1,0,0,0
s_12886_jpg,0,0,0,0,0,0,0,0,0,1,1,1,0,1,0,1,1,0,1,0,0,0,0,1,0,1,0,0,1,0,0,0
s_4802_jpg,0,0,0,0,0,1,1,1,0,0,0,0,0,1,0,1,0,1,0,0,0,0,1,1,0,0,0,1,0,0,0,0
s_1612_jpg,0,0,0,0,0,0,0,0,0,0,1,0,0,1,0,1,1,0,1,0,0,0,0,1,0,1,0,0,1,0,0,0
s_4167_jpg,1,1,1,1,1,0,0,0,0,0,0,0,0,1,0,1,1,1,1,0,1,1,1,1,1,1,0,0,1,0,0,0
s_7291_jpg,0,0,0,0,0,0,0,0,1,0,1,0,0,1,0,1,1,0,1,0,1,0,0,1,0,1,0,0,1,0,0,0
s_3325_jpg,0,0,0,0,0,0,0,0,1,0,1,0,0,1,0,1,0,0,1,0,0,0,0,1,0,1,0,0,1,0,0,0
s_1309_jpg,0,0,0,0,1,0,0,0,1,0,0,0,0,1,0,0,1,1,1,0,1,1,0,1,0,1,0,0,1,0,0,0
s_13477_jpg,0,0,0,0,0,0,0,0,1,0,1,0,0,1,0,0,1,0,1,0,1,0,0,1,0,1,0,0,1,0,0,0
s_11637_jpg,0,1,0,1,1,0,0,0,0,0,0,0,0,1,0,1,1,1,1,0,1,0,0,1,1,1,0,0,1,0,0,0
s_11330_jpg,0,0,0,0,0,1,1,1,0,0,0,0,0,1,0,1,1,1,0,0,0,0,1,1,1,0,0,1,0,0,0,0
s_13008_jpg,1,1,0,1,0,0,0,0,0,0,0,0,0,0,0,1,1,1,1,0,1,0,0,1,1,1,0,0,1,0,0,0
s_6127_jpg,0,0,0,0,0,0,0,0,1,0,1,0,0,1,0,1,1,0,1,0,1,0,0,1,0,1,0,0,1,0,0,0
s_10515_jpg,1,1,0,1,1,0,0,0,0,0,0,0,0,1,0,1,1,1,1,0,1,1,1,1,1,1,0,0,1,0,0,0
s_1675_jpg,0,0,0,0,0,0,0,0,0,0,1,0,0,1,0,1,1,0,1,0,0,0,0,1,0,1,0,0,1,0,0,0
s_11229_jpg,1,1,1,1,1,0,0,0,0,0,0,0,0,1,0,1,1,1,1,0,1,1,1,1,1,0,0,0,1,0,0,0
s_7098_jpg,0,0,0,0,0,0,0,0,1,0,1,0,0,1,0,1,1,0,1,0,0,0,0,1,0,1,0,0,1,0,0,0
s_2221_jpg,0,0,0,0,0,0,0,0,0,0,1,0,0,1,0,1,1,0,1,0,0,0,0,1,0,1,0,0,1,0,0,0
s_2629_jpg,0,0,0,0,0,0,0,0,0,1,0,1,0,1,0,1,1,0,1,0,0,0,0,1,0,1,0,0,1,0,0,0
s_2287_jpg,0,0,0,0,0,0,0,0,0,1,1,1,0,1,0,1,1,0,1,0,0,0,0,1,1,1,0,0,1,0,0,0
s_7826_jpg,0,0,0,0,0,1,1,1,0,0,0,0,0,1,0,1,0,1,0,0,0,0,1,1,0,0,0,1,0,0,0,0
s_6177_jpg,1,1,1,1,1,0,0,0,0,0,0,0,0,1,0,1,1,1,1,0,1,1,1,1,1,1,0,0,1,0,0,0
s_8917_jpg,0,0,0,0,0,0,0,0,0,1,0,1,0,1,0,1,1,0,1,0,0,0,0,1,0,1,0,0,1,0,0,0
s_14295_jpg,1,0,1,0,1,0,0,0,0,0,0,0,0,0,0,1,1,1,1,0,1,0,0,1,1,1,0,0,1,0,0,0
s_7754_jpg,0,0,0,0,0,1,0,0,0,0,0,0,0,1,0,1,0,0,0,0,0,0,1,1,0,1,0,1,0,0,0,0
s_1189_jpg,0,0,0,0,0,0,0,0,1,0,0,0,0,1,0,0,1,0,1,0,1,0,0,1,0,1,0,0,1,0,0,0
s_12241_jpg,0,0,0,0,0,0,0,0,0,1,1,1,0,1,0,1,1,0,1,0,0,0,0,1,0,1,0,0,1,0,0,0
s_14563_jpg,0,0,0,0,0,0,0,0,1,0,0,0,0,1,0,0,0,1,1,0,1,0,0,1,0,1,0,0,1,0,0,0
s_12656_jpg,0,0,0,0,0,1,1,1,0,0,0,0,0,1,0,1,0,1,0,0,0,0,1,1,0,0,0,1,0,0,0,0
s_1239_jpg,0,1,0,0,1,0,0,0,0,0,0,0,0,1,0,1,0,1,0,0,0,1,1,1,0,0,0,1,1,0,0,0
s_5827_jpg,0,0,0,0,0,0,0,0,0,1,1,1,0,1,0,1,1,0,1,0,0,0,0,1,0,1,0,0,1,0,0,0
s_13501_jpg,0,0,0,0,0,0,0,0,0,1,1,1,0,1,0,1,1,0,1,0,0,0,0,1,1,1,0,0,1,0,0,0
s_814_jpg,0,0,0,0,0,0,0,0,0,1,1,1,0,1,0,1,1,0,1,0,0,0,0,1,0,1,0,0,1,0,0,0
s_1013_jpg,0,0,0,0,0,1,1,1,0,0,0,0,0,1,0,1,0,0,0,1,0,0,1,1,0,0,0,1,0,0,0,0
s_2808_jpg,1,1,1,1,1,0,0,0,0,0,0,0,0,1,0,1,1,1,1,0,1,1,1,1,1,1,0,0,1,0,0,0
s_11408_jpg,0,0,0,0,0,1,0,0,0,0,0,0,0,1,0,1,1,1,0,0,0,0,1,1,1,1,0,1,0,0,0,0
s_1830_jpg,1,1,0,0,1,0,0,0,0,0,0,0,0,1,1,1,1,1,1,0,1,1,1,1,1,1,0,0,1,0,0,0
s_4270_jpg,0,0,0,0,0,0,0,0,0,1,1,1,0,1,0,1,1,0,1,0,0,0,0,1,0,1,0,0,1,0,0,0
s_4131_jpg,1,1,0,1,1,0,0,0,0,0,0,0,0,1,0,1,0,1,1,0,1,1,1,1,1,0,0,0,1,0,0,0
s_7846_jpg,0,0,0,0,0,0,0,0,0,1,1,1,0,1,0,1,1,0,1,0,0,0,0,1,0,1,0,0,1,0,0,0
s_12689_jpg,0,0,0,0,0,1,1,0,0,0,0,0,0,1,0,1,0,1,0,0,1,0,1,1,0,0,0,1,0,0,0,0
s_8065_jpg,0,0,0,0,0,0,0,0,0,1,1,1,0,1,1,1,1,0,1,0,0,0,0,1,0,1,0,0,0,0,0,0
s_8629_jpg,0,0,0,0,0,0,0,0,0,1,1,1,0,1,0,1,1,0,1,0,0,0,0,1,0,1,0,0,1,0,0,0
s_5923_jpg,0,0,0,0,0,0,0,0,0,0,1,0,0,1,0,1,1,0,1,0,0,0,0,1,0,1,0,0,1,0,0,0
s_12373_jpg,0,0,0,0,0,0,0,0,0,1,1,1,0,1,0,1,1,0,1,0,0,0,0,1,0,1,0,0,1,0,0,0
s_6485_jpg,0,0,0,0,0,1,1,0,0,0,0,0,0,1,0,1,0,0,0,1,0,0,1,1,0,0,0,1,0,0,0,0
s_2262_jpg,1,1,0,1,1,0,0,0,0,0,0,0,0,1,0,1,1,1,1,0,1,1,1,1,1,1,0,0,1,0,0,0
s_7774_jpg,0,0,0,0,0,0,0,0,0,1,1,1,0,1,0,1,1,0,1,0,0,0,0,1,0,1,0,0,0,0,0,0
s_690_jpg,1,1,0,0,0,0,0,0,0,0,0,0,0,1,0,1,1,1,1,0,1,0,0,1,1,1,0,0,1,0,0,0
s_9925_jpg,0,0,0,0,0,0,0,0,0,1,1,1,0,1,0,1,1,0,1,0,0,0,0,1,0,1,0,0,1,0,0,0
s_5070_jpg,1,1,0,1,1,0,0,0,0,0,0,0,0,0,0,1,1,1,1,0,1,1,1,1,1,1,0,0,1,0,0,0
s_11028_jpg,1,1,1,0,0,0,0,0,0,0,0,0,0,1,0,1,1,1,1,0,1,1,0,1,1,1,0,0,1,0,0,0
s_1626_jpg,1,1,1,1,0,0,0,0,0,0,0,0,0,1,0,1,1,1,1,0,1,1,1,1,1,1,0,0,1,0,0,0
s_645_jpg,1,1,0,1,1,0,0,0,0,0,0,0,0,1,0,1,1,1,1,0,1,1,1,1,1,1,0,0,1,0,0,0
s_15976_jpg,0,0,0,0,0,0,0,0,0,1,1,1,0,1,0,1,1,0,1,0,0,0,0,1,0,1,0,0,1,0,0,0
s_14815_jpg,0,0,0,0,0,0,0,0,0,0,1,0,0,1,0,1,1,0,0,0,0,0,0,1,0,1,0,1,1,0,0,0
s_13011_jpg,0,0,0,0,0,1,1,0,0,0,0,0,0,1,0,1,0,1,0,0,0,0,1,1,0,0,0,1,0,0,0,0
s_15711_jpg,0,1,1,0,1,0,0,0,0,0,0,0,0,1,0,1,1,1,0,0,1,1,1,1,1,1,0,0,1,0,0,0
s_7653_jpg,0,0,0,0,0,0,0,0,1,0,1,0,0,1,0,1,1,0,1,0,0,0,0,1,0,1,0,0,1,0,0,0
s_13078_jpg,0,0,0,0,0,0,0,0,0,0,1,0,0,1,0,1,1,0,1,0,0,0,0,1,1,1,0,0,1,0,0,0
s_2370_jpg,1,1,0,1,1,0,0,0,0,0,0,0,0,0,0,1,1,1,1,0,1,1,0,1,1,1,0,0,1,0,0,0
s_13475_jpg,0,0,0,0,0,1,0,0,0,0,0,0,0,1,0,1,0,0,1,0,0,0,1,1,0,1,0,1,0,0,0,0
s_318_jpg,1,1,1,0,0,0,0,0,0,0,0,0,0,0,0,1,1,1,0,0,1,0,0,1,1,1,0,0,1,0,0,0
s_13266_jpg,1,1,0,1,1,0,0,0,0,0,0,0,0,1,0,1,1,1,1,0,1,1,1,1,1,1,0,0,1,0,0,0
s_9025_jpg,0,0,0,0,0,0,0,0,1,0,0,0,0,1,0,0,0,1,1,0,1,0,0,1,0,1,0,0,1,0,0,0
s_4346_jpg,0,0,0,0,0,0,1,1,0,0,0,0,0,1,0,1,1,1,0,0,0,0,1,1,1,1,0,1,0,0,0,0
s_335_jpg,0,0,0,0,0,1,1,0,0,0,0,0,0,1,0,1,0,1,0,0,0,0,1,1,0,0,0,1,0,0,0,0
s_10560_jpg,1,1,0,1,1,0,0,0,0,0,0,0,0,1,0,1,1,1,1,0,1,1,1,1,1,1,0,0,1,0,0,0
s_10453_jpg,0,0,0,0,0,0,0,0,1,0,0,0,0,1,0,0,1,1,1,0,1,0,0,1,0,1,0,0,1,0,0,0
s_9739_jpg,0,0,0,0,0,0,0,0,0,0,1,0,0,1,0,1,1,0,1,0,0,0,0,1,0,1,0,0,1,0,0,0
s_2155_jpg,0,0,0,0,0,0,0,0,0,1,1,1,0,1,0,1,1,0,1,0,0,0,0,1,0,1,0,0,1,0,0,0
s_13753_jpg,0,0,0,0,0,0,0,0,1,0,1,0,0,1,0,0,1,0,1,0,1,0,0,1,0,1,0,0,1,0,0,0
s_14867_jpg,0,0,0,0,0,0,1,0,0,0,0,0,0,1,0,1,0,0,0,0,0,0,1,1,0,0,0,1,0,0,0,0
s_12552_jpg,1,1,0,1,1,0,0,0,0,0,0,0,0,1,0,1,1,1,1,0,1,1,0,1,1,1,0,0,1,0,0,0
s_1854_jpg,0,1,1,0,0,0,0,0,0,0,0,0,0,1,0,1,1,1,0,0,0,1,1,1,0,1,0,0,1,0,0,0
s_14098_jpg,0,0,0,0,0,0,0,0,1,0,1,0,0,1,0,1,0,0,1,0,0,0,0,1,0,1,0,0,1,0,0,0
s_1770_jpg,1,1,1,1,1,0,0,0,0,0,0,0,0,1,0,1,1,1,1,0,1,1,1,1,1,1,0,0,1,0,0,0
s_3799_jpg,0,0,0,0,0,0,0,0,0,1,1,1,0,1,0,1,1,0,1,0,0,0,0,1,0,1,0,0,1,0,0,0
s_3523_jpg,0,0,0,0,0,0,0,0,1,0,0,0,0,1,0,0,0,0,1,0,1,0,0,1,0,1,0,0,1,0,0,0
s_3678_jpg,1,1,1,1,1,0,0,0,0,0,0,0,0,0,0,1,1,1,1,0,1,1,1,1,1,1,0,0,1,0,0,0
s_4715_jpg,0,0,0,0,0,1,1,0,0,0,0,0,0,1,0,1,0,1,0,1,0,0,1,1,0,0,0,1,0,0,0,0
s_4437_jpg,0,1,0,0,0,0,0,0,0,1,0,0,0,1,0,1,1,1,1,0,0,0,0,1,1,1,0,0,1,0,0,0
s_1666_jpg,0,0,0,0,0,0,0,0,1,0,1,0,0,1,0,1,1,0,1,0,1,0,0,1,0,1,0,0,1,0,0,0
s_10104_jpg,1,1,0,1,1,0,0,0,0,0,0,0,0,1,0,1,1,1,1,0,1,1,1,1,1,1,0,0,1,0,0,0
s_15200_jpg,0,0,0,0,0,1,1,1,0,0,0,0,0,1,0,1,0,1,0,0,0,0,1,1,0,0,0,1,0,0,0,0
s_11953_jpg,0,0,0,0,0,0,0,0,0,1,1,1,0,1,0,1,1,0,1,0,0,0,0,1,0,1,0,0,1,0,0,0
