Epoch,Alpha,commercial_train_accuracy,industrial_train_accuracy,residential_train_accuracy,commercial_val_accuracy,industrial_val_accuracy,residential_val_accuracy
0,0.5,0.7816147208213806,0.7872294187545776,0.7869037985801697,0.8295862078666687,0.8143593668937683,0.7971281409263611
3,0.5,0.8136363625526428,0.8169183135032654,0.8163945078849792,0.8218523263931274,0.8110118508338928,0.8165541887283325
6,0.5,0.814107358455658,0.8164641261100769,0.8169266581535339,0.820262610912323,0.8103747963905334,0.8106142282485962
9,0.5,0.8104843497276306,0.8173577189445496,0.8177897334098816,0.8189892768859863,0.8168745040893555,0.8131791949272156
12,0.5,0.8001461625099182,0.8163977265357971,0.8178903460502625,0.7894676327705383,0.8071106672286987,0.8002938628196716
15,0.5,0.9135587215423584,0.9235784411430359,0.8029552102088928,0.9281282424926758,0.9395848512649536,0.8137474060058594
18,0.5,0.940796434879303,0.9619103074073792,0.7977621555328369,0.9490677714347839,0.966472327709198,0.7947666645050049
21,0.5,0.9476892352104187,0.9686137437820435,0.8005979061126709,0.9561727046966553,0.9741826057434082,0.784188985824585
24,0.5,0.9564917087554932,0.9735652804374695,0.8017404675483704,0.9258877635002136,0.9261735081672668,0.7917178273200989
27,0.5,0.9632461667060852,0.9767495393753052,0.803124725818634,0.9713615775108337,0.9847631454467773,0.8049046397209167
30,0.5,0.9639673829078674,0.9762933850288391,0.802581250667572,0.9645974636077881,0.9838473200798035,0.808839738368988
33,0.5,0.9657161831855774,0.9764736294746399,0.8020673394203186,0.9687564969062805,0.9798672199249268,0.8192240595817566
36,0.5,0.9689849019050598,0.9802877902984619,0.8027840256690979,0.9772719740867615,0.9873650074005127,0.7929735779762268
39,0.5,0.9661117792129517,0.9769842624664307,0.8019291162490845,0.9809263944625854,0.9852570295333862,0.8076902627944946
42,0.5,0.9721486568450928,0.9809890389442444,0.8032146096229553,0.9596391320228577,0.9683916568756104,0.7967739701271057
45,0.5,0.972417950630188,0.9814160466194153,0.8031938672065735,0.9714320302009583,0.9778589010238647,0.8226853609085083
48,0.5,0.9739698171615601,0.9812985062599182,0.8038049340248108,0.9775834679603577,0.9806512594223022,0.7950769662857056
51,0.5,0.9769617915153503,0.9835688471794128,0.8044638633728027,0.9813647866249084,0.9844037890434265,0.8036412000656128
54,0.5,0.9770079851150513,0.98486328125,0.8045582175254822,0.9750869274139404,0.9811350703239441,0.8030198812484741
57,0.5,0.9787059426307678,0.9864180088043213,0.8049971461296082,0.9790711402893066,0.9882482886314392,0.793929398059845
60,0.5,0.9816554188728333,0.9888302087783813,0.805418074131012,0.9721193313598633,0.9834681749343872,0.8020986318588257
63,0.5,0.9784042835235596,0.9864657521247864,0.8049038648605347,0.9823772311210632,0.9874924421310425,0.8138811588287354
66,0.5,0.9817993640899658,0.9890363216400146,0.8054935932159424,0.984915018081665,0.9889435172080994,0.792273223400116
69,0.5,0.9853830337524414,0.9909534454345703,0.8056161999702454,0.98746657371521,0.9909693598747253,0.7869462370872498
72,0.5,0.9859806299209595,0.9922428131103516,0.8062306046485901,0.9926296472549438,0.9938476085662842,0.8134528398513794
75,0.5,0.9866553544998169,0.9922239780426025,0.8062875270843506,0.9920920729637146,0.99347984790802,0.8071958422660828
78,0.5,0.9853879809379578,0.9894322752952576,0.8056642413139343,0.9893974661827087,0.9931378960609436,0.7986465692520142
81,0.5,0.9875945448875427,0.9913427233695984,0.8062439560890198,0.9901134967803955,0.9949342608451843,0.7823231816291809
84,0.5,0.9892258048057556,0.9933505058288574,0.8064950704574585,0.9950610995292664,0.996321439743042,0.800149142742157
87,0.5,0.9860086441040039,0.9909393787384033,0.805353045463562,0.9744579792022705,0.9857741594314575,0.8142663240432739
90,0.5,0.9901069402694702,0.9935476779937744,0.8064159154891968,0.9931511282920837,0.9940723776817322,0.8145743608474731
93,0.5,0.9855731725692749,0.9907460808753967,0.8059306740760803,0.9882539510726929,0.9892424941062927,0.7965657711029053
96,0.5,0.9912750124931335,0.9942423701286316,0.8067760467529297,0.9879087805747986,0.9902487993240356,0.8022030591964722
99,0.5,0.9922369122505188,0.9953948855400085,0.8071142435073853,0.9895187020301819,0.9951626062393188,0.8097267746925354
