Epoch,Alpha,train_sat_kb,val_sat_kb,train_loss,val_loss,combined_val_loss,combined_train_loss,alpha,suburban_train_accuracy,miscresidential_train_accuracy,countryhouse_train_accuracy,constructionsite_train_accuracy,miscindustrial_train_accuracy,powerplant_train_accuracy,watertreatment_train_accuracy,residential_train_accuracy,industrial_train_accuracy,awning_train_accuracy,porch_train_accuracy,table_train_accuracy,tiledroof_train_accuracy,chimney_train_accuracy,pipe_train_accuracy,machine_train_accuracy,truck_train_accuracy,car_train_accuracy,suburban_val_accuracy,miscresidential_val_accuracy,countryhouse_val_accuracy,constructionsite_val_accuracy,miscindustrial_val_accuracy,powerplant_val_accuracy,watertreatment_val_accuracy,residential_val_accuracy,industrial_val_accuracy,awning_val_accuracy,porch_val_accuracy,table_val_accuracy,tiledroof_val_accuracy,chimney_val_accuracy,pipe_val_accuracy,machine_val_accuracy,truck_val_accuracy,car_val_accuracy
0,0.9,0.5231919915676116,0.620870035648346,0.32160376094281673,0.15008498376607896,0.15008498376607896,0.33712417939305306,0.9,0.8366875,0.83575,0.8875,0.919125,0.8779375,0.8329375,0.8786875,0.241,0.4933125,0.5065,0.776375,0.45125,0.724625,0.66075,0.6866875,0.877625,0.6755,0.733875,0.9325,0.98525,0.98025,0.97075,0.94475,0.85125,0.9325,0.26925,0.355,0.468,0.77325,0.55975,0.77875,0.7835,0.69375,0.90525,0.6795,0.75625
1,0.9,0.6397819030284881,0.6791901450157165,0.10949258705973625,0.08832839733362198,0.08832839733362198,0.1345651363581419,0.9,0.9596875,0.9830625,0.980875,0.97625,0.9540625,0.87325,0.932375,0.374875,0.374125,0.392875,0.7761875,0.5975625,0.774375,0.7739375,0.695125,0.904375,0.6755625,0.7655625,0.99325,0.9935,0.99825,0.98975,0.96925,0.92175,0.95475,0.421,0.3825,0.42375,0.7745,0.63575,0.825,0.812,0.69375,0.90525,0.6795,0.75625
2,0.9,0.678581710100174,0.6979363551139831,0.06899227436073124,0.07148790565133095,0.07148790565133095,0.09423487492650748,0.9,0.9879375,0.9900625,0.9928125,0.99025,0.967125,0.9216875,0.946125,0.4398125,0.395125,0.4394375,0.7925,0.645,0.7983125,0.7985,0.695125,0.904375,0.6755625,0.7668125,0.99625,0.9955,0.99975,0.99825,0.96975,0.9365,0.95775,0.45325,0.42,0.448,0.895,0.6615,0.83875,0.81425,0.69375,0.90525,0.6795,0.75625
3,0.9,0.704717689037323,0.7315909748077393,0.05534045420028269,0.05762660783529282,0.05762660783529282,0.07933463893830776,0.9,0.9921875,0.9911875,0.99475,0.99425,0.9736875,0.942375,0.949,0.472125,0.449375,0.4549375,0.914875,0.6441875,0.8104375,0.8120625,0.7210625,0.904375,0.6763125,0.82525,0.99925,0.9965,1.0,0.99925,0.98225,0.95675,0.9595,0.4515,0.528,0.45125,0.93125,0.66325,0.8305,0.823,0.7525,0.90525,0.6795,0.893
4,0.9,0.7238873594999313,0.74342378616333,0.04923717578873038,0.055266711831092837,0.055266711831092837,0.07192472154647112,0.9,0.9931875,0.9930625,0.995375,0.9958125,0.977375,0.9485625,0.952875,0.48875,0.54625,0.4653125,0.921125,0.642,0.8235625,0.8508125,0.7430625,0.9044375,0.6769375,0.880875,1.0,0.9955,1.0,1.0,0.9815,0.95525,0.96275,0.4545,0.607,0.48625,0.941,0.65775,0.84075,0.88275,0.7555,0.90525,0.6835,0.887
5,0.9,0.739128142118454,0.7566653656959533,0.04445023431442678,0.05029085497558117,0.05029085497558117,0.06609239601716399,0.9,0.9946875,0.9935,0.996875,0.995375,0.9778125,0.9531875,0.9540625,0.5113125,0.652625,0.477375,0.9254375,0.6345625,0.8281875,0.850625,0.7476875,0.90525,0.680625,0.884375,1.0,0.9975,1.0,1.0,0.98675,0.9665,0.959,0.54975,0.6665,0.45775,0.942,0.637,0.83325,0.83525,0.75725,0.9055,0.6985,0.892
6,0.9,0.7483464834690094,0.7612816615104675,0.04122276418376714,0.048402573138475416,0.048402573138475416,0.06226583879441023,0.9,0.9964375,0.9933125,0.9974375,0.9975,0.982625,0.95525,0.956,0.556,0.666625,0.4643125,0.9363125,0.6369375,0.8193125,0.8184375,0.7439375,0.906625,0.6856875,0.8920625,0.99975,0.9965,1.0,0.9995,0.9845,0.9685,0.96325,0.59175,0.667,0.4605,0.9425,0.63875,0.85425,0.803,0.75175,0.9055,0.68575,0.8935
7,0.9,0.7541795862913132,0.7654918613433838,0.039076619484461846,0.04727983139455318,0.04727983139455318,0.059750998374074694,0.9,0.997625,0.994375,0.9973125,0.9976875,0.9823125,0.9555625,0.9579375,0.6016875,0.6685,0.463125,0.9370625,0.6360625,0.8356875,0.813,0.744875,0.90625,0.691125,0.89025,1.0,0.997,1.0,0.99975,0.9835,0.97575,0.9605,0.64075,0.6665,0.45575,0.94325,0.65475,0.86125,0.79475,0.7505,0.90625,0.69025,0.89425
8,0.9,0.7608526287078857,0.7780163464546204,0.036434638445265594,0.044182449400424956,0.044182449400424956,0.05670591127127409,0.9,0.9965,0.9958125,0.9975625,0.997375,0.98325,0.958375,0.9584375,0.6286875,0.66725,0.4645625,0.9398125,0.644625,0.843125,0.8225,0.7464375,0.9128125,0.7146875,0.891,1.0,0.998,1.0,1.0,0.991,0.9625,0.96725,0.69,0.66675,0.458,0.94675,0.65125,0.88175,0.82225,0.75675,0.92725,0.74175,0.8945
9,0.9,0.769152329325676,0.7823173685073852,0.03416337075247429,0.042837263405323026,0.042837263405323026,0.053831800334155556,0.9,0.99775,0.995375,0.998125,0.998,0.98425,0.9609375,0.9603125,0.6950625,0.6699375,0.463125,0.9448125,0.6306875,0.8559375,0.828375,0.746625,0.9503125,0.73,0.894625,1.0,0.99775,1.0,0.99975,0.9885,0.9695,0.96775,0.758,0.6665,0.46425,0.94775,0.6445,0.87625,0.852,0.75975,0.9895,0.76025,0.89425
10,0.9,0.7725800943374633,0.790638382434845,0.03429379320231965,0.039628019094467164,0.039628019094467164,0.05360640402510762,0.9,0.9978125,0.995,0.9974375,0.9973125,0.985625,0.9619375,0.96175,0.722875,0.67,0.4685625,0.9528125,0.6261875,0.85675,0.845,0.7501875,0.97525,0.7396875,0.894375,0.99975,0.99775,1.0,0.99975,0.99225,0.9745,0.96575,0.7625,0.67,0.46125,0.9665,0.64325,0.882,0.8615,0.76075,0.99825,0.7575,0.8945
11,0.9,0.7792983109951019,0.7864650993347168,0.03122169441729784,0.042743939891457555,0.042743939891457555,0.05016969357430935,0.9,0.9984375,0.9960625,0.9985625,0.9983125,0.9855,0.9673125,0.962375,0.7421875,0.683125,0.4674375,0.9641875,0.623875,0.856375,0.8474375,0.7565,0.982875,0.75775,0.89625,1.0,0.9975,1.0,0.99975,0.98875,0.9645,0.973,0.7725,0.718,0.47925,0.9885,0.64025,0.8865,0.85425,0.75825,1.0,0.77925,0.89275
12,0.9,0.7823001143932342,0.7963436532020569,0.029948890745872633,0.039999657467007635,0.039999657467007635,0.048723989941179754,0.9,0.9986875,0.9959375,0.9986875,0.9985,0.987375,0.9656875,0.96325,0.7461875,0.709125,0.476,0.979,0.622875,0.8629375,0.853,0.755375,0.9853125,0.7729375,0.8938125,1.0,0.9975,1.0,1.0,0.9885,0.973,0.96175,0.78575,0.71625,0.4785,0.995,0.64075,0.88275,0.87925,0.7615,0.99975,0.822,0.89425
13,0.9,0.7854948610067367,0.7935699262619018,0.03001652809372172,0.039782197773456575,0.039782197773456575,0.04846538883075118,0.9,0.99825,0.996,0.998875,0.99925,0.987,0.9665625,0.96625,0.758,0.717375,0.48375,0.9803125,0.620875,0.8525,0.855875,0.766875,0.9860625,0.8086875,0.8938125,1.0,0.998,1.0,0.99975,0.988,0.98,0.973,0.7755,0.7365,0.4865,0.9985,0.64575,0.8835,0.8515,0.79,1.0,0.85225,0.8945
14,0.9,0.7903421825170517,0.801507435798645,0.02810105619672686,0.0382432786077261,0.0382432786077261,0.04625673200003803,0.9,0.9981875,0.9964375,0.9985,0.998625,0.9875,0.9694375,0.9681875,0.757125,0.7439375,0.4941875,0.9798125,0.6160625,0.85425,0.86175,0.7876875,0.9863125,0.83125,0.895375,1.0,0.997,1.0,1.0,0.9915,0.97725,0.96925,0.77025,0.7575,0.50625,0.99525,0.636,0.87625,0.869,0.79625,0.99925,0.85775,0.8945
15,0.9,0.7927627804279327,0.803533516407013,0.027429164360044524,0.03661676594614983,0.03661676594614983,0.04540996959619224,0.9,0.9983125,0.9961875,0.998875,0.9975,0.9900625,0.9703125,0.96875,0.759875,0.749,0.5016875,0.9845,0.625625,0.861875,0.8634375,0.801375,0.988375,0.833875,0.8960625,1.0,0.9975,1.0,0.99975,0.99425,0.97875,0.9645,0.77475,0.75125,0.508,0.998,0.62325,0.86625,0.89,0.83125,1.0,0.8595,0.8945
16,0.9,0.7949669450521469,0.8034264187812805,0.025902076393249443,0.03677243489027023,0.03677243489027023,0.04381517389789224,0.9,0.9986875,0.996625,0.9988125,0.99875,0.9894375,0.9710625,0.9678125,0.7645625,0.7490625,0.5035,0.98825,0.615875,0.8595,0.873125,0.8089375,0.991625,0.8425625,0.89725,0.99975,0.99775,1.0,1.0,0.995,0.97175,0.97375,0.764,0.75125,0.52175,0.99675,0.63975,0.87925,0.88425,0.826,1.0,0.859,0.8935
17,0.9,0.797898528456688,0.8108234734535217,0.025746784664457664,0.03416746843606234,0.03416746843606234,0.043382253190502526,0.9,0.9991875,0.996625,0.9983125,0.998375,0.9903125,0.9716875,0.9676875,0.7671875,0.749875,0.5244375,0.9893125,0.62025,0.8555625,0.8706875,0.8153125,0.9884375,0.8423125,0.8941875,1.0,0.9975,1.0,0.99975,0.995,0.97975,0.9765,0.784,0.75375,0.5285,0.99875,0.6345,0.88075,0.89775,0.84075,1.0,0.859,0.89425
18,0.9,0.7987519273757935,0.8073706007003785,0.025379000078552053,0.035015078410506245,0.035015078410506245,0.042965907162055374,0.9,0.998375,0.996625,0.99875,0.9989375,0.9894375,0.9720625,0.9704375,0.7718125,0.7493125,0.529125,0.9875625,0.6121875,0.85025,0.8725,0.815,0.990875,0.8423125,0.89875,1.0,0.99825,1.0,1.0,0.993,0.982,0.9735,0.781,0.75675,0.53025,0.99975,0.63175,0.88125,0.875,0.8255,1.0,0.8595,0.89325
19,0.9,0.8032024745941162,0.8167677702903747,0.024482054324354977,0.034799049608409405,0.034799049608409405,0.04171360125206411,0.9,0.9983125,0.9969375,0.9994375,0.9985625,0.99075,0.973625,0.96925,0.776,0.7800625,0.543875,0.989125,0.6104375,0.8646875,0.8710625,0.8238125,0.991875,0.8475625,0.896625,1.0,0.99675,1.0,0.99975,0.99375,0.97625,0.975,0.8,0.79075,0.54475,0.9995,0.623,0.88075,0.89925,0.8495,1.0,0.86,0.8945
20,0.9,0.804191068649292,0.8158335213661194,0.024130045606405474,0.032753060884773734,0.032753060884773734,0.041297933945432304,0.9,0.9984375,0.9969375,0.9985,0.998875,0.9918125,0.973375,0.969875,0.7768125,0.785625,0.5435,0.9885625,0.6128125,0.8523125,0.87325,0.8268125,0.991875,0.8493125,0.898125,1.0,0.99875,1.0,1.0,0.9955,0.98225,0.97625,0.8015,0.81375,0.54125,0.99925,0.64325,0.86575,0.88175,0.8415,1.0,0.8595,0.89425
21,0.9,0.808915007352829,0.8204145150184632,0.02280824905424379,0.031585219368338587,0.031585219368338587,0.039635923286899924,0.9,0.9989375,0.9970625,0.998875,0.9986875,0.9910625,0.975375,0.9713125,0.783875,0.8029375,0.550875,0.9903125,0.59425,0.8633125,0.875875,0.8315,0.9924375,0.8484375,0.8964375,1.0,0.99825,1.0,1.0,0.99575,0.9825,0.97725,0.81075,0.81675,0.56175,0.99925,0.569,0.87875,0.88125,0.84175,0.99975,0.85975,0.8945
22,0.9,0.8095279384851456,0.8220516510009765,0.023117049194290303,0.03141118705272675,0.03141118705272675,0.03985255025327206,0.9,0.9985625,0.996875,0.99825,0.9993125,0.99225,0.9751875,0.96975,0.779625,0.80425,0.5619375,0.9870625,0.5569375,0.865375,0.8785625,0.8295625,0.995375,0.848,0.89825,1.0,0.99725,1.0,1.0,0.99675,0.9805,0.97625,0.80775,0.8165,0.56625,0.9985,0.5455,0.8855,0.887,0.84375,1.0,0.86,0.89425
23,0.9,0.8136012159585952,0.8224327163696289,0.020985200419672764,0.032525092214345935,0.032525092214345935,0.0375265586245805,0.9,0.9988125,0.99775,0.9993125,0.9991875,0.9916875,0.977125,0.9694375,0.7876875,0.8061875,0.5670625,0.9941875,0.538125,0.86925,0.8813125,0.835625,0.995,0.8501875,0.89925,1.0,0.997,1.0,1.0,0.99425,0.982,0.97475,0.813,0.82225,0.56675,0.99975,0.5485,0.881,0.891,0.85075,1.0,0.86,0.8945
24,0.9,0.8148674213886261,0.8263110394477844,0.022131143713602797,0.032557754844427106,0.032557754844427106,0.03843128701671958,0.9,0.9983125,0.99775,0.99925,0.9986875,0.991,0.97575,0.972125,0.798,0.8125,0.569625,0.9946875,0.534875,0.8630625,0.875,0.8324375,0.99475,0.8508125,0.898,0.9995,0.9965,1.0,0.99975,0.9965,0.97525,0.97325,0.81625,0.8175,0.56425,0.9995,0.54525,0.8755,0.89225,0.84925,1.0,0.86,0.8945
25,0.9,0.8163720955848693,0.8259951586723328,0.021754839942499528,0.03177099797874689,0.03177099797874689,0.03794214626401663,0.9,0.99875,0.997,0.998375,0.999125,0.99225,0.977375,0.9725625,0.7983125,0.815375,0.56675,0.9951875,0.518,0.8643125,0.8774375,0.8316875,0.9944375,0.8525,0.899625,0.9995,0.99675,1.0,1.0,0.99625,0.98525,0.977,0.811,0.82225,0.562,0.99975,0.51175,0.86325,0.88725,0.8485,1.0,0.8595,0.8945
26,0.9,0.8198891837596893,0.8297118558883667,0.020712046763655963,0.03270424300432205,0.03270424300432205,0.03665192361734808,0.9,0.99875,0.997125,0.99875,0.9984375,0.992625,0.9789375,0.9731875,0.7985625,0.8124375,0.570375,0.9948125,0.5085625,0.86075,0.878375,0.8326875,0.995,0.8519375,0.899125,1.0,0.998,1.0,1.0,0.99125,0.9755,0.97225,0.81975,0.8235,0.562,1.0,0.52175,0.872,0.88725,0.8485,1.0,0.86025,0.8945
27,0.9,0.8239280835390091,0.8341333451271057,0.020120090349984823,0.028717651285231113,0.028717651285231113,0.035715272657573224,0.9,0.9989375,0.9976875,0.9993125,0.9988125,0.992625,0.9775625,0.9719375,0.8135625,0.816375,0.5666875,0.9946875,0.510625,0.8554375,0.875375,0.83375,0.9948125,0.853,0.89975,1.0,0.99925,1.0,1.0,0.9965,0.9865,0.979,0.84125,0.818,0.5645,1.0,0.5205,0.8815,0.88425,0.84825,1.0,0.86025,0.8945
28,0.9,0.8286213762760163,0.8379471392631531,0.01969433047126222,0.028601415105164053,0.028601415105164053,0.034862759569659826,0.9,0.998875,0.99775,0.9995625,0.9991875,0.993,0.97925,0.9735625,0.8279375,0.821875,0.568875,0.9955,0.493625,0.86325,0.875875,0.8304375,0.994,0.853125,0.8991875,1.0,0.99875,1.0,1.0,0.99575,0.98325,0.98,0.854,0.8205,0.56225,1.0,0.49475,0.8785,0.88875,0.84875,1.0,0.86025,0.8945
29,0.9,0.8318557916879654,0.8400633578300476,0.019365111130464355,0.02972996287047863,0.02972996287047863,0.0342430207375437,0.9,0.99925,0.997875,0.998875,0.9988125,0.9935625,0.979375,0.974125,0.8420625,0.822375,0.568625,0.995625,0.489375,0.8678125,0.8786875,0.8344375,0.995,0.853625,0.8995625,0.99975,0.99925,1.0,1.0,0.99625,0.98,0.97825,0.8655,0.82825,0.564,0.9995,0.494,0.88475,0.88675,0.846,1.0,0.85975,0.89425
30,0.9,0.8335068620443344,0.8409625148773193,0.019060011697700247,0.03490562026947737,0.03490562026947737,0.03380332418344915,0.9,0.998875,0.997375,0.9994375,0.9993125,0.9936875,0.981,0.974125,0.84575,0.826375,0.571375,0.9945625,0.4929375,0.8713125,0.8799375,0.83375,0.9950625,0.85625,0.8996875,1.0,0.998,1.0,0.99975,0.995,0.97475,0.97375,0.85575,0.8315,0.5645,0.9995,0.49875,0.88675,0.89675,0.843,0.99975,0.861,0.8945
31,0.9,0.8374545183181763,0.8526223526000977,0.019219120010893674,0.027715098328888417,0.027715098328888417,0.03355175604298711,0.9,0.9989375,0.997875,0.9993125,0.999,0.993875,0.980625,0.9744375,0.8576875,0.82625,0.59925,0.9936875,0.4900625,0.8731875,0.876625,0.83275,0.994125,0.856625,0.8990625,1.0,0.9995,1.0,1.0,0.99625,0.98425,0.97275,0.87375,0.825,0.64475,0.99975,0.49525,0.8835,0.8855,0.84925,0.99975,0.86,0.8945
32,0.9,0.8455800244808197,0.8505832576751708,0.018217177040176467,0.03057660034298897,0.03057660034298897,0.03183745665289461,0.9,0.9986875,0.998125,0.999,0.9995,0.993375,0.98175,0.9756875,0.86325,0.8336875,0.6414375,0.9933125,0.4988125,0.8694375,0.8770625,0.83625,0.9948125,0.85275,0.8989375,0.99975,0.9985,1.0,0.99975,0.993,0.97825,0.9755,0.87225,0.837,0.6405,0.99875,0.50775,0.88475,0.8875,0.84675,1.0,0.8585,0.89425
33,0.9,0.8603593953847886,0.8777024850845337,0.018593143979378512,0.026024308413267135,0.026024308413267135,0.030697889756411315,0.9,0.9993125,0.998,0.99925,0.999125,0.9950625,0.979875,0.973375,0.9369375,0.8336875,0.64075,0.996625,0.5041875,0.87075,0.8755,0.837875,0.9964375,0.854125,0.9001875,1.0,0.99825,1.0,1.0,0.99475,0.98325,0.97625,0.98225,0.8385,0.64275,1.0,0.51025,0.88275,0.8845,0.84875,0.99975,0.86025,0.8945
34,0.9,0.8712691445350647,0.8845711045265198,0.01881870601484843,0.02386249703913927,0.02386249703913927,0.029809920742176473,0.9,0.9989375,0.99775,0.9990625,0.999125,0.994125,0.9803125,0.9745625,0.983875,0.8456875,0.6445,0.99675,0.5185625,0.8600625,0.882375,0.8425,0.994,0.8565,0.9005,1.0,0.9995,1.0,1.0,0.997,0.985,0.97925,0.9975,0.8545,0.64625,1.0,0.535,0.883,0.89075,0.85275,1.0,0.86025,0.8945
35,0.9,0.8776137741804123,0.8906234998703003,0.017482391329831443,0.0242934698946774,0.0242934698946774,0.02797277456242591,0.9,0.99925,0.997875,0.9994375,0.999125,0.9943125,0.9823125,0.9783125,0.988,0.8669375,0.641375,0.995875,0.5468125,0.86775,0.8815,0.8445,0.994,0.85725,0.9005625,1.0,0.99925,1.0,0.99975,0.9935,0.98475,0.97725,0.99525,0.896,0.643,1.0,0.56925,0.8865,0.893,0.85075,1.0,0.8595,0.8945
36,0.9,0.8818285129070282,0.8930132937431335,0.017656680650630734,0.021545931026339532,0.021545931026339532,0.0277081610923633,0.9,0.9994375,0.9980625,0.9995,0.999375,0.9943125,0.981,0.9750625,0.9864375,0.8850625,0.645875,0.995375,0.561,0.87825,0.8826875,0.843625,0.99525,0.856625,0.9015625,1.0,0.9995,1.0,1.0,0.99725,0.9865,0.981,0.99825,0.8995,0.6455,0.99975,0.57225,0.886,0.8865,0.85375,1.0,0.86025,0.8945
37,0.9,0.8820511566400528,0.8965199341773987,0.018289873952249763,0.02225088345631957,0.02225088345631957,0.028255770578980446,0.9,0.998875,0.9978125,0.9995,0.99925,0.9953125,0.98125,0.9759375,0.987625,0.8894375,0.646375,0.9964375,0.5624375,0.8734375,0.881625,0.8465625,0.994875,0.856625,0.901,1.0,0.9995,1.0,1.0,0.998,0.97875,0.97625,0.998,0.89925,0.64275,0.99975,0.57125,0.88575,0.887,0.85075,1.0,0.8605,0.8945
38,0.9,0.8865218833684921,0.8980482430458069,0.018416195551514646,0.021601664971560238,0.021601664971560238,0.027922387368045747,0.9,0.9989375,0.9983125,0.99925,0.9988125,0.9936875,0.982375,0.976875,0.9920625,0.891875,0.645625,0.9960625,0.5631875,0.8763125,0.8861875,0.851,0.995875,0.8573125,0.900625,1.0,0.99875,1.0,1.0,0.99525,0.98775,0.9805,0.99825,0.9025,0.6415,1.0,0.5735,0.88825,0.88875,0.86175,0.99975,0.86075,0.8945
39,0.9,0.8922297524213791,0.9064272155761719,0.01694251765908848,0.021650106478482485,0.021650106478482485,0.02602529050037265,0.9,0.9991875,0.998,0.9994375,0.999,0.994875,0.982,0.976125,0.9906875,0.8951875,0.645625,0.9963125,0.563625,0.874125,0.885875,0.8650625,0.995125,0.8574375,0.901125,1.0,0.999,1.0,1.0,0.99675,0.98475,0.97725,0.99825,0.90275,0.645,1.0,0.573,0.88625,0.895,0.8945,1.0,0.8605,0.8945
40,0.9,0.8969762109518051,0.9143032727241516,0.016023309133714064,0.02207484846934676,0.02207484846934676,0.02472335698455572,0.9,0.999625,0.9981875,0.99975,0.9994375,0.9958125,0.9836875,0.9783125,0.992125,0.8966875,0.6483125,0.99675,0.5654375,0.8790625,0.8899375,0.8776875,0.9966875,0.85775,0.901875,1.0,0.9985,1.0,1.0,0.99775,0.9855,0.976,0.99825,0.9025,0.64525,1.0,0.57425,0.886,0.9065,0.89775,1.0,0.86075,0.8945
41,0.9,0.8986167050600052,0.9125653047561646,0.017102129030172365,0.019079991932958364,0.019079991932958364,0.02553024534601718,0.9,0.999375,0.9983125,0.9993125,0.9993125,0.9955625,0.9824375,0.9761875,0.992875,0.8964375,0.6490625,0.9973125,0.565625,0.878625,0.8885,0.885,0.996375,0.8573125,0.9019375,1.0,0.99925,1.0,1.0,0.99775,0.98725,0.97925,0.99875,0.9025,0.6455,1.0,0.57375,0.88625,0.8995,0.9015,1.0,0.86025,0.8945
42,0.9,0.8980148524045944,0.9029275302886963,0.016998462858013225,0.022198041900992393,0.022198041900992393,0.025497131038457157,0.9,0.9990625,0.998125,0.9993125,0.999125,0.995625,0.9831875,0.97675,0.9950625,0.89675,0.6489375,0.9981875,0.5661875,0.8751875,0.8876875,0.8903125,0.995875,0.8568125,0.9016875,1.0,0.999,1.0,1.0,0.997,0.98525,0.97975,0.998,0.901,0.648,1.0,0.574,0.8855,0.896,0.8945,1.0,0.86,0.8945
43,0.9,0.9027112486362457,0.9125994544029236,0.015690252640211837,0.02022343033924699,0.02022343033924699,0.023850102330558003,0.9,0.999,0.9976875,0.9990625,0.9996875,0.995875,0.985125,0.97825,0.9935,0.89675,0.646375,0.9981875,0.5666875,0.8766875,0.8888125,0.895375,0.997375,0.85775,0.90075,1.0,0.99925,1.0,1.0,0.99725,0.984,0.97975,0.998,0.9025,0.645,1.0,0.57375,0.884,0.9,0.898,1.0,0.86025,0.8945
44,0.9,0.9046398320198059,0.911852433681488,0.01532997215814612,0.020082364693284036,0.020082364693284036,0.023332991492934524,0.9,0.9991875,0.998625,0.9995625,0.999625,0.995875,0.98425,0.9779375,0.993625,0.89775,0.6476875,0.9985,0.5666875,0.87775,0.8845,0.89525,0.997125,0.8579375,0.90125,1.0,0.9995,1.0,1.0,0.99575,0.9885,0.98225,0.999,0.902,0.646,1.0,0.57425,0.88575,0.8895,0.90275,1.0,0.86025,0.8945
45,0.9,0.9042844434976578,0.9157668218612671,0.015813395230594322,0.020824699703603983,0.020824699703603983,0.023803611165843903,0.9,0.9991875,0.998125,0.999375,0.9994375,0.9955625,0.9835625,0.977375,0.99425,0.8985,0.6504375,0.9978125,0.5655625,0.8775,0.8844375,0.8950625,0.997125,0.856125,0.901625,1.0,0.998,1.0,1.0,0.995,0.98825,0.97675,0.999,0.90275,0.64725,1.0,0.5745,0.88675,0.8935,0.90375,1.0,0.86025,0.8945
46,0.9,0.9074639314413071,0.9113805465698243,0.015098977703572018,0.02126077477261424,0.02126077477261424,0.022842686524614693,0.9,0.9995625,0.998625,0.999625,0.9995,0.9956875,0.9850625,0.97775,0.9955,0.89925,0.6518125,0.998,0.56675,0.880125,0.8856875,0.8984375,0.997,0.8579375,0.9008125,1.0,0.99775,1.0,1.0,0.99575,0.9875,0.98075,0.99875,0.9025,0.649,1.0,0.5745,0.8875,0.89025,0.9025,1.0,0.86025,0.8945
47,0.9,0.906576939702034,0.91446124792099,0.015012451247963327,0.021535135857760908,0.021535135857760908,0.022853511872701345,0.9,0.99975,0.99825,0.9993125,0.999625,0.9953125,0.9865625,0.9791875,0.994625,0.899625,0.6518125,0.9981875,0.5673125,0.8796875,0.8846875,0.9005625,0.997875,0.8569375,0.902125,1.0,0.99625,1.0,1.0,0.9955,0.9885,0.97975,0.99725,0.90275,0.6425,1.0,0.57425,0.888,0.8905,0.90175,1.0,0.8605,0.8945
48,0.9,0.9081880227327347,0.9195451831817627,0.014741287121243658,0.019426850281655788,0.019426850281655788,0.022448355917818845,0.9,0.9995,0.998875,0.9995,0.999,0.99625,0.9849375,0.9784375,0.9961875,0.9001875,0.6564375,0.998,0.566375,0.878625,0.8836875,0.90025,0.99725,0.8573125,0.90225,1.0,0.99925,1.0,1.0,0.99825,0.99025,0.98275,0.999,0.903,0.65775,1.0,0.57425,0.8855,0.8925,0.9035,1.0,0.86025,0.8945
49,0.9,0.9103814754486084,0.9200147051811218,0.014460197305597831,0.01934527248889208,0.01934527248889208,0.02197602977510542,0.9,0.998875,0.9986875,0.999625,0.99925,0.9961875,0.985875,0.9801875,0.9940625,0.89975,0.6585625,0.9965625,0.5684375,0.87825,0.884,0.9005625,0.9969375,0.8575625,0.9025625,1.0,0.99775,1.0,1.0,0.99625,0.98875,0.982,0.9985,0.903,0.6545,1.0,0.574,0.88725,0.89325,0.90525,1.0,0.86025,0.8945
50,0.9,0.9089192137718201,0.9161674809455872,0.015080884387876721,0.0205352793186903,0.0205352793186903,0.022680874429643155,0.9,0.999625,0.997875,0.9994375,0.999125,0.9958125,0.98425,0.9795,0.9955,0.9005,0.656875,0.9978125,0.5688125,0.8796875,0.884125,0.90025,0.99775,0.85725,0.9020625,1.0,0.998,1.0,1.0,0.99825,0.9875,0.9815,0.99875,0.90175,0.653,1.0,0.57425,0.88725,0.887,0.9015,1.0,0.86025,0.8945
51,0.9,0.9091062754392624,0.9195530977249146,0.015277673854230671,0.018488323718309402,0.018488323718309402,0.022839278717525304,0.9,0.9995625,0.999,0.999375,0.9991875,0.995875,0.985625,0.9795625,0.99575,0.899625,0.6548125,0.996875,0.5671875,0.8786875,0.881625,0.9015,0.9979375,0.856,0.9021875,1.0,0.9995,1.0,1.0,0.99775,0.98925,0.9825,0.99875,0.903,0.652,1.0,0.574,0.88625,0.88725,0.9035,1.0,0.86,0.8945
