Epoch,Alpha,train_sat_kb,test_sat_kb,train_loss,test_loss,alpha,cafe_train_accuracy,hotel_train_accuracy,store_train_accuracy,misccommercial_train_accuracy,awning_train_accuracy,billboard_train_accuracy,vendingmachine_train_accuracy,statue_train_accuracy,table_train_accuracy,wallsign_train_accuracy
0,1.0,0.4944980117082596,0.5527483744621277,0.32088636672496795,0.11658729243278504,1.0,0.84875,0.8385,0.8806875,0.8325625,0.530875,0.1441875,0.7891875,0.2301875,0.3250625,0.79525
1,1.0,0.5487126531600952,0.5490851225852966,0.2077581618502736,0.09805902433395386,1.0,0.89125,0.876375,0.9650625,0.8589375,0.5529375,0.1144375,0.7785,0.698875,0.3231875,0.795625
2,1.0,0.5541768850088119,0.5503199496269227,0.1840784482434392,0.09172247219085693,1.0,0.8949375,0.884875,0.9809375,0.86725,0.5445,0.1240625,0.8191875,0.7805625,0.32275,0.795625
3,1.0,0.5549172966480255,0.5690928688049316,0.1738175852969289,0.0856288524568081,1.0,0.894375,0.892125,0.986375,0.8814375,0.5435625,0.1741875,0.826,0.6031875,0.320875,0.7955625
4,1.0,0.5596390058994293,0.5677352724075317,0.16005715742334722,0.08091724318265915,1.0,0.898,0.896,0.9910625,0.8983125,0.542875,0.177375,0.8309375,0.6155625,0.332125,0.795625
5,1.0,0.5631344935894013,0.5683833584785462,0.15544373594224453,0.07743477666378021,1.0,0.8985,0.9061875,0.990375,0.903875,0.543,0.1444375,0.8366875,0.650625,0.33825,0.795625
6,1.0,0.56754956305027,0.5715395860671997,0.14591045474261047,0.07176408764719963,1.0,0.9001875,0.91825,0.9926875,0.91125,0.542875,0.1425625,0.83825,0.739125,0.3494375,0.795625
7,1.0,0.5701133102178574,0.5743903932571411,0.13837844614684583,0.06916440090537071,1.0,0.90325,0.926875,0.9933125,0.9194375,0.543125,0.163,0.837125,0.756125,0.3465,0.795625
8,1.0,0.5742550864219665,0.5785137667655945,0.1296750625744462,0.06420005485415459,1.0,0.906875,0.9363125,0.9955,0.9226875,0.542875,0.154125,0.8554375,0.7756875,0.3454375,0.795625
9,1.0,0.5767780621051788,0.5825868139266968,0.12275634968280792,0.059441659182310105,1.0,0.913375,0.941875,0.996,0.9259375,0.542875,0.16475,0.862625,0.774125,0.3486875,0.795625
10,1.0,0.5793520694971085,0.5883110785484313,0.11841189439222216,0.05800401613116264,1.0,0.9186875,0.9448125,0.994875,0.929,0.542875,0.16975,0.8633125,0.7825625,0.353625,0.7956875
11,0.9931818181818182,0.5821240854263305,0.5857530398368835,0.1093867578022182,0.05526630586385727,0.9931818181818182,0.924,0.9553125,0.995375,0.9299375,0.542875,0.1661875,0.8705625,0.7895,0.3565,0.795625
12,0.9863636363636363,0.5846815227270127,0.5864266180992126,0.1051199041865766,0.05899340596795082,0.9863636363636363,0.9295625,0.961,0.9960625,0.93075,0.542875,0.1539375,0.8741875,0.786125,0.3615625,0.795625
13,0.9795454545454545,0.5859598572254181,0.5907877535820008,0.10132999618723988,0.05535032722353935,0.9795454545454545,0.9329375,0.96625,0.9959375,0.9295625,0.543125,0.158875,0.8809375,0.7825625,0.3651875,0.795625
14,0.9727272727272728,0.5951476030349732,0.6102204351425171,0.09405076389759778,0.057667648509144784,0.9727272727272728,0.9358125,0.97,0.9959375,0.936625,0.5429375,0.148,0.8831875,0.7908125,0.538875,0.795625
15,0.9659090909090909,0.6408929702043533,0.6675962452888489,0.09032878154702485,0.05903733886778355,0.9659090909090909,0.9426875,0.9740625,0.9964375,0.9366875,0.5428125,0.5341875,0.8858125,0.801875,0.8705,0.795625
16,0.9590909090909091,0.6687956504821777,0.6759489631652832,0.0873123914077878,0.06230858254432678,0.9590909090909091,0.941875,0.97425,0.9964375,0.9403125,0.542875,0.86275,0.8849375,0.8156875,0.891375,0.795625
17,0.9522727272727273,0.6717374275922775,0.6807171363830566,0.0844378252606839,0.058840788930654524,0.9522727272727273,0.9481875,0.9779375,0.9963125,0.9411875,0.542875,0.8806875,0.893875,0.82075,0.8910625,0.795625
18,0.9454545454545454,0.6742871843576431,0.6875493083000183,0.08076505201309919,0.06234639936685562,0.9454545454545454,0.9480625,0.9795625,0.9969375,0.9408125,0.542875,0.9414375,0.8935,0.82725,0.890125,0.795625
19,0.9386363636363636,0.6782245882749558,0.6761217784881591,0.07913447607308627,0.06639656007289886,0.9386363636363636,0.951,0.980625,0.9961875,0.9431875,0.5429375,0.9781875,0.89675,0.830625,0.8940625,0.795625
20,0.9318181818181819,0.680035770893097,0.6874923629760742,0.07582832666300238,0.06386387252807617,0.9318181818181819,0.9534375,0.98175,0.9969375,0.94575,0.542875,0.9855625,0.8985,0.8289375,0.8974375,0.795625
21,0.925,0.6804277849197388,0.6824588942527771,0.07483528701774776,0.0629743971824646,0.925,0.954375,0.9821875,0.9971875,0.9454375,0.542875,0.988375,0.902375,0.837875,0.8955625,0.795625
22,0.9181818181818182,0.6819780932664872,0.6749209051132202,0.07271728619374335,0.0671213144659996,0.9181818181818182,0.957125,0.9826875,0.997,0.9464375,0.542875,0.9896875,0.900875,0.8486875,0.892625,0.795625
23,0.9113636363636364,0.6838015500307083,0.6844910349845886,0.07027978156972677,0.06651846972107887,0.9113636363636364,0.96,0.983625,0.997,0.947875,0.542875,0.9901875,0.909625,0.8473125,0.8915625,0.795625
24,0.9045454545454545,0.6844058029651642,0.6852096076011658,0.06970240900665521,0.06879592376947403,0.9045454545454545,0.96275,0.98375,0.9964375,0.949,0.542875,0.9911875,0.9106875,0.8496875,0.89725,0.795625
25,0.8977272727272727,0.688862855553627,0.6989716558456421,0.06596625783108175,0.06902869829535484,0.8977272727272727,0.961875,0.9864375,0.9976875,0.9515,0.542875,0.9925625,0.9093125,0.8525,0.894875,0.8915
26,0.8909090909090909,0.6927765250205994,0.697708824634552,0.06573682577162981,0.06772963917255402,0.8909090909090909,0.9646875,0.984875,0.9976875,0.9499375,0.542875,0.9949375,0.909875,0.859375,0.8948125,0.980375
27,0.884090909090909,0.694173653125763,0.6986315355300904,0.0648413667101413,0.06714729878306389,0.884090909090909,0.966875,0.986625,0.997,0.9510625,0.542875,0.9943125,0.9125,0.8681875,0.8954375,0.984375
28,0.8772727272727273,0.6946552234888077,0.700078073978424,0.06353749429062008,0.06822149723768234,0.8772727272727273,0.96575,0.986625,0.99625,0.9539375,0.542875,0.9939375,0.913125,0.8725,0.8953125,0.983
29,0.8704545454545455,0.6939256888628006,0.6941558413505554,0.06322879234142602,0.07291897311806679,0.8704545454545455,0.9659375,0.98675,0.9974375,0.9528125,0.542875,0.9948125,0.913625,0.8756875,0.893875,0.985125
30,0.8636363636363636,0.6961839849948883,0.7007381691932678,0.0601668927744031,0.07318454721570015,0.8636363636363636,0.9685625,0.988375,0.99775,0.9539375,0.542875,0.9963125,0.91475,0.8755,0.8946875,0.98625
31,0.8568181818181818,0.6970425845384598,0.6954542932510376,0.059200192445889116,0.07576051506400108,0.8568181818181818,0.969625,0.988375,0.9973125,0.956875,0.542875,0.9955,0.9148125,0.873,0.896,0.983375
32,0.85,0.6971193422079086,0.693208791732788,0.05949805099423975,0.08105075654387474,0.85,0.9700625,0.98825,0.9973125,0.955375,0.542875,0.994875,0.9145625,0.8746875,0.8928125,0.98725
33,0.8431818181818183,0.69782424223423,0.7003877668380737,0.05844139529857784,0.08088982784748078,0.8431818181818183,0.9708125,0.9895,0.9978125,0.956125,0.542875,0.9961875,0.9158125,0.8735625,0.8930625,0.9875625
34,0.8363636363636364,0.6976783930063247,0.6873891034126282,0.05821552371326834,0.08869771772623063,0.8363636363636364,0.970125,0.988875,0.99725,0.9570625,0.542875,0.9955,0.9185625,0.8795,0.8888125,0.988125
35,0.8295454545454546,0.6985618671178818,0.6978305621147156,0.05623441544547677,0.08276517912745476,0.8295454545454546,0.9725625,0.98875,0.99775,0.959875,0.542875,0.996,0.918875,0.87975,0.8881875,0.986375
36,0.8227272727272728,0.6986044267416001,0.7066147389411926,0.05629495815234259,0.08369894713163376,0.8227272727272728,0.97225,0.9890625,0.9968125,0.957875,0.542875,0.9948125,0.919125,0.8784375,0.89125,0.987875
37,0.8159090909090909,0.6991489127874374,0.7032024173736572,0.055532159260008485,0.08624776127934455,0.8159090909090909,0.973625,0.98975,0.9973125,0.9575,0.542875,0.995375,0.919125,0.881,0.8881875,0.9886875
38,0.8090909090909091,0.6998473988771439,0.7006925115585327,0.05455663849320263,0.08568802735209465,0.8090909090909091,0.97225,0.9894375,0.9980625,0.9610625,0.542875,0.996375,0.9183125,0.8846875,0.8866875,0.9893125
39,0.8022727272727272,0.7003336133956909,0.6993157739639282,0.05330948884459213,0.0872366506755352,0.8022727272727272,0.97525,0.9900625,0.99775,0.95975,0.542875,0.9971875,0.9216875,0.8806875,0.8893125,0.98875
40,0.7954545454545454,0.7000583684444428,0.7028691282272339,0.053910329141188415,0.08819292783737183,0.7954545454545454,0.972,0.9899375,0.9976875,0.9625,0.542875,0.997125,0.9181875,0.8745625,0.88525,0.9894375
41,0.7886363636363636,0.7011666362285613,0.7038099598884583,0.0526505686044693,0.09111478871107101,0.7886363636363636,0.9735625,0.9904375,0.997625,0.9606875,0.542875,0.9964375,0.9214375,0.877875,0.887125,0.9898125
42,0.7818181818181819,0.7008572266101837,0.7021674423217773,0.05240537967416458,0.09398798453807831,0.7818181818181819,0.9715,0.9901875,0.997125,0.96425,0.542875,0.99625,0.9203125,0.8818125,0.8865,0.9891875
43,0.775,0.7025312402248383,0.7004905676841736,0.050989586851559576,0.0942468393445015,0.775,0.974,0.9906875,0.9966875,0.967,0.542875,0.99675,0.9203125,0.87925,0.8840625,0.98975
44,0.7681818181818182,0.7037183693647384,0.6962338519096375,0.047692561118863525,0.10424466878175735,0.7681818181818182,0.9755,0.9918125,0.99825,0.9669375,0.542875,0.997625,0.9223125,0.880625,0.8850625,0.9906875
45,0.7613636363636364,0.7030418742895126,0.6977211194038391,0.04918163696210832,0.10323070472478867,0.7613636363636364,0.97525,0.9911875,0.9976875,0.967625,0.542875,0.9964375,0.9211875,0.8778125,0.8846875,0.9901875
46,0.7545454545454545,0.7035052251815795,0.7066370916366577,0.048727458076085896,0.09990020161867141,0.7545454545454545,0.9755625,0.9908125,0.9976875,0.9675,0.571,0.9969375,0.92225,0.87975,0.8850625,0.99075
47,0.7477272727272728,0.7102760100364685,0.709730167388916,0.04903526626434177,0.09959830558300019,0.7477272727272728,0.97575,0.990125,0.9975625,0.968,0.7105625,0.9969375,0.9238125,0.879375,0.8851875,0.9898125
48,0.740909090909091,0.7107338528633118,0.7111096391677857,0.04709766305191442,0.09991715109348297,0.740909090909091,0.976625,0.991125,0.9975625,0.9701875,0.7141875,0.99725,0.9235,0.8823125,0.88375,0.9899375
49,0.7340909090909091,0.7115918555259705,0.7130527920722961,0.044737430221401156,0.10208670490980148,0.7340909090909091,0.9769375,0.991,0.998125,0.972125,0.718625,0.9970625,0.9236875,0.8819375,0.880125,0.9905625
50,0.7272727272727273,0.7116814578771591,0.7058794784545899,0.04533788579981774,0.11141403979063035,0.7272727272727273,0.977,0.9915,0.99725,0.9715,0.7171875,0.997,0.9243125,0.88,0.8841875,0.991125
51,0.7204545454545455,0.7122217129468917,0.7093256778717041,0.044934313178062436,0.10725290721654893,0.7204545454545455,0.975625,0.9914375,0.998,0.972125,0.7179375,0.9976875,0.923625,0.8821875,0.8805,0.9908125
52,0.7136363636363636,0.7114659724235535,0.7114297404289246,0.04633084818441421,0.10837998282909393,0.7136363636363636,0.9769375,0.990125,0.9979375,0.9726875,0.7175,0.9971875,0.9243125,0.8836875,0.8770625,0.9895
53,0.7068181818181818,0.7131378569602966,0.7093296103477478,0.042546771904453634,0.1090311188697815,0.7068181818181818,0.977,0.9924375,0.997875,0.974125,0.7194375,0.99775,0.9255,0.88375,0.8728125,0.991375
54,0.7,0.7129250402450562,0.7109939451217652,0.043889544153120366,0.11168815129995346,0.7,0.9785625,0.9925625,0.9974375,0.9733125,0.7193125,0.99675,0.92525,0.884625,0.8755,0.9916875
55,0.6931818181818181,0.7125892289876938,0.7078522305488586,0.044900715990923344,0.11585656833648682,0.6931818181818181,0.9765,0.9920625,0.9975625,0.9730625,0.720125,0.99725,0.9243125,0.886125,0.8751875,0.9916875
56,0.6863636363636364,0.712942754149437,0.711847186088562,0.043892313514836134,0.11348797768354416,0.6863636363636364,0.9775,0.9913125,0.9975625,0.9741875,0.720875,0.99725,0.925375,0.8893125,0.876,0.991125
57,0.6795454545454546,0.7147527892589569,0.7120101284980774,0.04151097244769335,0.1152116032242775,0.6795454545454546,0.9778125,0.9924375,0.9976875,0.976625,0.7229375,0.9975625,0.926125,0.888625,0.875375,0.9916875
58,0.6727272727272727,0.7134833596944808,0.7156784262657165,0.043561583334580066,0.11763221025466919,0.6727272727272727,0.9790625,0.9908125,0.9973125,0.9740625,0.7230625,0.9974375,0.926875,0.889375,0.8754375,0.9906875
59,0.6659090909090909,0.7140601047277451,0.7123394503593444,0.04179934430681169,0.11987309271097184,0.6659090909090909,0.9789375,0.9928125,0.997625,0.9743125,0.7209375,0.997625,0.9268125,0.8840625,0.8779375,0.9923125
60,0.6590909090909092,0.7147335296869278,0.7125001215934753,0.0414717730069533,0.1221740962266922,0.6590909090909092,0.97925,0.9920625,0.9981875,0.9756875,0.7215625,0.997875,0.9261875,0.886375,0.874,0.9923125
61,0.6522727272727273,0.7147098709344863,0.7118487348556518,0.042039999081287534,0.12341894072294235,0.6522727272727273,0.981,0.9918125,0.9971875,0.975875,0.721875,0.99725,0.928375,0.88625,0.8714375,0.9910625
62,0.6454545454545455,0.7157225916385651,0.7081368403434753,0.03851702872198075,0.12876416313648223,0.6454545454545455,0.9788125,0.9924375,0.997625,0.9789375,0.7255625,0.997125,0.9268125,0.887625,0.8714375,0.993
63,0.6386363636363637,0.7154192733764648,0.7157278861999512,0.03825732608232647,0.1267141612768173,0.6386363636363637,0.980625,0.992375,0.997875,0.9778125,0.724625,0.9975625,0.929,0.88875,0.8721875,0.99225
64,0.6318181818181818,0.7152603808641433,0.710657157421112,0.039579557517310605,0.13119596815109252,0.6318181818181818,0.98,0.993,0.9975625,0.9760625,0.7235,0.997625,0.928,0.889,0.8715625,0.992625
65,0.625,0.7155715366601944,0.7132082767486573,0.03852441477566026,0.129860003054142,0.625,0.9805625,0.993,0.9979375,0.97675,0.7246875,0.9976875,0.929375,0.8893125,0.8699375,0.9921875
66,0.6181818181818182,0.7158514679670334,0.7094619193077087,0.0406144079475198,0.13595391279459,0.6181818181818182,0.979625,0.9928125,0.9973125,0.977375,0.724,0.9971875,0.928125,0.8895625,0.873625,0.9916875
67,0.6113636363636363,0.7157853195667266,0.7136915588378906,0.038630669730366204,0.13347629487514495,0.6113636363636363,0.9805,0.99325,0.9980625,0.9769375,0.722625,0.9978125,0.927375,0.8894375,0.875625,0.9925625
68,0.6045454545454546,0.7153267441987992,0.7131009368896485,0.04210414069006219,0.13823066437244416,0.6045454545454546,0.979875,0.9925625,0.996875,0.9758125,0.726375,0.996625,0.92825,0.889,0.873625,0.9921875
69,0.5977272727272727,0.7172200429439545,0.7132604503631592,0.03609168863343075,0.13888813310861586,0.5977272727272727,0.982375,0.99225,0.998125,0.9805625,0.7279375,0.9980625,0.9306875,0.889625,0.8734375,0.992375
70,0.5909090909090909,0.7158994735479355,0.714399838924408,0.0396964963262435,0.13922971868515013,0.5909090909090909,0.9791875,0.9918125,0.99775,0.97775,0.7260625,0.9973125,0.927625,0.8895,0.874375,0.9914375
