Epoch,Alpha,hotel_train_accuracy,store_train_accuracy,constructionsite_train_accuracy,suburban_train_accuracy,rule_hotel_impl_car_train_accuracy,rule_store_impl_car_train_accuracy,rule_constructionsite_impl_car_train_accuracy,rule_suburban_impl_pipe_train_accuracy,rule_suburban_impl_car_train_accuracy,hotel_val_accuracy,store_val_accuracy,constructionsite_val_accuracy,suburban_val_accuracy,rule_hotel_impl_car_val_accuracy,rule_store_impl_car_val_accuracy,rule_constructionsite_impl_car_val_accuracy,rule_suburban_impl_pipe_val_accuracy,rule_suburban_impl_car_val_accuracy
0,0.7,0.5444455742835999,0.4876039922237396,0.5098792910575867,0.548165500164032,0.7702721357345581,0.9752663969993591,0.9322457909584045,0.8978860378265381,0.9978571534156799,0.5519362688064575,0.5475728511810303,0.5271586179733276,0.5416004061698914,0.7328518033027649,0.9078931212425232,0.8544232845306396,0.769166886806488,0.9983897805213928
1,0.7,0.5896700620651245,0.5587394833564758,0.5910360813140869,0.6174200177192688,0.6878721714019775,0.9642744064331055,0.9497586488723755,0.8456933498382568,0.9997384548187256,0.6342490315437317,0.5865650773048401,0.6943444013595581,0.7553364634513855,0.5867518782615662,0.9928708076477051,0.9986613988876343,0.9957271218299866,0.9998683929443359
2,0.7,0.6872784495353699,0.6551615595817566,0.7802004814147949,0.8293336033821106,0.6403511166572571,0.9875168800354004,0.9970491528511047,0.9907013177871704,0.99986732006073,0.7030234336853027,0.7107816934585571,0.8311478495597839,0.8818772435188293,0.573697030544281,0.9880719184875488,0.9993206262588501,0.9960044622421265,0.9998705983161926
3,0.7,0.751115083694458,0.7950173616409302,0.8537651896476746,0.884964644908905,0.6225290894508362,0.9466621279716492,0.9949321746826172,0.9940869808197021,0.9998701214790344,0.7931803464889526,0.8501753211021423,0.8876925706863403,0.9261425733566284,0.6296735405921936,0.8735759258270264,0.9984723925590515,0.9989194273948669,0.9998705387115479
4,0.7,0.8057922720909119,0.8448371291160583,0.8963519930839539,0.9153706431388855,0.7036261558532715,0.8510442972183228,0.9976474046707153,0.9937793016433716,0.9998624324798584,0.8332911729812622,0.8865020275115967,0.9227554798126221,0.9451386332511902,0.7673817276954651,0.8230436444282532,0.9983576536178589,0.9997957944869995,0.9998705387115479
5,0.7,0.8337869048118591,0.8675566911697388,0.9169568419456482,0.9314479231834412,0.7824915647506714,0.8256573677062988,0.9976198077201843,0.9931175708770752,0.9998608231544495,0.8573310375213623,0.8982162475585938,0.9568502902984619,0.967944860458374,0.8025671243667603,0.8184799551963806,0.9998212456703186,0.9998058080673218,0.9998705387115479
6,0.7,0.8503838777542114,0.8842589855194092,0.9343457818031311,0.9435387253761292,0.7994625568389893,0.8233073353767395,0.9981254935264587,0.9961085915565491,0.9998708963394165,0.8566727638244629,0.913646399974823,0.9446796178817749,0.9668156504631042,0.811522901058197,0.8192063570022583,0.9965149164199829,0.9998538494110107,0.9998705983161926
7,0.7,0.8590917587280273,0.8980574011802673,0.9386894702911377,0.9493204355239868,0.8022112250328064,0.8209702372550964,0.9977417588233948,0.9972560405731201,0.9998660087585449,0.8804165124893188,0.9340047836303711,0.9707004427909851,0.976753830909729,0.807285487651825,0.8101083636283875,0.9998230934143066,0.9998552203178406,0.9998705387115479
8,0.7,0.873435914516449,0.9104475378990173,0.9522201418876648,0.9613280892372131,0.8055720925331116,0.8200014233589172,0.9989665150642395,0.9978826642036438,0.9998694062232971,0.8939564228057861,0.9502820372581482,0.9750875234603882,0.986880898475647,0.8011250495910645,0.8126099109649658,0.999525785446167,0.9998582601547241,0.999867856502533
9,0.7,0.8814824223518372,0.9233799576759338,0.9588195085525513,0.9662139415740967,0.8134573698043823,0.8155906200408936,0.9992584586143494,0.9980138540267944,0.9998647570610046,0.8915599584579468,0.9545741081237793,0.9755342602729797,0.9843518137931824,0.8193590044975281,0.8011552691459656,0.999679446220398,0.9998107552528381,0.9998674988746643
10,0.7,0.8894949555397034,0.9360460638999939,0.9626984000205994,0.9708108305931091,0.8182748556137085,0.816461443901062,0.9996787905693054,0.9979125261306763,0.999864935874939,0.9151369333267212,0.961066484451294,0.9738978147506714,0.9854046702384949,0.8271431922912598,0.8152220249176025,0.9998072385787964,0.9998419284820557,0.9998660683631897
11,0.7,0.8970913887023926,0.9349132776260376,0.9659337997436523,0.9710090160369873,0.8222306370735168,0.8166662454605103,0.9995961785316467,0.9983780384063721,0.999861478805542,0.9220929145812988,0.9683811068534851,0.9846667647361755,0.9891038537025452,0.8251374363899231,0.807649552822113,0.9998126029968262,0.9997870922088623,0.9998664259910583
12,0.7,0.9082818627357483,0.9427195191383362,0.966151237487793,0.9730526208877563,0.8296099305152893,0.8142853379249573,0.9993005990982056,0.9974570870399475,0.999864399433136,0.8910704851150513,0.9703324437141418,0.9732471108436584,0.9812382459640503,0.8218498826026917,0.8113638162612915,0.9997798800468445,0.9998096823692322,0.9998646974563599
13,0.7,0.9156292676925659,0.9508859515190125,0.9726503491401672,0.9793210029602051,0.8328372240066528,0.8196046352386475,0.9991028904914856,0.9963435530662537,0.9998655319213867,0.9273727536201477,0.9733201265335083,0.9872051477432251,0.9900858998298645,0.8285359740257263,0.8126847147941589,0.9998126029968262,0.9998102188110352,0.9998651146888733
14,0.7,0.9175230264663696,0.9533795714378357,0.9738765954971313,0.9778273105621338,0.833893358707428,0.8215062022209167,0.9991987347602844,0.996541440486908,0.9998632073402405,0.9238923192024231,0.9782001972198486,0.9830573201179504,0.9897684454917908,0.8255826234817505,0.8178567886352539,0.9994428157806396,0.9998414516448975,0.9998646378517151
15,0.7,0.9244685173034668,0.9593150615692139,0.9779916405677795,0.9807229042053223,0.8378053307533264,0.822128176689148,0.9995272159576416,0.9975394606590271,0.9998646974563599,0.9395430088043213,0.9844432473182678,0.9867514967918396,0.9923180341720581,0.8328040838241577,0.8199236392974854,0.9998130202293396,0.9998237490653992,0.9998643398284912
16,0.7,0.9279205203056335,0.9628545045852661,0.9777639508247375,0.9809816479682922,0.8366713523864746,0.8240918517112732,0.9991979002952576,0.9972770810127258,0.9998593926429749,0.9508426189422607,0.9890624284744263,0.9929822683334351,0.9933779239654541,0.8361477851867676,0.8175984025001526,0.9998301267623901,0.9998403787612915,0.9998643398284912
17,0.7,0.933410108089447,0.9666115641593933,0.9803083539009094,0.9819614291191101,0.8391108512878418,0.823947012424469,0.9995009303092957,0.9976813793182373,0.9998467564582825,0.931744396686554,0.9763131141662598,0.9853155612945557,0.9879732131958008,0.8270053863525391,0.8200945258140564,0.9997701644897461,0.9997186064720154,0.9998633861541748
18,0.7,0.9328472018241882,0.9692621827125549,0.9811376333236694,0.9841796159744263,0.838658332824707,0.8264545798301697,0.9996786117553711,0.998695969581604,0.9998618364334106,0.9258335828781128,0.9865744709968567,0.985453188419342,0.986526370048523,0.8274583220481873,0.8257521986961365,0.9998175501823425,0.9997550249099731,0.9998605847358704
19,0.7,0.932645857334137,0.970758855342865,0.9804168343544006,0.9829475283622742,0.8358505368232727,0.8299751877784729,0.9996957778930664,0.9988064765930176,0.9998486042022705,0.9543591141700745,0.9850789904594421,0.9920942783355713,0.9940133094787598,0.8321666121482849,0.8219363689422607,0.9998424053192139,0.999822199344635,0.9998611211776733
20,0.7,0.9373586773872375,0.9726406335830688,0.9804581999778748,0.982625424861908,0.8386180996894836,0.8284980058670044,0.9997247457504272,0.9986036419868469,0.9998565912246704,0.9460693597793579,0.9910731911659241,0.9899821281433105,0.9902320504188538,0.8353891372680664,0.8211585879325867,0.999838650226593,0.9997695088386536,0.9998607039451599
21,0.7,0.9411666989326477,0.9696267247200012,0.9832265377044678,0.9842419624328613,0.8388025760650635,0.8286010026931763,0.9996433258056641,0.9982817769050598,0.9998572468757629,0.9575268030166626,0.9921674728393555,0.9922991394996643,0.9930467009544373,0.8329559564590454,0.824976921081543,0.99984210729599,0.9998229146003723,0.9998599886894226
22,0.7,0.9404973983764648,0.969328761100769,0.9825186133384705,0.9825462102890015,0.8375371098518372,0.8289733529090881,0.9996844530105591,0.9985323548316956,0.999857485294342,0.9557933211326599,0.9935030341148376,0.995796263217926,0.9949702024459839,0.8300374746322632,0.8219960331916809,0.9998480677604675,0.9998255968093872,0.9998603463172913
23,0.7,0.9428071975708008,0.9744151830673218,0.9842531085014343,0.9855290651321411,0.8382855653762817,0.8293992280960083,0.9997235536575317,0.9990425705909729,0.9998511075973511,0.9623807668685913,0.9914299845695496,0.9946698546409607,0.9936124086380005,0.8334357142448425,0.8236476182937622,0.9998491406440735,0.9998239874839783,0.9998597502708435
24,0.7,0.9426340460777283,0.974631667137146,0.9840266108512878,0.9840248823165894,0.8381381630897522,0.8281547427177429,0.9995828866958618,0.9990392923355103,0.9998513460159302,0.9571599960327148,0.9790382981300354,0.9966003894805908,0.995579719543457,0.8312683701515198,0.8133917450904846,0.9998460412025452,0.9998247027397156,0.9998598694801331
25,0.7,0.9464525580406189,0.974120557308197,0.9846552610397339,0.985188901424408,0.8383525013923645,0.831779420375824,0.9991613626480103,0.9988886117935181,0.9998565316200256,0.9524065256118774,0.9940780401229858,0.9940643310546875,0.9929065704345703,0.8310213088989258,0.8218687772750854,0.9998465180397034,0.9998184442520142,0.9998596906661987
26,0.7,0.9466200470924377,0.9772884845733643,0.9867761731147766,0.9860689640045166,0.8384324312210083,0.8303257822990417,0.9997022151947021,0.9980911016464233,0.9998559355735779,0.9674192070960999,0.9948968887329102,0.994799792766571,0.993581235408783,0.8347291350364685,0.8214725255966187,0.999843418598175,0.9998213648796082,0.9998599886894226
27,0.7,0.9532010555267334,0.9800090789794922,0.9871939420700073,0.98674476146698,0.8385446667671204,0.8291353583335876,0.9996224045753479,0.9984800219535828,0.9998571276664734,0.9670289158821106,0.9913362264633179,0.9929907917976379,0.9915844798088074,0.8330259323120117,0.824225902557373,0.9998347163200378,0.9997923970222473,0.9998598098754883
28,0.7,0.9562450051307678,0.9810988903045654,0.9883189797401428,0.9886188507080078,0.8393771648406982,0.8305580615997314,0.9996629357337952,0.9991804361343384,0.9998568892478943,0.9772164821624756,0.9959321022033691,0.9974477291107178,0.9960660934448242,0.8356447815895081,0.8267595767974854,0.9998537302017212,0.9998182654380798,0.9998589754104614
