Epoch,Alpha,train_sat_kb,val_sat_kb,train_loss,val_loss,combined_val_loss,combined_train_loss,alpha,cafe_train_accuracy,hotel_train_accuracy,restaurant_train_accuracy,store_train_accuracy,misccommercial_train_accuracy,suburban_train_accuracy,miscresidential_train_accuracy,countryhouse_train_accuracy,constructionsite_train_accuracy,miscindustrial_train_accuracy,powerplant_train_accuracy,watertreatment_train_accuracy,door_train_accuracy,window_train_accuracy,awning_train_accuracy,billboard_train_accuracy,porch_train_accuracy,sign_train_accuracy,table_train_accuracy,tiledroof_train_accuracy,tiledrooftop_train_accuracy,vendingmachine_train_accuracy,wallsign_train_accuracy,statue_train_accuracy,chimney_train_accuracy,pipe_train_accuracy,machine_train_accuracy,truck_train_accuracy,car_train_accuracy,residential_train_accuracy,commercial_train_accuracy,industrial_train_accuracy,cafe_val_accuracy,hotel_val_accuracy,restaurant_val_accuracy,store_val_accuracy,misccommercial_val_accuracy,suburban_val_accuracy,miscresidential_val_accuracy,countryhouse_val_accuracy,constructionsite_val_accuracy,miscindustrial_val_accuracy,powerplant_val_accuracy,watertreatment_val_accuracy,door_val_accuracy,window_val_accuracy,awning_val_accuracy,billboard_val_accuracy,porch_val_accuracy,sign_val_accuracy,table_val_accuracy,tiledroof_val_accuracy,tiledrooftop_val_accuracy,vendingmachine_val_accuracy,wallsign_val_accuracy,statue_val_accuracy,chimney_val_accuracy,pipe_val_accuracy,machine_val_accuracy,truck_val_accuracy,car_val_accuracy,residential_val_accuracy,commercial_val_accuracy,industrial_val_accuracy
0,0.5,0.7642805862426758,0.7730881986618042,0.6836997352838516,0.6684859976768494,0.44769889950752256,0.459709574341774,0.5,0.7368125,0.795625,0.8781875,0.78175,0.7655625,0.222625,0.2755,0.13725,0.904375,0.85,0.8125,0.8131875,0.330875,0.3346875,0.540625,0.766625,0.222625,0.713375,0.6613125,0.6641875,0.673125,0.1836875,0.795625,0.873875,0.7235625,0.31275,0.87975,0.6751875,0.234375,0.375625,0.6485625,0.6531875,0.763,0.797,0.876,0.78925,0.8045,0.2255,0.2765,0.13825,0.90525,0.8535,0.8285,0.86075,0.346,0.336,0.54,0.78925,0.2255,0.7045,0.6675,0.66575,0.68875,0.18625,0.797,0.8885,0.71975,0.30625,0.90525,0.6795,0.24375,0.3325,0.66675,0.6665
3,0.5,0.773822928071022,0.7778312826156616,0.3445795322358608,0.3266340798139572,0.2744014002084732,0.28537830331921576,0.5,0.867375,0.795625,0.8781875,0.8015,0.8044375,0.222625,0.6076875,0.2784375,0.904375,0.85,0.8351875,0.71625,0.3313125,0.3346875,0.542875,0.8015,0.222375,0.7145,0.6731875,0.664125,0.395,0.1836875,0.795625,0.8895,0.6936875,0.414875,0.904375,0.62125,0.33025,0.87925,0.8845,0.8593125,0.84,0.797,0.876,0.78925,0.8045,0.2255,0.62375,0.34225,0.90525,0.8535,0.8285,0.73,0.346,0.336,0.54,0.78925,0.2255,0.7045,0.6675,0.66575,0.396,0.18675,0.797,0.8885,0.63,0.40225,0.90525,0.57825,0.37325,0.917,0.881,0.8685
6,0.5,0.7818764245510101,0.7876802611351014,0.26609515807032585,0.2483381022810936,0.23032892167568206,0.24210936835408212,0.5,0.8769375,0.795625,0.8781875,0.8015,0.8044375,0.222625,0.6335,0.368125,0.904375,0.85,0.8351875,0.7554375,0.48375,0.354875,0.542875,0.8015,0.2225625,0.7145,0.67275,0.658375,0.42175,0.1836875,0.795625,0.8895,0.6630625,0.409375,0.904375,0.605,0.291375,0.9205625,0.9178125,0.9234375,0.88675,0.797,0.876,0.78925,0.8045,0.2255,0.6395,0.3375,0.90525,0.8535,0.8285,0.75125,0.53225,0.34575,0.54,0.78925,0.2255,0.7045,0.6675,0.6645,0.439,0.18625,0.797,0.8885,0.633,0.4215,0.90525,0.6155,0.2995,0.915,0.92825,0.932
9,0.5,0.7799360679388047,0.7920723810195923,0.19218918298184873,0.18832566505670548,0.19812664425373078,0.20612655928730964,0.5,0.8866875,0.795625,0.8781875,0.8015,0.8044375,0.222625,0.6065,0.3410625,0.904375,0.85,0.8351875,0.782625,0.522625,0.357375,0.542875,0.8015,0.222625,0.7145,0.6730625,0.6640625,0.4125625,0.1836875,0.795625,0.8894375,0.5854375,0.39525,0.904375,0.5866875,0.3088125,0.94775,0.94525,0.9594375,0.891,0.797,0.876,0.78925,0.8045,0.2255,0.577,0.26975,0.90525,0.8535,0.8285,0.81325,0.5405,0.38025,0.54,0.78925,0.2255,0.7045,0.6675,0.66575,0.4105,0.18625,0.797,0.8885,0.56,0.3905,0.90525,0.57275,0.35475,0.92225,0.95925,0.96125
12,0.5,0.7785441015958786,0.7688197169303894,0.1473850171342492,0.1436875270009041,0.18743390667438506,0.18442045955359937,0.5,0.891375,0.795625,0.8781875,0.8015,0.8044375,0.222625,0.6165,0.4226875,0.904375,0.85,0.8351875,0.7915625,0.472,0.3820625,0.542875,0.8015,0.2226875,0.7145,0.67275,0.6641875,0.401,0.1836875,0.795625,0.8895,0.5841875,0.3550625,0.904375,0.573125,0.36025,0.97125,0.9668125,0.9768125,0.87375,0.797,0.876,0.78925,0.8045,0.2255,0.6105,0.4305,0.90525,0.8535,0.8285,0.796,0.458,0.3985,0.54,0.78925,0.2255,0.7045,0.6675,0.66575,0.411,0.18625,0.797,0.8885,0.5655,0.33375,0.90525,0.55675,0.39575,0.98,0.961,0.98375
15,0.5,0.7779059934616089,0.7718899879455566,0.12246939339488745,0.12450409281253814,0.1763070536851883,0.17228170149028302,0.5,0.89475,0.795625,0.8781875,0.8015,0.8044375,0.222625,0.6091875,0.449875,0.904375,0.85,0.8351875,0.7966875,0.463,0.43025,0.542875,0.8015,0.222625,0.7141875,0.673125,0.6640625,0.4104375,0.1865625,0.795625,0.8895,0.571625,0.3224375,0.904375,0.565875,0.3958125,0.9825,0.977625,0.9859375,0.8835,0.797,0.876,0.78925,0.8045,0.2255,0.5995,0.46875,0.90525,0.8535,0.8285,0.7965,0.46325,0.402,0.54,0.78925,0.2255,0.7045,0.6675,0.66575,0.39,0.18675,0.797,0.8885,0.5415,0.3085,0.90525,0.53975,0.419,0.9865,0.9725,0.98425
18,0.5,0.7775513038635254,0.7807071471214294,0.11239185519516467,0.11747352403402328,0.16838319075107575,0.1674202773272991,0.5,0.8968125,0.795625,0.8781875,0.8015,0.8044375,0.2226875,0.5886875,0.4565625,0.904375,0.85,0.8351875,0.7973125,0.453,0.4036875,0.542875,0.8015,0.222625,0.708875,0.673125,0.6641875,0.3824375,0.1878125,0.795625,0.8880625,0.578,0.3373125,0.904375,0.5655625,0.404,0.9870625,0.9813125,0.988375,0.89225,0.797,0.876,0.78925,0.8045,0.2255,0.542,0.4775,0.90525,0.8535,0.8285,0.7945,0.46025,0.41625,0.54,0.78925,0.2255,0.7045,0.6675,0.66575,0.417,0.18625,0.797,0.8885,0.561,0.32925,0.90525,0.55025,0.412,0.9915,0.98,0.989
21,0.5,0.777670913696289,0.7794647293090821,0.11005413719266653,0.11260351353883744,0.16656939363479614,0.1661916132569313,0.5,0.8971875,0.795625,0.8781875,0.8015,0.8044375,0.222625,0.5726875,0.462125,0.904375,0.85,0.8351875,0.7985625,0.4511875,0.4021875,0.542875,0.8015,0.222625,0.694875,0.672875,0.664125,0.4040625,0.212875,0.795625,0.8831875,0.5778125,0.340875,0.904375,0.5634375,0.40875,0.9899375,0.982875,0.9891875,0.89825,0.797,0.876,0.78925,0.8045,0.2255,0.53625,0.47625,0.90525,0.8535,0.8285,0.79525,0.45925,0.38575,0.54,0.78925,0.2255,0.69175,0.6675,0.66575,0.42225,0.198,0.797,0.8785,0.56325,0.3495,0.90525,0.55075,0.4105,0.99325,0.98525,0.98925
24,0.5,0.7777623895406723,0.7852732720375061,0.1023768086284399,0.10984901815652848,0.16228787529468536,0.16230721095204353,0.5,0.8976875,0.795625,0.8781875,0.8015,0.8044375,0.222625,0.569125,0.468875,0.904375,0.85,0.8351875,0.8008125,0.44975,0.3935625,0.542875,0.8015,0.222625,0.641,0.673375,0.6641875,0.3843125,0.25675,0.795625,0.8623125,0.5899375,0.3328125,0.904375,0.56875,0.4176875,0.991,0.98575,0.9919375,0.9,0.797,0.876,0.78925,0.8045,0.2255,0.609,0.466,0.90525,0.8535,0.8285,0.80125,0.462,0.39775,0.54,0.78925,0.2255,0.63325,0.66825,0.66575,0.38725,0.2825,0.797,0.879,0.5785,0.34075,0.90525,0.5535,0.42575,0.99325,0.9865,0.9915
27,0.5,0.7774651395082474,0.7813664665222168,0.09946415730565786,0.10581921982765198,0.16222637856006622,0.1609995102137327,0.5,0.8981875,0.795625,0.8781875,0.8015,0.8044375,0.222625,0.5359375,0.468625,0.904375,0.85,0.8351875,0.8009375,0.454,0.405125,0.542875,0.8015,0.222625,0.6440625,0.67425,0.6641875,0.3820625,0.2954375,0.795625,0.85575,0.575125,0.3329375,0.904375,0.5738125,0.4193125,0.9916875,0.9875625,0.9921875,0.89875,0.797,0.876,0.78925,0.8045,0.2255,0.548,0.47375,0.90525,0.8535,0.8285,0.80025,0.461,0.40475,0.54,0.78925,0.2255,0.59325,0.66825,0.66575,0.30175,0.3495,0.797,0.8385,0.5605,0.3365,0.90525,0.554,0.4285,0.9945,0.98675,0.9915
30,0.5,0.7774787344932557,0.7739205255508422,0.0923644518852234,0.09800822335481643,0.1620438506603241,0.15744285985827447,0.5,0.8994375,0.795625,0.8781875,0.8015,0.8044375,0.222625,0.492125,0.471125,0.904375,0.85,0.8319375,0.8026875,0.4509375,0.402,0.5429375,0.8015,0.222625,0.4979375,0.7078125,0.664,0.3731875,0.4033125,0.795625,0.862,0.5635625,0.3343125,0.904375,0.5581875,0.4235,0.9950625,0.990875,0.99475,0.89925,0.797,0.876,0.78925,0.8045,0.2255,0.5025,0.47825,0.90525,0.8535,0.83425,0.798,0.45925,0.4075,0.54,0.78925,0.2255,0.50275,0.702,0.66575,0.35525,0.38675,0.797,0.86675,0.554,0.346,0.90525,0.5535,0.423,0.9955,0.98875,0.9925
33,0.5,0.7777951486110687,0.7747305493354797,0.09095468171685935,0.09273955553770065,0.1590045042037964,0.15657976770401,0.5,0.8995625,0.795625,0.8781875,0.8015,0.804375,0.222625,0.468625,0.4721875,0.904375,0.85,0.8310625,0.8030625,0.45275,0.4413125,0.542875,0.8015,0.222625,0.583875,0.6875,0.664125,0.3589375,0.4345,0.795625,0.8661875,0.5605,0.33375,0.904375,0.5638125,0.420875,0.9953125,0.9913125,0.994875,0.89975,0.797,0.876,0.78925,0.80475,0.2255,0.47125,0.475,0.90525,0.8535,0.83375,0.802,0.46075,0.4215,0.54,0.78925,0.2255,0.58925,0.6765,0.66575,0.3715,0.473,0.797,0.853,0.54275,0.34025,0.90525,0.5485,0.42875,0.995,0.99,0.99425
36,0.5,0.7777428267002106,0.7752976207733154,0.09765639877319336,0.0949908075928688,0.15984659457206726,0.1599567874521017,0.5,0.897875,0.795625,0.8781875,0.8015,0.8044375,0.2226875,0.4748125,0.476375,0.904375,0.85,0.8305,0.8016875,0.4506875,0.416375,0.5429375,0.8015,0.222625,0.4938125,0.695875,0.6605625,0.3846875,0.4570625,0.795625,0.8459375,0.5516875,0.3433125,0.904375,0.5613125,0.4136875,0.9939375,0.9879375,0.9925,0.899,0.797,0.876,0.78925,0.8045,0.2255,0.4595,0.47825,0.90525,0.8535,0.8355,0.8,0.45875,0.413,0.54,0.78925,0.2255,0.4675,0.68575,0.66575,0.3845,0.48075,0.797,0.8095,0.53675,0.3455,0.90525,0.55275,0.42225,0.997,0.98875,0.99175
39,0.5,0.777670107126236,0.781204836845398,0.08591888298094273,0.10141370987892151,0.16010443794727325,0.15412438902258874,0.5,0.90025,0.795625,0.878125,0.8015,0.8044375,0.222625,0.4416875,0.4743125,0.904375,0.85,0.8295625,0.8043125,0.44825,0.4158125,0.542875,0.8015,0.222625,0.512625,0.7081875,0.6624375,0.373875,0.489125,0.795625,0.644875,0.5569375,0.3346875,0.904375,0.55925,0.4205,0.996625,0.993875,0.996625,0.89975,0.797,0.876,0.78925,0.8045,0.2255,0.46175,0.47925,0.90525,0.8535,0.8355,0.79975,0.4585,0.415,0.54,0.78925,0.2255,0.49475,0.729,0.66575,0.3625,0.4955,0.797,0.654,0.55375,0.342,0.90525,0.55475,0.42475,0.99525,0.9885,0.99275
42,0.5,0.7772137560844421,0.7760700812339782,0.07083902117237449,0.06443526765704155,0.1441825933456421,0.1468126329034567,0.5,0.89975,0.795625,0.8755,0.8015,0.8410625,0.286875,0.61775,0.6609375,0.904375,0.85,0.828375,0.8035,0.448,0.4051875,0.570625,0.8015,0.222625,0.512875,0.738,0.664125,0.4769375,0.475125,0.795625,0.643375,0.5455,0.3453125,0.904375,0.54025,0.4205,0.995375,0.993,0.99575,0.89775,0.797,0.875,0.78925,0.85925,0.3655,0.731,0.79925,0.90525,0.8535,0.83375,0.80025,0.459,0.349,0.48475,0.78925,0.2255,0.531,0.7485,0.666,0.496,0.483,0.797,0.623,0.519,0.351,0.90525,0.53775,0.4235,0.99425,0.98675,0.99125
45,0.5,0.7817549046278,0.781217797756195,0.011388733526720898,0.025430477856541983,0.12210633999109269,0.11481691436469554,0.5,0.9011875,0.795625,0.8190625,0.8015,0.8615625,0.5198125,0.735875,0.8016875,0.904375,0.85,0.8304375,0.8053125,0.4460625,0.3595625,0.483,0.8015,0.222625,0.4914375,0.7951875,0.6641875,0.581375,0.48125,0.795625,0.647875,0.5123125,0.3491875,0.904375,0.522,0.42075,0.9969375,0.994875,0.9974375,0.9005,0.797,0.79475,0.78925,0.86025,0.69175,0.7235,0.8015,0.90525,0.8535,0.83325,0.8025,0.4585,0.345,0.484,0.78925,0.2255,0.462,0.7475,0.66575,0.5545,0.487,0.797,0.6595,0.4925,0.34925,0.90525,0.5135,0.423,0.9955,0.9885,0.99175
48,0.5,0.7815619986057282,0.781510268688202,0.015817177514320064,0.018406005646218547,0.11844786894321442,0.11712758933007718,0.5,0.8999375,0.795625,0.791375,0.8015,0.860875,0.531,0.7245625,0.8014375,0.904375,0.85,0.82925,0.8046875,0.44775,0.361875,0.483875,0.8015,0.222625,0.5311875,0.767,0.6641875,0.553375,0.48575,0.795625,0.705,0.3785,0.34725,0.904375,0.479625,0.4204375,0.9971875,0.993,0.9956875,0.90175,0.797,0.796,0.78925,0.864,0.6175,0.7235,0.80225,0.90525,0.8535,0.8355,0.80325,0.459,0.3715,0.48075,0.78925,0.2255,0.5185,0.7525,0.66575,0.513,0.48825,0.797,0.67,0.43225,0.34525,0.90525,0.479,0.42825,0.9975,0.99175,0.99475
51,0.5,0.9900418204069138,0.9918081650733948,0.013654101892796462,0.02734875529227429,0.01777029512054287,0.011806140790693462,0.5,0.90075,0.795625,0.791875,0.8015,0.8613125,0.8874375,0.7245,0.802,0.904375,0.85,0.8293125,0.80475,0.4465625,0.355375,0.488875,0.8015,0.88675,0.4951875,0.6949375,0.6641875,0.5036875,0.4895625,0.795625,0.4599375,0.29275,0.3499375,0.904375,0.493,0.4259375,0.9966875,0.994125,0.997,0.90075,0.797,0.79375,0.78925,0.8645,0.8895,0.7235,0.80375,0.90525,0.8535,0.83275,0.8005,0.457,0.35875,0.486,0.78925,0.88925,0.534,0.69225,0.66575,0.50325,0.49825,0.797,0.3775,0.2845,0.353,0.90525,0.489,0.4325,0.99725,0.99175,0.99375
54,0.5,0.9933463147878647,0.994194480895996,0.011588934326909111,0.027233412013622,0.0165194655994419,0.009121309830312384,0.5,0.901375,0.795625,0.790125,0.8015,0.861875,0.888,0.7245,0.8025625,0.904375,0.85,0.8294375,0.804625,0.446,0.3505625,0.498125,0.8015,0.887875,0.524375,0.707,0.6641875,0.4741875,0.48625,0.795625,0.3780625,0.295,0.3535625,0.904375,0.549625,0.4191875,0.997875,0.9953125,0.9971875,0.9015,0.797,0.79475,0.78925,0.864,0.88925,0.7235,0.802,0.90525,0.8535,0.83275,0.8005,0.45875,0.3505,0.49525,0.78925,0.889,0.52575,0.7025,0.66575,0.45425,0.49475,0.797,0.34375,0.31225,0.352,0.90525,0.5765,0.42575,0.997,0.99075,0.994
57,0.5,0.9920971164703369,0.9736996374130249,0.014966764408291056,0.05155759897641837,0.038928981075063346,0.011434824013063918,0.5,0.8999375,0.795625,0.7895625,0.8015,0.8613125,0.8880625,0.7245,0.802875,0.904375,0.85,0.8291875,0.8055,0.4465,0.3680625,0.5018125,0.8015,0.888,0.5034375,0.6879375,0.6641875,0.4969375,0.488,0.795625,0.561625,0.32275,0.3525625,0.904375,0.5405,0.42375,0.99725,0.993875,0.996625,0.89675,0.797,0.80225,0.78925,0.85375,0.879,0.7235,0.79,0.90525,0.8535,0.83225,0.806,0.46825,0.345,0.51375,0.78925,0.88475,0.6525,0.66525,0.66575,0.517,0.4975,0.797,0.447,0.31125,0.332,0.90525,0.55725,0.42575,0.98525,0.9785,0.99175
60,0.5,0.9943461148738861,0.9945300378799439,0.011637490787714342,0.024217711920035072,0.014843837097520008,0.008645687997195638,0.5,0.90175,0.795625,0.7915625,0.8015,0.861125,0.8878125,0.7245,0.802625,0.904375,0.85,0.8300625,0.8050625,0.4460625,0.35425,0.5196875,0.8015,0.8873125,0.571875,0.6829375,0.6641875,0.47275,0.487,0.795625,0.414125,0.4568125,0.355125,0.904375,0.55175,0.4191875,0.9978125,0.9955625,0.9975625,0.90225,0.797,0.7935,0.78925,0.864,0.89025,0.7235,0.80275,0.90525,0.8535,0.83275,0.8,0.457,0.3415,0.51375,0.78925,0.89,0.5125,0.67125,0.66575,0.49025,0.49025,0.797,0.336,0.48675,0.353,0.90525,0.51725,0.4245,0.99725,0.9915,0.99425
63,0.5,0.994778403043747,0.9951394944190979,0.012978759773224737,0.024872110758005873,0.014866308202035725,0.00910017839455395,0.5,0.9003125,0.795625,0.7914375,0.8015,0.8615,0.888625,0.7245,0.8035,0.904375,0.85,0.8300625,0.8059375,0.4449375,0.355875,0.517,0.8015,0.8885,0.627625,0.681,0.6641875,0.39975,0.4825,0.795625,0.3899375,0.4829375,0.3563125,0.904375,0.5298125,0.42375,0.998,0.9955,0.99725,0.90125,0.797,0.79425,0.78925,0.8625,0.8895,0.7235,0.80375,0.90525,0.8535,0.83375,0.8025,0.45675,0.343,0.508,0.78925,0.88975,0.65025,0.67425,0.66575,0.38875,0.4945,0.797,0.4295,0.4345,0.355,0.90525,0.49475,0.4285,0.997,0.99275,0.99575
66,0.5,0.9947668942213058,0.9957219800949096,0.011473660534069495,0.026711139767015994,0.015494579845806584,0.008353383186942665,0.5,0.901375,0.795625,0.790375,0.8015,0.8613125,0.8889375,0.7245,0.8039375,0.904375,0.85,0.8295625,0.8054375,0.445625,0.3836875,0.5218125,0.8015,0.8888125,0.5770625,0.695875,0.663,0.430875,0.485375,0.795625,0.2690625,0.449,0.356375,0.904375,0.5489375,0.4234375,0.9978125,0.9955,0.9975625,0.9,0.797,0.79325,0.78925,0.8635,0.892,0.7235,0.80475,0.90525,0.8535,0.8325,0.80025,0.4565,0.3795,0.51075,0.78925,0.89175,0.61075,0.69,0.66475,0.42175,0.49,0.797,0.254,0.438,0.35725,0.90525,0.49125,0.42925,0.99725,0.99175,0.9945
69,0.5,0.9956625784635544,0.9899561567306518,0.011015072402499755,0.04173798581783194,0.025890914605464787,0.007676247018709546,0.5,0.9005,0.795625,0.7901875,0.8015,0.8605625,0.888875,0.7245,0.803625,0.904375,0.85,0.8300625,0.8060625,0.445375,0.409125,0.522625,0.8015,0.888875,0.4531875,0.681125,0.66075,0.476375,0.4901875,0.795625,0.221,0.422375,0.3583125,0.904375,0.527375,0.4229375,0.998,0.9955625,0.9974375,0.90475,0.797,0.79825,0.78925,0.86175,0.888,0.7235,0.8005,0.90525,0.8535,0.83475,0.801,0.45975,0.39675,0.51275,0.78925,0.8885,0.32125,0.6725,0.67025,0.4895,0.49275,0.797,0.26875,0.42125,0.3525,0.90525,0.5255,0.416,0.995,0.9895,0.993
72,0.5,0.9929288588762283,0.9925492596626282,0.016451126593556183,0.017576260023401118,0.012513500238070265,0.011761133953754324,0.5,0.8999375,0.795625,0.791125,0.8015,0.8610625,0.88875,0.7245,0.8033125,0.904375,0.85,0.8288125,0.8051875,0.4455625,0.409625,0.5185,0.8015,0.8885625,0.5518125,0.684875,0.6639375,0.406875,0.4873125,0.795625,0.391375,0.4738125,0.35575,0.904375,0.555625,0.4154375,0.9969375,0.994,0.996625,0.9025,0.797,0.7955,0.78925,0.86325,0.891,0.7235,0.80375,0.90525,0.8535,0.8355,0.80325,0.45625,0.3995,0.50975,0.78925,0.8905,0.566,0.69225,0.673,0.45325,0.49325,0.797,0.313,0.341,0.357,0.90525,0.52875,0.42175,0.99825,0.99475,0.99675
75,0.5,0.9955936131477356,0.9947359199523926,0.00797269720571967,0.05156174706059346,0.028412913620239125,0.006189542043430265,0.5,0.9010625,0.795625,0.7915625,0.8015,0.86175,0.8895,0.7245,0.8040625,0.904375,0.85,0.830375,0.8055625,0.4440625,0.382125,0.5241875,0.8015,0.8894375,0.565125,0.717,0.654625,0.5253125,0.48825,0.795625,0.510875,0.4919375,0.359125,0.904375,0.561125,0.4213125,0.9985625,0.9966875,0.997875,0.90325,0.797,0.7945,0.78925,0.865,0.88925,0.7235,0.8035,0.90525,0.8535,0.83,0.797,0.45775,0.3695,0.51825,0.78925,0.8895,0.376,0.71125,0.66825,0.47425,0.4825,0.797,0.39125,0.5315,0.35575,0.90525,0.533,0.4205,0.997,0.989,0.99125
78,0.5,0.9938611775636673,0.9954098305702209,0.013074040594290636,0.028203798792899762,0.016396984171820804,0.009606431535707088,0.5,0.9005625,0.795625,0.79125,0.8015,0.8609375,0.8885,0.7245,0.8031875,0.904375,0.85,0.83,0.8054375,0.4458125,0.40375,0.5216875,0.8015,0.8881875,0.53325,0.7056875,0.55,0.524375,0.4911875,0.795625,0.51775,0.327625,0.3569375,0.904375,0.5353125,0.42275,0.9973125,0.995,0.9975,0.90325,0.797,0.79875,0.78925,0.86225,0.889,0.7235,0.8015,0.90525,0.8535,0.83325,0.80075,0.4595,0.37875,0.518,0.78925,0.88875,0.53525,0.67675,0.4865,0.55525,0.49375,0.797,0.44675,0.2335,0.35375,0.90525,0.5105,0.4245,0.99625,0.991,0.995
81,0.5,0.9975106090307235,0.9981078863143921,0.006246219463281705,0.023742647995706648,0.01281738084508106,0.004367805229499936,0.5,0.9026875,0.795625,0.790375,0.8015,0.8616875,0.88825,0.7245,0.8029375,0.904375,0.85,0.830125,0.805625,0.4448125,0.4058125,0.52575,0.8015,0.888125,0.5270625,0.6813125,0.530875,0.5504375,0.49125,0.795625,0.487875,0.340375,0.358375,0.904375,0.5393125,0.421625,0.9989375,0.997375,0.9984375,0.903,0.797,0.79525,0.78925,0.86475,0.8905,0.7235,0.80325,0.90525,0.8535,0.83425,0.80175,0.45675,0.40375,0.519,0.78925,0.8905,0.538,0.677,0.5405,0.55475,0.496,0.797,0.495,0.3455,0.35675,0.90525,0.53625,0.42375,0.99825,0.99425,0.996
84,0.5,0.9962471735477447,0.9962650890350342,0.00908406448032656,0.026219336400390602,0.014977123705320991,0.00641844549117377,0.5,0.901625,0.795625,0.789875,0.8015,0.8625625,0.8886875,0.7245,0.803375,0.904375,0.85,0.8295,0.805375,0.4446875,0.4053125,0.52625,0.8015,0.8885,0.5654375,0.676125,0.4696875,0.6196875,0.4910625,0.795625,0.463375,0.3734375,0.359125,0.904375,0.523625,0.422125,0.998875,0.996375,0.99725,0.90225,0.797,0.7945,0.78925,0.86175,0.8895,0.7235,0.80225,0.90525,0.8535,0.83475,0.80225,0.458,0.407,0.5195,0.78925,0.88925,0.586,0.6685,0.47825,0.5855,0.49,0.797,0.54125,0.33025,0.35625,0.90525,0.54425,0.42425,0.99725,0.99275,0.9955
87,0.5,0.996491933107376,0.9897959523200989,0.011725554105237734,0.037421834164182655,0.023812940983101726,0.007616810525098117,0.5,0.902,0.795625,0.79025,0.8015,0.8615,0.88825,0.7245,0.8030625,0.904375,0.85,0.829875,0.805125,0.445,0.4094375,0.5251875,0.8015,0.888125,0.59325,0.6773125,0.454875,0.612375,0.4928125,0.795625,0.480875,0.3643125,0.3580625,0.904375,0.5248125,0.4220625,0.999,0.9964375,0.997375,0.89725,0.797,0.79275,0.78925,0.86275,0.8925,0.7235,0.80625,0.90525,0.8535,0.83375,0.801,0.4565,0.40025,0.507,0.78925,0.89175,0.60875,0.66875,0.45125,0.6655,0.4785,0.797,0.5475,0.38425,0.358,0.90525,0.50325,0.42775,0.99275,0.9885,0.99425
90,0.5,0.9971968833208084,0.995497751235962,0.007277229797462496,0.019204811899311607,0.011853530338266865,0.005040173275367124,0.5,0.90175,0.795625,0.7911875,0.8015,0.861375,0.88825,0.7245,0.803125,0.904375,0.85,0.830625,0.805625,0.445125,0.40175,0.5205625,0.8015,0.8881875,0.6333125,0.6768125,0.5955,0.5340625,0.487625,0.795625,0.431625,0.3805625,0.3586875,0.904375,0.50175,0.4216875,0.9981875,0.997125,0.998875,0.902,0.797,0.79375,0.78925,0.863,0.89025,0.7235,0.803,0.90525,0.8535,0.8355,0.8045,0.45675,0.39575,0.515,0.78925,0.89075,0.629,0.6685,0.58675,0.487,0.4855,0.797,0.40425,0.33425,0.35575,0.90525,0.458,0.42875,0.998,0.994,0.99675
93,0.5,0.9945765523910522,0.9951201071739196,0.012790565596942543,0.025138920894663897,0.015009406893281266,0.009107006642676425,0.5,0.9009375,0.795625,0.7913125,0.8015,0.8613125,0.8888125,0.7245,0.8035,0.904375,0.85,0.829875,0.805,0.4450625,0.417125,0.524,0.8015,0.8888125,0.64975,0.7063125,0.6164375,0.6171875,0.48475,0.795625,0.34475,0.42525,0.35975,0.904375,0.5139375,0.4203125,0.9973125,0.995,0.99775,0.90175,0.797,0.79375,0.78925,0.86225,0.89025,0.7235,0.80325,0.90525,0.8535,0.83575,0.803,0.456,0.4295,0.51925,0.78925,0.89025,0.63975,0.7295,0.65,0.57,0.48775,0.797,0.35225,0.4385,0.35775,0.90525,0.4985,0.42875,0.99825,0.9935,0.99575
96,0.5,0.9967729132175446,0.9960110912322998,0.007840942319922533,0.022061613782163477,0.013025261284667067,0.005534014566132101,0.5,0.900875,0.795625,0.79125,0.8015,0.861625,0.8889375,0.7245,0.804375,0.904375,0.85,0.83,0.8058125,0.44425,0.413,0.514125,0.8015,0.8889375,0.5865,0.6825625,0.6513125,0.57425,0.48825,0.795625,0.409,0.5586875,0.360625,0.904375,0.534,0.4218125,0.9985625,0.9969375,0.9983125,0.9005,0.797,0.7945,0.78925,0.86225,0.89,0.7235,0.804,0.90525,0.8535,0.835,0.8045,0.45575,0.42675,0.51825,0.78925,0.89,0.611,0.6695,0.604,0.63425,0.485,0.797,0.4105,0.514,0.358,0.90525,0.46,0.4285,0.9975,0.99375,0.99625
99,0.5,0.997092957854271,0.9940381817817688,0.007253509567441143,0.019289409441145836,0.012625613878946751,0.005080275887041353,0.5,0.901875,0.795625,0.7906875,0.8015,0.861625,0.888375,0.7245,0.803,0.904375,0.85,0.8305625,0.8058125,0.4445,0.41875,0.4904375,0.8015,0.888375,0.60775,0.70075,0.5714375,0.5249375,0.4919375,0.795625,0.49125,0.5578125,0.35825,0.904375,0.5680625,0.4200625,0.99875,0.9971875,0.99825,0.90075,0.797,0.7945,0.78925,0.86275,0.891,0.7235,0.80425,0.90525,0.8535,0.83475,0.80475,0.45575,0.4245,0.47175,0.78925,0.89075,0.57775,0.68925,0.599,0.54275,0.4935,0.797,0.55075,0.53625,0.35725,0.90525,0.569,0.42175,0.99775,0.994,0.996
102,0.5,0.9961702877283096,0.9961827063560486,0.009500820139685402,0.02262636015485623,0.01322182689467445,0.006665266228315886,0.5,0.900625,0.795625,0.7905625,0.8015,0.8611875,0.888625,0.7245,0.803375,0.904375,0.85,0.8299375,0.8066875,0.44425,0.427375,0.4948125,0.8015,0.888625,0.627375,0.695875,0.521625,0.569625,0.4908125,0.795625,0.507125,0.5644375,0.3603125,0.904375,0.4791875,0.4201875,0.998625,0.996375,0.9976875,0.90275,0.797,0.79575,0.78925,0.864,0.89075,0.7235,0.804,0.90525,0.8535,0.83525,0.803,0.45525,0.41275,0.46225,0.78925,0.89075,0.6205,0.68525,0.48225,0.622,0.491,0.797,0.46625,0.568,0.35925,0.90525,0.46625,0.425,0.998,0.9945,0.9965
105,0.5,0.9979976501464843,0.9913650140762329,0.007543761815240259,0.04201614784647245,0.025325566883897407,0.004773055842058966,0.5,0.9014375,0.795625,0.7898125,0.8015,0.8615625,0.8885625,0.7245,0.8033125,0.904375,0.85,0.830375,0.8056875,0.444375,0.4081875,0.4553125,0.8015,0.8885,0.625875,0.7380625,0.5241875,0.551,0.4916875,0.795625,0.502625,0.55925,0.3595,0.904375,0.4971875,0.4230625,0.999,0.9975625,0.9985625,0.8995,0.797,0.7935,0.78925,0.86075,0.8855,0.7235,0.804,0.90525,0.8535,0.83,0.79725,0.457,0.3915,0.42725,0.78925,0.886,0.6445,0.8085,0.48475,0.6045,0.48125,0.797,0.502,0.48125,0.359,0.90525,0.4355,0.43125,0.99325,0.98675,0.9915
108,0.5,0.9973531738519669,0.9973255248069763,0.007294549449288808,0.022290725110757192,0.012482600155635737,0.004970687817462021,0.5,0.901375,0.795625,0.788625,0.8015,0.8615625,0.8886875,0.7245,0.803375,0.904375,0.85,0.8308125,0.8055,0.4441875,0.4053125,0.459125,0.8015,0.8885625,0.609625,0.86525,0.5951875,0.4603125,0.4905,0.795625,0.5201875,0.484125,0.3605625,0.904375,0.47975,0.42225,0.9990625,0.997375,0.998125,0.903,0.797,0.7935,0.78925,0.8645,0.89075,0.7235,0.80475,0.90525,0.8535,0.83425,0.80175,0.4555,0.41325,0.45275,0.78925,0.89075,0.58125,0.87475,0.5655,0.43625,0.49375,0.797,0.51925,0.5205,0.35825,0.90525,0.45825,0.42425,0.9985,0.99475,0.99625
111,0.5,0.9962376123666763,0.9894721646308899,0.011620544617881024,0.06327397708466742,0.03690090634766966,0.0076914661375922155,0.5,0.901,0.795625,0.789,0.8015,0.86125,0.8889375,0.7245,0.8039375,0.904375,0.85,0.830125,0.8056875,0.444375,0.4368125,0.493,0.8015,0.888875,0.57975,0.8665,0.400375,0.4356875,0.4895625,0.795625,0.5051875,0.5471875,0.3605625,0.904375,0.449625,0.421375,0.9984375,0.996125,0.997625,0.88525,0.797,0.782,0.78925,0.854,0.90275,0.7235,0.80825,0.90525,0.8535,0.83475,0.802,0.453,0.4735,0.49975,0.78925,0.9025,0.5455,0.863,0.409,0.45725,0.4805,0.797,0.5725,0.5975,0.37,0.90525,0.4065,0.429,0.98325,0.97875,0.99525
