Epoch,Alpha,building_impl_complex_train_accuracy,building_no_car_truck_train_accuracy,building_no_chimney_statue_train_accuracy,building_nodoorornowindow_impl_noawning_train_accuracy,commercial_train_accuracy,hotel_train_accuracy,store_train_accuracy,misccommercial_train_accuracy,cafe_train_accuracy,restaurant_train_accuracy,industrial_train_accuracy,industrial_not_table_train_accuracy,constructionsite_train_accuracy,miscindustrial_train_accuracy,powerplant_train_accuracy,watertreatment_train_accuracy,residential_train_accuracy,suburban_train_accuracy,countryhouse_train_accuracy,miscresidential_train_accuracy,residential_no_chimney_pipe_train_accuracy,building_impl_complex_val_accuracy,building_no_car_truck_val_accuracy,building_no_chimney_statue_val_accuracy,building_nodoorornowindow_impl_noawning_val_accuracy,commercial_val_accuracy,hotel_val_accuracy,store_val_accuracy,misccommercial_val_accuracy,cafe_val_accuracy,restaurant_val_accuracy,industrial_val_accuracy,industrial_not_table_val_accuracy,constructionsite_val_accuracy,miscindustrial_val_accuracy,powerplant_val_accuracy,watertreatment_val_accuracy,residential_val_accuracy,suburban_val_accuracy,countryhouse_val_accuracy,miscresidential_val_accuracy,residential_no_chimney_pipe_val_accuracy
0,0.5,0.5101661682128906,0.5133228302001953,0.7144314646720886,0.9778669476509094,0.7565174102783203,0.5254490971565247,0.5283948183059692,0.5517071485519409,0.43342235684394836,0.5450530648231506,0.573098361492157,0.7219015955924988,0.537726879119873,0.7864014506340027,0.6521437168121338,0.6579691767692566,0.5578051209449768,0.5534177422523499,0.5453940033912659,0.6368149518966675,0.6074473857879639,0.5185295343399048,0.5181726813316345,0.7567902207374573,0.9982748627662659,0.7908885478973389,0.5518674254417419,0.552797257900238,0.5516971349716187,0.4636916220188141,0.5484216809272766,0.561741292476654,0.753524661064148,0.5459906458854675,0.8059266209602356,0.6835922598838806,0.6999688744544983,0.55997633934021,0.5515961647033691,0.5484660863876343,0.6450491547584534,0.6364821195602417
1,0.5,0.5408667325973511,0.5368088483810425,0.7616627812385559,0.9947153329849243,0.7659597396850586,0.5522136092185974,0.550643265247345,0.5546201467514038,0.45502325892448425,0.5565351247787476,0.5604226589202881,0.7583039999008179,0.5598211288452148,0.8066133856773376,0.6840758323669434,0.6984068155288696,0.5568738579750061,0.5584481358528137,0.5608490705490112,0.6421802639961243,0.6450372338294983,0.5801059007644653,0.5690403580665588,0.7718117237091064,0.9984799027442932,0.808034360408783,0.5560185313224792,0.5538330078125,0.5631477236747742,0.4745124876499176,0.5738341212272644,0.5590639710426331,0.7664260268211365,0.5871096253395081,0.7903485894203186,0.6793708205223083,0.7123870253562927,0.5539513826370239,0.5650408864021301,0.581160843372345,0.6375601291656494,0.6619037389755249
2,0.5,0.790676474571228,0.771628201007843,0.8550424575805664,0.9951067566871643,0.7627667784690857,0.5823935866355896,0.5791391730308533,0.6216562390327454,0.4717787802219391,0.6849421262741089,0.5589827299118042,0.8374124765396118,0.7309360504150391,0.8105218410491943,0.7348776459693909,0.7664685845375061,0.537132740020752,0.6376317143440247,0.6996189951896667,0.6755335330963135,0.7800638675689697,0.9671306610107422,0.9555973410606384,0.9540823101997375,0.9994965195655823,0.7387935519218445,0.6316909790039062,0.6416639089584351,0.6947072148323059,0.4986381232738495,0.8405792117118835,0.5637632012367249,0.9354694485664368,0.8637306690216064,0.8729299306869507,0.7931647896766663,0.8177928924560547,0.5249905586242676,0.7198869585990906,0.8478401899337769,0.6914883255958557,0.8966057896614075
3,0.5,0.959019660949707,0.9481419920921326,0.9587461948394775,0.998297929763794,0.753349244594574,0.6627095341682434,0.6636759638786316,0.7131616473197937,0.5333524942398071,0.789386510848999,0.5581873655319214,0.9419941902160645,0.8419603705406189,0.812030017375946,0.7832067012786865,0.8107413053512573,0.5310989618301392,0.7273770570755005,0.8027366995811462,0.7088505029678345,0.8829967379570007,0.9828277230262756,0.9754236936569214,0.9816383123397827,0.9995421767234802,0.7564719915390015,0.6901032328605652,0.6626216769218445,0.7522243857383728,0.572210431098938,0.8145803213119507,0.5600236654281616,0.9651201367378235,0.8540902137756348,0.8121821880340576,0.7737787365913391,0.837821364402771,0.544186532497406,0.7637916207313538,0.8001898527145386,0.7371366024017334,0.8932721614837646
4,0.5,0.9661973714828491,0.9580764174461365,0.9758211374282837,0.9862689971923828,0.7332813739776611,0.6988332271575928,0.7015606164932251,0.7293370962142944,0.5887093544006348,0.795184850692749,0.554739236831665,0.9595320820808411,0.8298259973526001,0.804152250289917,0.7846863269805908,0.8115059733390808,0.5419976711273193,0.7266615033149719,0.796011209487915,0.6850196719169617,0.8773451447486877,0.9502176642417908,0.9401029944419861,0.9685521125793457,0.9684417247772217,0.725994348526001,0.6957347989082336,0.6639180779457092,0.7044949531555176,0.5678181052207947,0.7260953187942505,0.5393350124359131,0.9493825435638428,0.837653636932373,0.8122616410255432,0.7847017645835876,0.7125609517097473,0.5249072313308716,0.7013372182846069,0.7158029675483704,0.5280227661132812,0.8496031165122986
5,0.5,0.9267062544822693,0.9156662225723267,0.9594797492027283,0.932397723197937,0.6305669546127319,0.6951268315315247,0.7007254958152771,0.7001709342002869,0.5922315716743469,0.75321364402771,0.5669122338294983,0.9423602223396301,0.7300925254821777,0.7046660780906677,0.727583646774292,0.7192226648330688,0.5624268651008606,0.6799716949462891,0.733115553855896,0.5947771072387695,0.8549751043319702,0.9432340860366821,0.930306077003479,0.9696004986763,0.9558603167533875,0.5319843292236328,0.7129545211791992,0.6733846068382263,0.7119349837303162,0.621491014957428,0.7695893049240112,0.6513269543647766,0.9404650926589966,0.670250415802002,0.6820254921913147,0.6677718162536621,0.6756321787834167,0.5904155969619751,0.6450522541999817,0.7588419318199158,0.6416763663291931,0.8775327205657959
6,0.5,0.938331127166748,0.9229431748390198,0.9667450785636902,0.9549610018730164,0.5133419632911682,0.6726969480514526,0.6676049828529358,0.6581657528877258,0.6237889528274536,0.7326460480690002,0.6319826245307922,0.9440993666648865,0.7123433351516724,0.6640382409095764,0.6910960078239441,0.6831273436546326,0.5974324941635132,0.6646144390106201,0.7453840970993042,0.6387344002723694,0.8868556618690491,0.9561346769332886,0.9446755647659302,0.9757535457611084,0.9870386123657227,0.5067065358161926,0.6965958476066589,0.6931142210960388,0.6215762495994568,0.6589315533638,0.7161082029342651,0.636342465877533,0.9579652547836304,0.6961641907691956,0.668266773223877,0.6820620894432068,0.6662887334823608,0.6053315997123718,0.6553305387496948,0.7700405120849609,0.655220627784729,0.9079347252845764
7,0.5,0.9409888982772827,0.9250218272209167,0.9670525789260864,0.9657220244407654,0.500179648399353,0.6751216053962708,0.6721346378326416,0.6481261849403381,0.6631770730018616,0.729677677154541,0.6460427641868591,0.9508963227272034,0.7102903127670288,0.6569522023200989,0.6832162141799927,0.6797910332679749,0.6826170682907104,0.6701170802116394,0.7890185117721558,0.7220805287361145,0.8829748630523682,0.9559041261672974,0.9454129934310913,0.9771984219551086,0.9698120355606079,0.4664955139160156,0.718245804309845,0.7121778726577759,0.6854746341705322,0.7031506299972534,0.7709773778915405,0.6753065586090088,0.9622212052345276,0.7097164988517761,0.6178497672080994,0.6561171412467957,0.6453830003738403,0.7270541191101074,0.6806039810180664,0.8191354870796204,0.7710613012313843,0.8993642926216125
8,0.5,0.9499771595001221,0.9362417459487915,0.9703931212425232,0.95652836561203,0.5061283111572266,0.6888828873634338,0.6915526986122131,0.645289421081543,0.6970651745796204,0.7323030233383179,0.693118155002594,0.9590969681739807,0.7089475393295288,0.654118537902832,0.6770148873329163,0.6721628904342651,0.7314222455024719,0.6741958856582642,0.7945207357406616,0.7708914279937744,0.9080564975738525,0.9660755395889282,0.9568385481834412,0.9802680015563965,0.9532759785652161,0.5098115801811218,0.6976812481880188,0.6944788098335266,0.6759718656539917,0.7143814563751221,0.7543902397155762,0.7188399434089661,0.9689074158668518,0.7092675566673279,0.6042440533638,0.6496452689170837,0.6429609656333923,0.764111340045929,0.6723540425300598,0.8145624995231628,0.7824382781982422,0.9280253052711487
9,0.5,0.9552111625671387,0.9440996050834656,0.9726418852806091,0.9518542289733887,0.5166762471199036,0.7008020281791687,0.7067760825157166,0.6457140445709229,0.7097097039222717,0.7339603304862976,0.7325824499130249,0.9613072276115417,0.7102667689323425,0.654986560344696,0.6773326396942139,0.6738977432250977,0.7591919898986816,0.6785571575164795,0.7927737832069397,0.7775367498397827,0.9212570786476135,0.9572843909263611,0.9448364973068237,0.9683535099029541,0.9474132657051086,0.5130634903907776,0.7264248728752136,0.7220112085342407,0.636379063129425,0.7395778298377991,0.7304468750953674,0.7459385991096497,0.9609728455543518,0.7023555636405945,0.6758410930633545,0.620780885219574,0.6749646663665771,0.7729066610336304,0.7071829438209534,0.8029292225837708,0.7859932780265808,0.923500120639801
10,0.5,0.9594734311103821,0.9465400576591492,0.9707747101783752,0.9499775171279907,0.5281295776367188,0.7062391042709351,0.7176313996315002,0.6449359059333801,0.7266346216201782,0.7387587428092957,0.7581149935722351,0.9613047242164612,0.7074598073959351,0.6514148116111755,0.6725930571556091,0.6734743714332581,0.7830507755279541,0.7135464549064636,0.8036388754844666,0.7782680988311768,0.9317522644996643,0.9667654037475586,0.9563618302345276,0.972778856754303,0.9582309722900391,0.5165221095085144,0.7147155404090881,0.7164202928543091,0.7028557658195496,0.7458251118659973,0.7471112608909607,0.7723034620285034,0.9643874168395996,0.7006828784942627,0.6250386834144592,0.6670125722885132,0.6674712896347046,0.8045427203178406,0.7302035093307495,0.8244901299476624,0.7732366919517517,0.9417201280593872
11,0.5,0.9627564549446106,0.9499666690826416,0.9723055362701416,0.9488633275032043,0.529926061630249,0.7227169275283813,0.718776285648346,0.647080659866333,0.744750440120697,0.7423252463340759,0.7797697186470032,0.9597942233085632,0.7049950361251831,0.6484194397926331,0.6694372296333313,0.6708027720451355,0.8022236824035645,0.7547852396965027,0.8192397356033325,0.7717437744140625,0.9388439059257507,0.9689379334449768,0.9614412784576416,0.9757325053215027,0.9381330609321594,0.5191216468811035,0.7551941275596619,0.7319783568382263,0.64345782995224,0.7868699431419373,0.7406522631645203,0.7934902310371399,0.9644715785980225,0.696078896522522,0.6176027059555054,0.6482108235359192,0.6667759418487549,0.8265219330787659,0.773982048034668,0.8269079923629761,0.7929168343544006,0.9483585357666016
12,0.5,0.9634637832641602,0.951461136341095,0.9712856411933899,0.9514744281768799,0.5306894183158875,0.7562414407730103,0.7265323996543884,0.651026725769043,0.7645565867424011,0.7474660873413086,0.7934862375259399,0.9545531272888184,0.7040139436721802,0.6490384936332703,0.6644955277442932,0.6692336797714233,0.8197375535964966,0.771892786026001,0.8131980299949646,0.7836589813232422,0.9427394270896912,0.9739556312561035,0.967434823513031,0.9773465991020203,0.9585739374160767,0.5216466188430786,0.8000304698944092,0.7310457229614258,0.6735467910766602,0.7858428955078125,0.7635053992271423,0.8129494786262512,0.9612425565719604,0.6999893188476562,0.6121790409088135,0.6834457516670227,0.6724274158477783,0.8629758954048157,0.7972372770309448,0.8200346827507019,0.7833109498023987,0.9574187994003296
13,0.5,0.9643654227256775,0.9536420702934265,0.9697964191436768,0.9508056044578552,0.560305655002594,0.7776139378547668,0.7318653464317322,0.6536581516265869,0.7819650173187256,0.751219630241394,0.8077331185340881,0.9506409168243408,0.7060970067977905,0.6488392949104309,0.6568034887313843,0.6704720854759216,0.8387140035629272,0.7937861680984497,0.8207758069038391,0.7797310948371887,0.9465537667274475,0.9725534319877625,0.9657152891159058,0.9761748313903809,0.9523183703422546,0.7053225636482239,0.8107177019119263,0.7484581470489502,0.6631695032119751,0.7951129078865051,0.7588678002357483,0.8328793048858643,0.9557222723960876,0.6991867423057556,0.6032376885414124,0.6603502631187439,0.6648814678192139,0.8791484236717224,0.8160400390625,0.824253499507904,0.7794849872589111,0.9577974081039429
14,0.5,0.968583881855011,0.9588912129402161,0.974452555179596,0.9547770023345947,0.7262994647026062,0.7848817110061646,0.7461379170417786,0.6549088954925537,0.7882034778594971,0.7546389698982239,0.8248372673988342,0.9525492787361145,0.7050994038581848,0.6522487998008728,0.6527568697929382,0.6722911596298218,0.8516837954521179,0.8250201344490051,0.8302500247955322,0.7748310565948486,0.9535855054855347,0.9763690829277039,0.9704042673110962,0.9791440367698669,0.9523708820343018,0.740166425704956,0.8096668720245361,0.776465892791748,0.6137830018997192,0.8010802268981934,0.7577574253082275,0.8387198448181152,0.9593472480773926,0.6979391574859619,0.6446596384048462,0.6255183815956116,0.6898640990257263,0.8905792236328125,0.8593173623085022,0.8428305387496948,0.7797321081161499,0.9640798568725586
15,0.5,0.9693303108215332,0.9592008590698242,0.9756729602813721,0.9610665440559387,0.7380696535110474,0.7906706929206848,0.7926265001296997,0.6552456617355347,0.7910711765289307,0.7571297287940979,0.8326393961906433,0.9522891640663147,0.7050957679748535,0.6500868797302246,0.6557021737098694,0.6708486080169678,0.8584352731704712,0.8391674160957336,0.8290512561798096,0.7715949416160583,0.95524662733078,0.9761629104614258,0.9691672921180725,0.9770480394363403,0.9632391333580017,0.7584018707275391,0.8315848708152771,0.8325579166412354,0.6838764548301697,0.8156184554100037,0.7527294158935547,0.8511766791343689,0.9552028775215149,0.6983612775802612,0.6154829859733582,0.6285521388053894,0.6977106332778931,0.8936765193939209,0.8657124042510986,0.8320626020431519,0.7697200775146484,0.9650517106056213
16,0.5,0.969977855682373,0.9600708484649658,0.9742109775543213,0.9531127214431763,0.7530124187469482,0.7962072491645813,0.8291702270507812,0.6625635623931885,0.7984848022460938,0.7571057677268982,0.8443663120269775,0.949903130531311,0.7034133076667786,0.6485844850540161,0.6461048722267151,0.6674075126647949,0.8691911697387695,0.8531547784805298,0.8231828212738037,0.7809514403343201,0.9581315517425537,0.9759972095489502,0.9688447713851929,0.975924015045166,0.9612180590629578,0.7656188011169434,0.7873584628105164,0.8518223166465759,0.654144823551178,0.8317528963088989,0.7579166293144226,0.8671423196792603,0.9522594213485718,0.6998193264007568,0.62856125831604,0.625950276851654,0.6610799431800842,0.8959553241729736,0.8804361820220947,0.8415518403053284,0.7617221474647522,0.9661982655525208
17,0.5,0.9723991751670837,0.9638951420783997,0.9760410189628601,0.9623277187347412,0.7636768817901611,0.7985996603965759,0.8350541591644287,0.6668494939804077,0.8032024502754211,0.7596875429153442,0.8586778044700623,0.9530164003372192,0.7053214907646179,0.6485954523086548,0.648356020450592,0.6666906476020813,0.8827873468399048,0.8661526441574097,0.8282790184020996,0.7765017747879028,0.9605588316917419,0.9823258519172668,0.9769948720932007,0.9795134663581848,0.9605035781860352,0.7847716212272644,0.8219641447067261,0.8545382022857666,0.6816975474357605,0.8278419375419617,0.7606250047683716,0.8820887207984924,0.9606688022613525,0.7005110383033752,0.6179433465003967,0.6271466612815857,0.6550094485282898,0.9217706322669983,0.895753026008606,0.8561025261878967,0.7591595649719238,0.9743829965591431
18,0.5,0.9728646874427795,0.9646244049072266,0.9769333004951477,0.958587646484375,0.776483952999115,0.8084549307823181,0.8337446451187134,0.6777313351631165,0.8090073466300964,0.7621662020683289,0.8593202233314514,0.9505088925361633,0.7038758397102356,0.6492629051208496,0.6430065631866455,0.6674919724464417,0.8891202807426453,0.8693245053291321,0.8320292830467224,0.7785660028457642,0.9622500538825989,0.9832811951637268,0.9784404039382935,0.9812045097351074,0.9601593017578125,0.7979295253753662,0.8207274079322815,0.858762800693512,0.6868453621864319,0.8232318758964539,0.7824159264564514,0.8822582960128784,0.9545352458953857,0.6983644962310791,0.6231604218482971,0.7002409100532532,0.6845760941505432,0.9241122603416443,0.9104406833648682,0.8345919251441956,0.770334780216217,0.9775460362434387
19,0.5,0.9739490151405334,0.966730535030365,0.9773441553115845,0.9629384875297546,0.7872007489204407,0.8139937520027161,0.8426018357276917,0.7030292749404907,0.8148511648178101,0.7674781680107117,0.8658851385116577,0.9435170292854309,0.7060601711273193,0.6495996713638306,0.6456456780433655,0.6658489108085632,0.8917476534843445,0.881050705909729,0.8353009223937988,0.7760393023490906,0.9648404121398926,0.9736528992652893,0.9673987030982971,0.9759451746940613,0.9822255969047546,0.7920774221420288,0.8149005770683289,0.8567260503768921,0.6926066875457764,0.8225477337837219,0.7851603627204895,0.8747838735580444,0.9405667185783386,0.697205662727356,0.6506578326225281,0.6485406160354614,0.6712443232536316,0.9112066626548767,0.8971403241157532,0.8348351120948792,0.7706753611564636,0.9651603102684021
20,0.5,0.9739182591438293,0.9667335152626038,0.977774977684021,0.9683030247688293,0.7949129343032837,0.8106094598770142,0.8368934988975525,0.7106390595436096,0.8145636916160583,0.7656620740890503,0.8690968155860901,0.9429662227630615,0.7040423154830933,0.649522066116333,0.6462580561637878,0.6683487296104431,0.8947251439094543,0.8797706961631775,0.841055154800415,0.7666059136390686,0.9649792909622192,0.9785109758377075,0.973482072353363,0.9786475896835327,0.9698158502578735,0.81602543592453,0.8532198071479797,0.8575684428215027,0.7184922695159912,0.8280473947525024,0.7913526296615601,0.8895677924156189,0.9452947378158569,0.7000117897987366,0.62863689661026,0.6115385890007019,0.6296128034591675,0.926170825958252,0.9103326797485352,0.8405369520187378,0.7680280804634094,0.973332941532135
21,0.5,0.9763636589050293,0.9689452648162842,0.9800540804862976,0.973288893699646,0.8078005313873291,0.8146048188209534,0.8388468623161316,0.7194613814353943,0.8218413591384888,0.7691828608512878,0.8773614168167114,0.945427417755127,0.7045539617538452,0.6481356024742126,0.6400162577629089,0.6676607728004456,0.9034439325332642,0.8880611658096313,0.8252515196800232,0.7815739512443542,0.9676386117935181,0.9835301637649536,0.9804260730743408,0.9843778610229492,0.9870578646659851,0.8320612907409668,0.8475594520568848,0.8536921739578247,0.7287302613258362,0.8278416991233826,0.7778891921043396,0.89494788646698,0.9557499885559082,0.6989677548408508,0.6385838389396667,0.6108484268188477,0.6574198603630066,0.9352658987045288,0.9244603514671326,0.850154459476471,0.7716949582099915,0.9780498743057251
22,0.5,0.9760772585868835,0.9684430360794067,0.9793913960456848,0.9722377061843872,0.8168454170227051,0.8146486878395081,0.8454886078834534,0.7213815450668335,0.8227900862693787,0.7697557806968689,0.8831882476806641,0.9473313689231873,0.7050074338912964,0.6484443545341492,0.6377425193786621,0.6651098132133484,0.9069227576255798,0.8978941440582275,0.8272899389266968,0.7841290831565857,0.9695067405700684,0.9814498424530029,0.9769197702407837,0.980241060256958,0.9701662659645081,0.8354501724243164,0.8467099666595459,0.8591616749763489,0.715202808380127,0.8495101928710938,0.7759180068969727,0.9022572636604309,0.9490008354187012,0.699824869632721,0.6621831655502319,0.623557984828949,0.6558172106742859,0.9302228689193726,0.9192037582397461,0.8527739644050598,0.76446533203125,0.9770448803901672
23,0.5,0.9759699702262878,0.9695848822593689,0.9788796305656433,0.9723013639450073,0.8269994854927063,0.817454993724823,0.8459697365760803,0.7326319813728333,0.8258118629455566,0.773027241230011,0.885215699672699,0.9470148682594299,0.7068648934364319,0.6467357277870178,0.6422351002693176,0.665755033493042,0.9057368040084839,0.8993217349052429,0.8302170634269714,0.7772999405860901,0.9704914093017578,0.9813786149024963,0.9777445793151855,0.9810559749603271,0.972827672958374,0.8493338227272034,0.8315396904945374,0.8561153411865234,0.7227884531021118,0.8538559079170227,0.7752457857131958,0.9073264002799988,0.9511376023292542,0.70107501745224,0.6078649759292603,0.6139668822288513,0.6478257179260254,0.935359001159668,0.9283795356750488,0.8487979173660278,0.7721350193023682,0.9782057404518127
24,0.5,0.9775567650794983,0.971147894859314,0.979856550693512,0.9689981341362,0.8315412998199463,0.8159464597702026,0.8480809926986694,0.7520461678504944,0.8246487379074097,0.7697456479072571,0.8889113068580627,0.9491329193115234,0.7013422846794128,0.6486659646034241,0.6421018838882446,0.6664119958877563,0.9107409119606018,0.9060503244400024,0.8339410424232483,0.7801700234413147,0.9713572263717651,0.9809364080429077,0.9760684370994568,0.9797968864440918,0.9814269542694092,0.8419236540794373,0.8204391598701477,0.8608862161636353,0.7960361242294312,0.8401588797569275,0.7874101996421814,0.9086180925369263,0.9500857591629028,0.7023081183433533,0.6312196850776672,0.6366942524909973,0.7021925449371338,0.9329391121864319,0.9301288723945618,0.8442873358726501,0.7703706622123718,0.9767836332321167
25,0.5,0.9773777723312378,0.9700440764427185,0.9798896312713623,0.9709376096725464,0.8347034454345703,0.8183081150054932,0.8501057624816895,0.7889888882637024,0.8256596326828003,0.7760710716247559,0.8916552066802979,0.9491692781448364,0.7060294151306152,0.6465022563934326,0.6425042152404785,0.6655781865119934,0.9132946729660034,0.9030447602272034,0.8383601307868958,0.7752546668052673,0.969348669052124,0.9827947616577148,0.9782500863075256,0.9816285371780396,0.9678487181663513,0.8630770444869995,0.8333425521850586,0.8667415976524353,0.8002732396125793,0.8686293363571167,0.7972826957702637,0.9125950932502747,0.9578527212142944,0.7005542516708374,0.6350670456886292,0.6216176152229309,0.6506430506706238,0.9428893327713013,0.9396101832389832,0.852891743183136,0.769538402557373,0.9781709909439087
26,0.5,0.9781486988067627,0.9709009528160095,0.9808341264724731,0.9725484848022461,0.8448886871337891,0.816314160823822,0.8527297377586365,0.8103384971618652,0.8263040781021118,0.7783102989196777,0.8969727754592896,0.9531577825546265,0.7062411308288574,0.6463664770126343,0.6369667649269104,0.6652960181236267,0.9192320704460144,0.9095316529273987,0.8306781649589539,0.7831318974494934,0.9701719880104065,0.9823709726333618,0.9764584898948669,0.9803076982498169,0.9716053605079651,0.8751229047775269,0.8247600793838501,0.869081437587738,0.8269187211990356,0.8423200249671936,0.7876549959182739,0.9224967360496521,0.9566590189933777,0.7002689242362976,0.632227897644043,0.5855574607849121,0.6569487452507019,0.9411051869392395,0.9386045932769775,0.8566125631332397,0.7660080194473267,0.9788484573364258
27,0.5,0.9777198433876038,0.970668613910675,0.980199933052063,0.9692169427871704,0.8500820398330688,0.819144070148468,0.8537273406982422,0.8118427991867065,0.8302658200263977,0.777243971824646,0.8989094495773315,0.9532893896102905,0.7054721713066101,0.644771158695221,0.6394378542900085,0.6657463312149048,0.9152740836143494,0.9068958163261414,0.835072934627533,0.7801289558410645,0.9718729853630066,0.9832755923271179,0.9791326522827148,0.9818326830863953,0.9684820771217346,0.8796278238296509,0.8292267918586731,0.8738899827003479,0.8231765031814575,0.8612052202224731,0.781954288482666,0.9160951375961304,0.9592315554618835,0.7016273736953735,0.6594176888465881,0.6365403532981873,0.710933268070221,0.9454401135444641,0.9368279576301575,0.8476573824882507,0.7708728313446045,0.9801870584487915
28,0.5,0.976993203163147,0.9708182215690613,0.9801620841026306,0.9719452261924744,0.8593202829360962,0.8215597867965698,0.8550015687942505,0.8199896216392517,0.8297865986824036,0.7799171805381775,0.9007120728492737,0.9530983567237854,0.7080789804458618,0.6447763442993164,0.6387366652488708,0.6652042865753174,0.9191667437553406,0.9083910584449768,0.8339648246765137,0.782080888748169,0.9709622859954834,0.9832632541656494,0.9791918992996216,0.9825776815414429,0.967850387096405,0.8843696713447571,0.8218262195587158,0.870994508266449,0.8300467133522034,0.858478844165802,0.7962679862976074,0.9233897924423218,0.9564940333366394,0.701572835445404,0.5950673818588257,0.6509120464324951,0.6573730111122131,0.9483155608177185,0.9308720231056213,0.8500530123710632,0.7716142535209656,0.9786612391471863
29,0.5,0.9776912331581116,0.971645176410675,0.9813637137413025,0.9750953316688538,0.8631508946418762,0.8222665190696716,0.8582268953323364,0.8217153549194336,0.8342714905738831,0.7836351990699768,0.9053594470024109,0.9542118310928345,0.7070112228393555,0.6462422609329224,0.6417998671531677,0.6666663289070129,0.9237757921218872,0.9157696962356567,0.8338437676429749,0.7787131071090698,0.9704668521881104,0.9814869165420532,0.9769132733345032,0.9824674129486084,0.9595442414283752,0.8816455006599426,0.848652184009552,0.8642529845237732,0.8330132961273193,0.8515083193778992,0.7928370237350464,0.9268930554389954,0.9573784470558167,0.7025412321090698,0.6284397840499878,0.5984633564949036,0.6681259870529175,0.9446086883544922,0.9318942427635193,0.8468925952911377,0.7883935570716858,0.9774560332298279
30,0.5,0.979339599609375,0.9735062122344971,0.9825374484062195,0.9754776358604431,0.8668485879898071,0.8260047435760498,0.8594913482666016,0.8283804655075073,0.8335685133934021,0.7841053605079651,0.9094665050506592,0.9558542370796204,0.7050207853317261,0.6425777673721313,0.6356494426727295,0.6672208905220032,0.9309993982315063,0.9195421934127808,0.8441946506500244,0.773861289024353,0.9731802940368652,0.98015296459198,0.9755797386169434,0.9811596274375916,0.9578316807746887,0.8815624713897705,0.8360162377357483,0.8693146705627441,0.8414472341537476,0.8368775844573975,0.7829859852790833,0.9219607710838318,0.9593356847763062,0.7013951539993286,0.6792037487030029,0.621040403842926,0.6496479511260986,0.941943347454071,0.9350428581237793,0.8389861583709717,0.7817440629005432,0.9755074977874756
31,0.5,0.9786587357521057,0.9736937880516052,0.9824336171150208,0.9766274094581604,0.8686119914054871,0.8240759968757629,0.8614718914031982,0.8285994529724121,0.8329014182090759,0.7826686501502991,0.9080963134765625,0.9581003189086914,0.7065464854240417,0.6451941728591919,0.6382813453674316,0.6666871905326843,0.9292608499526978,0.9202560782432556,0.8369459509849548,0.7792341113090515,0.9735186696052551,0.9771803021430969,0.9732538461685181,0.9800653457641602,0.9828821420669556,0.8765436410903931,0.8397451639175415,0.866302490234375,0.8375740647315979,0.8552888035774231,0.7910249829292297,0.9165094494819641,0.9548187255859375,0.7021608352661133,0.6650531888008118,0.629438042640686,0.6556738018989563,0.943682074546814,0.9331597685813904,0.8437902331352234,0.776636004447937,0.9735576510429382
32,0.5,0.9762514233589172,0.9718954563140869,0.9823881387710571,0.9792770743370056,0.8676633834838867,0.8267330527305603,0.8595689535140991,0.8291177153587341,0.8308679461479187,0.7828480005264282,0.9068461656570435,0.957628607749939,0.7076676487922668,0.6469729542732239,0.6393664479255676,0.6669461131095886,0.9281650185585022,0.9179660677909851,0.8379524350166321,0.7786985039710999,0.9699920415878296,0.9817637205123901,0.97846919298172,0.9828515648841858,0.9790546298027039,0.8938640356063843,0.8525950312614441,0.8764591217041016,0.851882815361023,0.8603569269180298,0.79273921251297,0.9231532216072083,0.9602031111717224,0.7022445797920227,0.6389881372451782,0.6186094880104065,0.6460614800453186,0.9536381363868713,0.9478559494018555,0.8430460095405579,0.7782519459724426,0.978380560874939
33,0.5,0.9768864512443542,0.972790539264679,0.9830103516578674,0.9764578938484192,0.8750357031822205,0.8291052579879761,0.8638505935668945,0.8349452018737793,0.8357924818992615,0.7838994860649109,0.9062400460243225,0.9585743546485901,0.7081774473190308,0.642859697341919,0.6385643482208252,0.6624271869659424,0.9301767945289612,0.9227780103683472,0.83382648229599,0.7833389043807983,0.9735162258148193,0.9812206029891968,0.9771746397018433,0.9826739430427551,0.9799145460128784,0.8927767276763916,0.8392191529273987,0.8809333443641663,0.8423696160316467,0.8347522616386414,0.7971612215042114,0.9280286431312561,0.9627344012260437,0.7025458812713623,0.6586920022964478,0.6207152605056763,0.6909368634223938,0.9500811696052551,0.9430204629898071,0.8321380019187927,0.7871374487876892,0.978210985660553
34,0.5,0.9775724411010742,0.9733718633651733,0.9839104413986206,0.9817500114440918,0.8776904344558716,0.8309117555618286,0.8670016527175903,0.8333449959754944,0.8313358426094055,0.7862704992294312,0.9106251001358032,0.9591138958930969,0.7084193229675293,0.6427059769630432,0.6350281834602356,0.6658561825752258,0.93011873960495,0.9235130548477173,0.8336105942726135,0.7856668829917908,0.973188042640686,0.9775574803352356,0.9758673310279846,0.9818758368492126,0.9837840795516968,0.8917984962463379,0.8336963057518005,0.8791689872741699,0.831996738910675,0.8350216150283813,0.8001601696014404,0.9129584431648254,0.9551038146018982,0.703917384147644,0.6408650279045105,0.6273924708366394,0.6734233498573303,0.9485577940940857,0.9413133263587952,0.8584699034690857,0.7623914480209351,0.9771793484687805
35,0.5,0.9779040813446045,0.9757975935935974,0.9847251772880554,0.9807823896408081,0.8801161646842957,0.830653965473175,0.8676333427429199,0.8356242179870605,0.8316860198974609,0.7880708575248718,0.9083011150360107,0.9591039419174194,0.7084996700286865,0.6425748467445374,0.6390523314476013,0.6686874628067017,0.9300609827041626,0.9274055361747742,0.8348866701126099,0.7849927544593811,0.9759623408317566,0.9783329367637634,0.9761297702789307,0.9828973412513733,0.9824455380439758,0.9047990441322327,0.8331104516983032,0.869759738445282,0.8600554466247559,0.8510814309120178,0.7978076934814453,0.9271430373191833,0.9581040143966675,0.703784704208374,0.6305214762687683,0.6134648323059082,0.6936334371566772,0.9465234279632568,0.9456833600997925,0.8344762325286865,0.7858293056488037,0.9778329730033875
36,0.5,0.9738345742225647,0.973882257938385,0.9842531681060791,0.976097047328949,0.883323609828949,0.8304370641708374,0.8692785501480103,0.838631272315979,0.8342182040214539,0.7869201302528381,0.9145010709762573,0.9593079090118408,0.7099654078483582,0.6450067162513733,0.6355025172233582,0.6642928123474121,0.9307886362075806,0.9223090410232544,0.8396463990211487,0.7795960903167725,0.9733377695083618,0.9783257246017456,0.9808807373046875,0.9853361248970032,0.9881836175918579,0.9094184637069702,0.8476081490516663,0.889129638671875,0.840181291103363,0.8665930032730103,0.7968642115592957,0.9303212761878967,0.9642327427864075,0.7076867818832397,0.6378806233406067,0.6241075992584229,0.6670811176300049,0.9532690644264221,0.949097752571106,0.8648755550384521,0.7596406936645508,0.9812166094779968
37,0.5,0.9666159152984619,0.9745543599128723,0.984342634677887,0.9795548915863037,0.8895732760429382,0.833625078201294,0.8688566088676453,0.839701235294342,0.8351459503173828,0.7950652241706848,0.9152141809463501,0.9603999257087708,0.7183857560157776,0.6416553854942322,0.6364926099777222,0.6623969078063965,0.9317979216575623,0.9291995167732239,0.8401305675506592,0.7780416011810303,0.9763042330741882,0.9614608287811279,0.9722985625267029,0.9809411764144897,0.9891290068626404,0.8953378200531006,0.8289531469345093,0.8848063945770264,0.8404041528701782,0.8561648726463318,0.7862498164176941,0.9242334961891174,0.957036554813385,0.7194123864173889,0.6487033367156982,0.6534765958786011,0.641119122505188,0.9439244866371155,0.9428274631500244,0.8528222441673279,0.7682021260261536,0.9754049777984619
38,0.5,0.9557754397392273,0.9723966717720032,0.9843997359275818,0.9827373027801514,0.8855561017990112,0.8348270654678345,0.8694694638252258,0.842589259147644,0.8343142867088318,0.7937901020050049,0.9148602485656738,0.9572956562042236,0.725006639957428,0.6448115706443787,0.6391969323158264,0.6654191613197327,0.9333145618438721,0.924698531627655,0.8379947543144226,0.780117928981781,0.9741562008857727,0.9538525938987732,0.9730222821235657,0.9825446605682373,0.9827277064323425,0.9002773761749268,0.8327437043190002,0.8727647662162781,0.8435792326927185,0.8690235614776611,0.8071542978286743,0.9258188009262085,0.9573427438735962,0.7265794277191162,0.6309441328048706,0.6482806205749512,0.6757711172103882,0.9458701014518738,0.9348278641700745,0.8244697451591492,0.7936257719993591,0.9765835404396057
39,0.5,0.9408990740776062,0.9737024307250977,0.9857667088508606,0.9788389801979065,0.8843376636505127,0.8349286317825317,0.8745214939117432,0.8443341255187988,0.8331791162490845,0.798445463180542,0.9121925830841064,0.9591735005378723,0.7365567088127136,0.639976441860199,0.635485053062439,0.6651227474212646,0.9295843243598938,0.9240002632141113,0.8319610953330994,0.7874549627304077,0.9741184711456299,0.9488853812217712,0.9803658723831177,0.9860693216323853,0.9743480682373047,0.9188302755355835,0.8477522134780884,0.8848621845245361,0.8427221775054932,0.8539642095565796,0.8519947528839111,0.9333663582801819,0.9654977917671204,0.7345931529998779,0.6180505752563477,0.6562973260879517,0.6141787171363831,0.952235758304596,0.9496158361434937,0.8513987064361572,0.7719426155090332,0.9803106784820557
40,0.5,0.9255441427230835,0.9740574955940247,0.9866684675216675,0.9819573163986206,0.8897659182548523,0.8352531790733337,0.8705857396125793,0.8413746953010559,0.8345288634300232,0.8242588639259338,0.9173579216003418,0.9601378440856934,0.747242271900177,0.6419435739517212,0.635684072971344,0.6604886054992676,0.9325270056724548,0.9281822443008423,0.8384701609611511,0.7823876738548279,0.9728884100914001,0.8953520059585571,0.9782522916793823,0.9863640666007996,0.9868788123130798,0.910415530204773,0.8370800018310547,0.8923006653785706,0.8558024764060974,0.863055944442749,0.8631567358970642,0.9354511499404907,0.9666416645050049,0.7677542567253113,0.6281329989433289,0.6421819925308228,0.6428294777870178,0.9528935551643372,0.9480661749839783,0.8492054343223572,0.7752137780189514,0.9787343144416809
41,0.5,0.9389851093292236,0.9722800254821777,0.9859077334403992,0.9817295670509338,0.8848444819450378,0.8365521430969238,0.8715105652809143,0.8439991474151611,0.835746705532074,0.8408616185188293,0.9162694811820984,0.9599966406822205,0.7401816248893738,0.6438594460487366,0.6355467438697815,0.6646996736526489,0.9332402348518372,0.928713321685791,0.8353357315063477,0.7831205725669861,0.972378134727478,0.9294052124023438,0.9807605147361755,0.9880176186561584,0.9844415783882141,0.9146949648857117,0.8411991596221924,0.8907693028450012,0.859837532043457,0.847395122051239,0.8908029794692993,0.940703272819519,0.9697283506393433,0.7525458931922913,0.6144330501556396,0.6205349564552307,0.6678871512413025,0.9589684009552002,0.948981761932373,0.8576964735984802,0.7741227149963379,0.9813922643661499
42,0.5,0.9093686938285828,0.9744381308555603,0.9869062900543213,0.984479546546936,0.8972522020339966,0.8398125767707825,0.8779173493385315,0.8497398495674133,0.8385120034217834,0.8667100071907043,0.9221949577331543,0.9617422819137573,0.7634117007255554,0.6436101198196411,0.6317821145057678,0.6641180515289307,0.9362610578536987,0.932160496711731,0.842750608921051,0.7799976468086243,0.9780683517456055,0.9012670516967773,0.9737334847450256,0.9847707748413086,0.9885900020599365,0.9095144867897034,0.8311201333999634,0.8860297799110413,0.8707635998725891,0.8208107948303223,0.8971757292747498,0.9314959049224854,0.9622095227241516,0.7739617228507996,0.6292672157287598,0.5853315591812134,0.6913332343101501,0.9507459998130798,0.946508526802063,0.8376615047454834,0.78620445728302,0.9782774448394775
43,0.5,0.892475962638855,0.9730383157730103,0.9870365858078003,0.9812996983528137,0.8932543992996216,0.8362141847610474,0.8789680004119873,0.8472246527671814,0.8363324999809265,0.8735272884368896,0.920501708984375,0.9605833888053894,0.7784320116043091,0.6423748135566711,0.6328727602958679,0.664432168006897,0.9349362850189209,0.9320752620697021,0.8347692489624023,0.7844517827033997,0.9759867191314697,0.8819048404693604,0.9806827306747437,0.9892459511756897,0.9892244338989258,0.9206581711769104,0.8373328447341919,0.900389552116394,0.8833041787147522,0.8627476096153259,0.9001051187515259,0.9438362717628479,0.967900812625885,0.7884641289710999,0.6328979730606079,0.6096247434616089,0.6701681017875671,0.9588010311126709,0.9522245526313782,0.8488661646842957,0.775764524936676,0.9852703809738159
44,0.5,0.8852997422218323,0.9739547967910767,0.9881466031074524,0.9834113717079163,0.8984801769256592,0.8392684459686279,0.8783838748931885,0.8478789329528809,0.836719810962677,0.8829377293586731,0.9265455007553101,0.9637646079063416,0.7857283353805542,0.6431753635406494,0.6321690678596497,0.6643617153167725,0.9398233890533447,0.9366016387939453,0.8398977518081665,0.7831023335456848,0.9786008596420288,0.8876413702964783,0.9806120991706848,0.9889014959335327,0.9901305437088013,0.9289353489875793,0.8407498002052307,0.8961509466171265,0.8494622707366943,0.8653672933578491,0.9081900119781494,0.9454681277275085,0.9686135053634644,0.7960374355316162,0.638188898563385,0.610261857509613,0.7130183577537537,0.9593982696533203,0.9566049575805664,0.8405984044075012,0.7828420400619507,0.9870408773422241
45,0.5,0.903963565826416,0.9743732213973999,0.9887971878051758,0.9795379638671875,0.9014500379562378,0.8411211967468262,0.880797803401947,0.8548468351364136,0.8397228121757507,0.8809714913368225,0.9234147071838379,0.965306282043457,0.7809295654296875,0.643231987953186,0.6327385306358337,0.6654515862464905,0.9410700798034668,0.935299813747406,0.8446322083473206,0.7772815227508545,0.9772041440010071,0.9109775424003601,0.9800500273704529,0.9889377951622009,0.9765807390213013,0.9117844104766846,0.8373136520385742,0.8991121053695679,0.8544593453407288,0.8202688694000244,0.8923972845077515,0.9415863752365112,0.9711688756942749,0.7820947766304016,0.6430515646934509,0.6229184865951538,0.6378796100616455,0.9527357816696167,0.9499431252479553,0.8448731303215027,0.7783216238021851,0.9865893125534058
46,0.5,0.9047621488571167,0.9722687602043152,0.9888917803764343,0.980914831161499,0.8965426683425903,0.8426881432533264,0.8808516263961792,0.8521746397018433,0.8334227800369263,0.8824930191040039,0.9219163060188293,0.9669739007949829,0.7832053303718567,0.6422957181930542,0.6342033743858337,0.664473295211792,0.9388441443443298,0.9340620040893555,0.8328244686126709,0.7877808213233948,0.9784955978393555,0.8935259580612183,0.9750027656555176,0.9866916537284851,0.979189395904541,0.9237713813781738,0.8289434909820557,0.8946576118469238,0.8493531942367554,0.8688727021217346,0.9099118113517761,0.9354370832443237,0.9667385220527649,0.7951618432998657,0.6243146657943726,0.6241251230239868,0.6386847496032715,0.9542524814605713,0.9503527879714966,0.8399171233177185,0.7828448414802551,0.9840534925460815
47,0.5,0.9045202136039734,0.967288613319397,0.9886041283607483,0.982274055480957,0.9047117233276367,0.8412065505981445,0.8793215155601501,0.8561707139015198,0.8423594236373901,0.884427547454834,0.925872266292572,0.9651845097541809,0.7834417223930359,0.6448220014572144,0.6337546110153198,0.6644279360771179,0.938998818397522,0.9346073269844055,0.8400507569313049,0.7834345102310181,0.9773148894309998,0.9103467464447021,0.9764994382858276,0.989791989326477,0.9868338704109192,0.9307637214660645,0.8449150919914246,0.9042132496833801,0.8667927980422974,0.8421297073364258,0.9115039110183716,0.9431498646736145,0.9722321629524231,0.7818844318389893,0.6388802528381348,0.6385343670845032,0.6464883685112,0.9641816020011902,0.9538692831993103,0.8532623648643494,0.7735924124717712,0.9845291376113892
48,0.5,0.8980684280395508,0.9614017009735107,0.9892246723175049,0.9808816909790039,0.9030195474624634,0.8456056714057922,0.8846061825752258,0.8587013483047485,0.8427501916885376,0.886101484298706,0.9266592860221863,0.9658660292625427,0.7906363606452942,0.6452878713607788,0.6324617266654968,0.6621272563934326,0.941444993019104,0.9327739477157593,0.8465894460678101,0.7750157117843628,0.9778385758399963,0.879690945148468,0.9662184119224548,0.9902198314666748,0.9886529445648193,0.9356158971786499,0.848134458065033,0.9014318585395813,0.8568668365478516,0.8348233103752136,0.9083600640296936,0.9461609721183777,0.9726871252059937,0.810497522354126,0.633927583694458,0.6347123980522156,0.6647157669067383,0.966032862663269,0.9551512598991394,0.8602434396743774,0.7703074812889099,0.9857497215270996
49,0.5,0.88590008020401,0.9444199204444885,0.9898681044578552,0.9866110682487488,0.9087634086608887,0.8476296663284302,0.8840294480323792,0.8571066856384277,0.843163013458252,0.8877320289611816,0.9313833713531494,0.9671912789344788,0.8002532720565796,0.6530424952507019,0.6345685720443726,0.6621192693710327,0.9461715817451477,0.9355161786079407,0.835203230381012,0.7868767976760864,0.9792383313179016,0.8217586278915405,0.9350440502166748,0.988422691822052,0.9909707903862,0.9233893752098083,0.8343674540519714,0.8949981927871704,0.8682221174240112,0.8447855114936829,0.9071905016899109,0.9355449676513672,0.9679598212242126,0.8416743874549866,0.6696223616600037,0.6481585502624512,0.6796321272850037,0.9540692567825317,0.9450663328170776,0.839195728302002,0.7835648059844971,0.9818492531776428
50,0.5,0.8821392059326172,0.9335534572601318,0.9902969598770142,0.9803141951560974,0.9071212410926819,0.8475915789604187,0.885147750377655,0.8601968884468079,0.8420910835266113,0.8891698718070984,0.9283958673477173,0.9667009711265564,0.8045544028282166,0.6561194658279419,0.6323160529136658,0.6646285057067871,0.9382310509681702,0.935309648513794,0.8418421745300293,0.7790994048118591,0.978223979473114,0.8690436482429504,0.9344022274017334,0.990896463394165,0.9798336029052734,0.9292917251586914,0.8381300568580627,0.9074100255966187,0.8653634190559387,0.8407372832298279,0.9141080975532532,0.9440962672233582,0.9729762077331543,0.8200753331184387,0.6553284525871277,0.6201900839805603,0.6287550926208496,0.9638959765434265,0.9556568264961243,0.8476553559303284,0.7802756428718567,0.9854424595832825
51,0.5,0.8798379302024841,0.9257094860076904,0.9903955459594727,0.9780833125114441,0.907389223575592,0.8485568761825562,0.8893939852714539,0.860129177570343,0.8405531048774719,0.8929738998413086,0.9269645810127258,0.9660528898239136,0.8121337890625,0.6596366167068481,0.6345845460891724,0.664240837097168,0.9440248608589172,0.9363368153572083,0.8340636491775513,0.785921037197113,0.9783560037612915,0.876614511013031,0.9305962920188904,0.9889689683914185,0.9830718040466309,0.929286539554596,0.8403757810592651,0.9063006639480591,0.8606551289558411,0.8473513722419739,0.9157001376152039,0.9372785687446594,0.9682983160018921,0.8225313425064087,0.668790876865387,0.5928266644477844,0.6496337056159973,0.957057774066925,0.9548609256744385,0.8411871790885925,0.7821025252342224,0.9844592809677124
52,0.5,0.9002549052238464,0.9084896445274353,0.9914451241493225,0.9804001450538635,0.9099077582359314,0.8513391613960266,0.8870347738265991,0.8594032526016235,0.8465220332145691,0.9011913537979126,0.9295700192451477,0.9690375924110413,0.7983599901199341,0.6707587838172913,0.6349351406097412,0.6658880114555359,0.9455606341362,0.9408432245254517,0.8462895750999451,0.7774214744567871,0.9805116653442383,0.8893810510635376,0.9228523969650269,0.9904066920280457,0.9841046929359436,0.9299235343933105,0.8479422926902771,0.9001190066337585,0.8698433041572571,0.876591145992279,0.9202737808227539,0.9456300735473633,0.9730226397514343,0.8189976811408997,0.648428738117218,0.5931507349014282,0.6226566433906555,0.9620822668075562,0.9569748640060425,0.8425153493881226,0.7829720377922058,0.9834178686141968
53,0.5,0.8947851061820984,0.9101245999336243,0.990561306476593,0.9783729910850525,0.9072777032852173,0.8515440821647644,0.8837862610816956,0.8571687936782837,0.8441792130470276,0.89939284324646,0.9268584251403809,0.9651744365692139,0.8055208921432495,0.6723898649215698,0.6369282603263855,0.6669493913650513,0.9430418014526367,0.9336027503013611,0.8410884737968445,0.7809468507766724,0.9781733751296997,0.9046027064323425,0.905709981918335,0.9906265735626221,0.981665849685669,0.929673969745636,0.8479369878768921,0.911153256893158,0.864919126033783,0.8644363880157471,0.9149887561798096,0.9459642767906189,0.9737138152122498,0.8052124381065369,0.68586665391922,0.6241517663002014,0.6480374336242676,0.9631396532058716,0.9466080665588379,0.8422167897224426,0.784641683101654,0.984050989151001
54,0.5,0.8975820541381836,0.8980011343955994,0.9913075566291809,0.9823015332221985,0.9043964743614197,0.8519883751869202,0.8902984857559204,0.8606720566749573,0.8430740237236023,0.9030855894088745,0.9302738904953003,0.9691421985626221,0.8065815567970276,0.6791261434555054,0.6372618675231934,0.66556316614151,0.9487670660018921,0.9347883462905884,0.840541660785675,0.7828603982925415,0.9777694940567017,0.8816853761672974,0.8922416567802429,0.9910038709640503,0.9853993654251099,0.9340875148773193,0.8459734320640564,0.9123119115829468,0.8707461357116699,0.8775396943092346,0.9257027506828308,0.9458205699920654,0.9747512340545654,0.8279748558998108,0.6748690009117126,0.6104289889335632,0.6698627471923828,0.9670564532279968,0.9561625123023987,0.8429304957389832,0.7839022874832153,0.9851410984992981
55,0.5,0.8930253982543945,0.8927847146987915,0.9916775226593018,0.9833122491836548,0.9108600616455078,0.8542439341545105,0.8916916847229004,0.8609735369682312,0.8446969985961914,0.9060776233673096,0.9303857684135437,0.9693576693534851,0.8127501010894775,0.6827479600906372,0.6367741227149963,0.6727745532989502,0.948027491569519,0.9386109709739685,0.8407732248306274,0.785081148147583,0.9768480062484741,0.9003377556800842,0.8961277008056641,0.9934444427490234,0.9909890294075012,0.9349392056465149,0.8559637069702148,0.9170695543289185,0.8598654270172119,0.8397707939147949,0.9297807812690735,0.9517074823379517,0.9785365462303162,0.8216944932937622,0.6803902387619019,0.5901656746864319,0.6541756391525269,0.9694406986236572,0.9623349905014038,0.8523088693618774,0.7774450778961182,0.9863702058792114
56,0.5,0.89900803565979,0.8860950469970703,0.9917646646499634,0.984127402305603,0.9116412401199341,0.853687584400177,0.8878578543663025,0.86317378282547,0.8480817675590515,0.9078347682952881,0.9346069097518921,0.9684334993362427,0.8121516108512878,0.6919328570365906,0.6372618675231934,0.6732251644134521,0.942690908908844,0.9354404211044312,0.8420850038528442,0.7833606600761414,0.9778465628623962,0.8989482522010803,0.8798550963401794,0.992922842502594,0.992692768573761,0.9320655465126038,0.8510096073150635,0.9107152819633484,0.8827024102210999,0.8272193074226379,0.930477499961853,0.9535526037216187,0.9781426191329956,0.8226377367973328,0.6943670511245728,0.6320091485977173,0.6673965454101562,0.9683409929275513,0.9515640735626221,0.8475242853164673,0.7821984887123108,0.9863367676734924
57,0.5,0.9036604166030884,0.8780159950256348,0.9926101565361023,0.9856311082839966,0.9144683480262756,0.8565309643745422,0.8928449749946594,0.8620827198028564,0.8463699817657471,0.9033277630805969,0.9351941347122192,0.970790684223175,0.8069679737091064,0.6980316042900085,0.6376503705978394,0.6763731241226196,0.9490101337432861,0.9381695985794067,0.8453612923622131,0.7814006209373474,0.976959228515625,0.8819251656532288,0.8788712024688721,0.9917970299720764,0.9941694736480713,0.9362496733665466,0.8485268354415894,0.91197669506073,0.875417947769165,0.8706815242767334,0.9275524616241455,0.9505265355110168,0.9757682681083679,0.829185426235199,0.7114259004592896,0.6124503016471863,0.7056823968887329,0.966133177280426,0.9564839005470276,0.8439150452613831,0.785933792591095,0.9830110669136047
58,0.5,0.9026573896408081,0.8723053336143494,0.9928311705589294,0.9828081727027893,0.9143767952919006,0.8559039831161499,0.8973190784454346,0.8671484589576721,0.848228931427002,0.9085497856140137,0.9343372583389282,0.9713911414146423,0.8094478845596313,0.7077852487564087,0.6352559328079224,0.6784275770187378,0.9494823813438416,0.9397486448287964,0.8417178392410278,0.7840718626976013,0.9780866503715515,0.9011580348014832,0.8672301769256592,0.9923111200332642,0.9923944473266602,0.9337868690490723,0.8546718955039978,0.9083608984947205,0.8711732625961304,0.8527389764785767,0.9335798621177673,0.9484586119651794,0.9753071665763855,0.8215383291244507,0.7241934537887573,0.6442739367485046,0.6997421979904175,0.9646056890487671,0.9463257193565369,0.84677654504776,0.7809710502624512,0.982793390750885
59,0.5,0.901765763759613,0.8726335167884827,0.9922453165054321,0.9823114275932312,0.9149838089942932,0.8557602167129517,0.8947507739067078,0.8633745312690735,0.846813440322876,0.9066295027732849,0.9329060316085815,0.9697951078414917,0.8152574896812439,0.7144062519073486,0.6378882527351379,0.6858952045440674,0.9466198086738586,0.9363316893577576,0.8328949809074402,0.7882575392723083,0.9761829972267151,0.877608597278595,0.8740241527557373,0.9914206266403198,0.9908838868141174,0.9361472129821777,0.8509936928749084,0.91008061170578,0.8650913238525391,0.8562350869178772,0.9355565309524536,0.9435681700706482,0.9726957678794861,0.8356653451919556,0.7167823910713196,0.6218129396438599,0.6675033569335938,0.9618455767631531,0.9553647041320801,0.8519166111946106,0.7752243280410767,0.9845594167709351
60,0.5,0.9005359411239624,0.8660698533058167,0.9931789040565491,0.9856455326080322,0.920912504196167,0.8640366792678833,0.8947096467018127,0.8677476048469543,0.8509566187858582,0.9094011187553406,0.9374794363975525,0.9716163277626038,0.818808376789093,0.7213729023933411,0.6364388465881348,0.6884025931358337,0.9483024477958679,0.9433141946792603,0.8352887034416199,0.789699137210846,0.9778006076812744,0.9023535251617432,0.8473906517028809,0.9928783774375916,0.9899088144302368,0.9365203380584717,0.8538323044776917,0.9142236709594727,0.8670597672462463,0.8497376441955566,0.9354194402694702,0.9490571618080139,0.9768992066383362,0.8120684623718262,0.7315653562545776,0.612988293170929,0.710868239402771,0.9653891921043396,0.9558547139167786,0.8331617116928101,0.7953127026557922,0.9846175312995911
61,0.5,0.9081388115882874,0.8521168231964111,0.9930499196052551,0.9821347594261169,0.9175878763198853,0.8606230020523071,0.8941296339035034,0.8647969961166382,0.8477964997291565,0.9089402556419373,0.9357510805130005,0.9730980396270752,0.8056476712226868,0.7296560406684875,0.6386247277259827,0.6956392526626587,0.9504126906394958,0.9451536536216736,0.8361563682556152,0.7880416512489319,0.9775076508522034,0.9045178294181824,0.8611038327217102,0.9932152032852173,0.9873754978179932,0.9446473717689514,0.8511874675750732,0.9174426794052124,0.87223881483078,0.8605116605758667,0.9396665096282959,0.9539597034454346,0.9806228280067444,0.8202967643737793,0.7464084625244141,0.6087774634361267,0.7004767060279846,0.9677506685256958,0.9652141332626343,0.8469361066818237,0.7836012840270996,0.9862779974937439
62,0.5,0.8937479257583618,0.8571298718452454,0.9933193325996399,0.9800522923469543,0.9197739362716675,0.86305832862854,0.8969295024871826,0.8654844760894775,0.8538830280303955,0.9049518704414368,0.9395866990089417,0.9748401641845703,0.8172498941421509,0.7339196801185608,0.6416953206062317,0.7015570998191833,0.9500269889831543,0.9491567611694336,0.8438751697540283,0.7825345396995544,0.9771947860717773,0.8950433731079102,0.8439365029335022,0.9933182001113892,0.9860637784004211,0.9418057203292847,0.8595800399780273,0.9108793139457703,0.8901450634002686,0.8493958115577698,0.9338886141777039,0.9586442112922668,0.9810560345649719,0.8139382600784302,0.7369195818901062,0.6263164281845093,0.6998703479766846,0.9716644883155823,0.9642685651779175,0.8366966843605042,0.7954542636871338,0.9810172915458679
63,0.5,0.8994794487953186,0.8593372702598572,0.9931369423866272,0.9828253984451294,0.9179103970527649,0.8626611232757568,0.9016377925872803,0.8662107586860657,0.8489742875099182,0.9095578193664551,0.9410326480865479,0.974058210849762,0.8206206560134888,0.7363343238830566,0.6402754187583923,0.7005454301834106,0.9474959373474121,0.9443095922470093,0.8362569212913513,0.7891941070556641,0.974657416343689,0.9052324891090393,0.8491948246955872,0.9917142391204834,0.9895146489143372,0.9360724091529846,0.8500732183456421,0.9128891825675964,0.8766423463821411,0.861660361289978,0.930824339389801,0.9518979787826538,0.9762232303619385,0.8230127692222595,0.7413379549980164,0.6168133020401001,0.6925502419471741,0.9622905254364014,0.9586657881736755,0.8469386100769043,0.7867515087127686,0.9810788035392761
64,0.5,0.9047366976737976,0.8509764671325684,0.9920284152030945,0.985598087310791,0.9186851382255554,0.8622503876686096,0.8954196572303772,0.8655201196670532,0.8529379963874817,0.9153493046760559,0.935550332069397,0.972289502620697,0.8116812109947205,0.7443456053733826,0.6419287323951721,0.7073979377746582,0.9446345567703247,0.943973183631897,0.8380800485610962,0.7866901159286499,0.9709011316299438,0.897957444190979,0.853194534778595,0.9932499527931213,0.991269588470459,0.9454101324081421,0.859287440776825,0.9148479104042053,0.8849561810493469,0.8704540133476257,0.9374620914459229,0.9537757635116577,0.9796334505081177,0.8278148770332336,0.7409296631813049,0.636536180973053,0.7063891887664795,0.9645079374313354,0.9609214663505554,0.8455261588096619,0.7895354628562927,0.9821164011955261
65,0.5,0.8999823331832886,0.8496578335762024,0.9924276471138,0.9827448129653931,0.9242625832557678,0.861332356929779,0.8986675143241882,0.868652880191803,0.8551163077354431,0.9126386046409607,0.9373070001602173,0.9717127084732056,0.8183140158653259,0.7431887984275818,0.6503379940986633,0.7181484699249268,0.9467934370040894,0.9410338401794434,0.8337017893791199,0.8017803430557251,0.9713044166564941,0.8941660523414612,0.8483297228813171,0.9911949038505554,0.9850274920463562,0.9397282600402832,0.8541551232337952,0.9119662046432495,0.874987781047821,0.8529685735702515,0.9273187518119812,0.9472182393074036,0.9743041396141052,0.8326995372772217,0.7437275052070618,0.6297295093536377,0.7434977889060974,0.9584519267082214,0.9542927145957947,0.8518386483192444,0.8063499331474304,0.9776130318641663
66,0.5,0.8908916115760803,0.8534041047096252,0.9927589297294617,0.9847883582115173,0.9222798943519592,0.8641680479049683,0.8991653323173523,0.8688152432441711,0.8539844155311584,0.9118277430534363,0.9417675733566284,0.9740738868713379,0.8327252268791199,0.7452971935272217,0.6628130674362183,0.7495669722557068,0.9533695578575134,0.9455708265304565,0.8392130136489868,0.8079309463500977,0.971794605255127,0.8940971493721008,0.8030773401260376,0.9927278757095337,0.9847400784492493,0.945505678653717,0.858729362487793,0.9223970174789429,0.8798674941062927,0.849778950214386,0.9411711692810059,0.956234335899353,0.9806624054908752,0.8375301957130432,0.7862317562103271,0.6548539400100708,0.8128001093864441,0.9673267602920532,0.9653908610343933,0.836848795413971,0.8276249170303345,0.9826268553733826
67,0.5,0.8949798941612244,0.8394231200218201,0.992571234703064,0.9846002459526062,0.9229382276535034,0.8683685660362244,0.8980957269668579,0.8669660091400146,0.853256106376648,0.9176314473152161,0.9437697529792786,0.9741830825805664,0.8279935717582703,0.7630298733711243,0.6703516244888306,0.7724761366844177,0.9527133703231812,0.943859875202179,0.8410505652427673,0.8100244402885437,0.9730207920074463,0.9087550640106201,0.8564730286598206,0.9919507503509521,0.9874595403671265,0.9333958029747009,0.8549747467041016,0.9121333956718445,0.8663733005523682,0.8455508947372437,0.9370935559272766,0.9539967775344849,0.9783275723457336,0.8216630816459656,0.7455343008041382,0.6764180064201355,0.7816152572631836,0.9684480428695679,0.9579744935035706,0.8638948798179626,0.7970245480537415,0.9770262837409973
68,0.5,0.9081933498382568,0.8039863705635071,0.9919565916061401,0.9838658571243286,0.9230429530143738,0.8667201995849609,0.8956775665283203,0.8710778951644897,0.8540449738502502,0.917204737663269,0.9427222609519958,0.972093939781189,0.8214023113250732,0.7980753779411316,0.6827693581581116,0.8105878829956055,0.952775239944458,0.947068989276886,0.8390634059906006,0.8171394467353821,0.9706902503967285,0.9093176126480103,0.7867522239685059,0.9926493763923645,0.9914566874504089,0.9496527910232544,0.8705176711082458,0.9166418313980103,0.8730997443199158,0.8458639979362488,0.9472450613975525,0.9565343260765076,0.9798321723937988,0.8239749670028687,0.8292027711868286,0.6713074445724487,0.8483596444129944,0.9701035618782043,0.9658260941505432,0.8357052206993103,0.8337668776512146,0.9838206171989441
69,0.5,0.9043077230453491,0.8147827982902527,0.993510901927948,0.9802892804145813,0.9298759698867798,0.870316207408905,0.9044026136398315,0.8717103600502014,0.8550911545753479,0.9210550785064697,0.945208728313446,0.9766537547111511,0.8345739841461182,0.7977128028869629,0.6930966377258301,0.8089006543159485,0.9526674747467041,0.95004802942276,0.8328789472579956,0.8319294452667236,0.9743033051490784,0.9012371301651001,0.8072918653488159,0.9938094019889832,0.9847230911254883,0.9528074860572815,0.8659270405769348,0.9225829839706421,0.8832013010978699,0.8633952736854553,0.9497289657592773,0.9623392820358276,0.9821459054946899,0.8363993763923645,0.8147111535072327,0.6950850486755371,0.8424723148345947,0.9726569652557373,0.9674436450004578,0.8331217169761658,0.8409733176231384,0.9834371209144592
70,0.5,0.9024990797042847,0.8106332421302795,0.9929237961769104,0.9778819680213928,0.9302946925163269,0.8720405697822571,0.9015482664108276,0.8714677691459656,0.8599450588226318,0.9166314005851746,0.947991132736206,0.976312518119812,0.8336117267608643,0.8096761703491211,0.7169277667999268,0.8222959041595459,0.9531576037406921,0.9473415017127991,0.845350980758667,0.8320199251174927,0.9704030752182007,0.9062818884849548,0.7998141646385193,0.9942725896835327,0.9876970648765564,0.9474559426307678,0.8613274097442627,0.9204591512680054,0.8801831007003784,0.8616733551025391,0.9523859620094299,0.9607123136520386,0.9833270311355591,0.8331655263900757,0.8428778648376465,0.7596312165260315,0.8442985415458679,0.9733439683914185,0.9625619053840637,0.864743173122406,0.858125627040863,0.9765622615814209
71,0.5,0.9096671342849731,0.8234143853187561,0.9933834075927734,0.9798781871795654,0.9320484399795532,0.8689543604850769,0.8988140821456909,0.8742064833641052,0.8546029329299927,0.9182999134063721,0.9426642060279846,0.97474604845047,0.8407782912254333,0.8340058922767639,0.7545581459999084,0.8295367360115051,0.9578511118888855,0.9499440789222717,0.8455251455307007,0.9136005640029907,0.9699882864952087,0.9253184199333191,0.8550647497177124,0.9946017861366272,0.9804577827453613,0.9593304991722107,0.8665969371795654,0.9257983565330505,0.8887311220169067,0.8628271222114563,0.9530315399169922,0.9609566330909729,0.983664870262146,0.8553071022033691,0.8837733268737793,0.8028751015663147,0.8566750288009644,0.9782071113586426,0.9701566696166992,0.8640435934066772,0.9627424478530884,0.9849704504013062
72,0.5,0.9151834845542908,0.8675018548965454,0.9942710995674133,0.980243444442749,0.9341254234313965,0.8730706572532654,0.9065362811088562,0.8833761215209961,0.858551025390625,0.9125726819038391,0.9495431184768677,0.9797654151916504,0.8980932831764221,0.881845235824585,0.8226341009140015,0.8514631390571594,0.9607418775558472,0.947883665561676,0.8596129417419434,0.943838357925415,0.9739192128181458,0.9083488583564758,0.8733789324760437,0.9932554364204407,0.976466178894043,0.9537439346313477,0.8638399243354797,0.9216238856315613,0.8840170502662659,0.8683291673660278,0.9493959546089172,0.9598671793937683,0.9815294742584229,0.9692155718803406,0.9006104469299316,0.8805991411209106,0.8711578845977783,0.9686111211776733,0.9715481996536255,0.8837550282478333,0.9703189134597778,0.9820652008056641
73,0.5,0.9231665730476379,0.8835582733154297,0.9944602847099304,0.9776829481124878,0.9319505095481873,0.8732955455780029,0.9106458425521851,0.8762627840042114,0.8617988228797913,0.9209769368171692,0.9479944705963135,0.9802599549293518,0.930249035358429,0.8908966779708862,0.8535844683647156,0.8579146862030029,0.9563359618186951,0.9495322704315186,0.8767642974853516,0.9399867057800293,0.9731866121292114,0.918719470500946,0.8894602060317993,0.9948043823242188,0.9838042259216309,0.953917920589447,0.8733762502670288,0.9277248978614807,0.890541672706604,0.8468419313430786,0.9545196890830994,0.9660173058509827,0.9864206910133362,0.9757214784622192,0.9068410396575928,0.8826133012771606,0.8826127052307129,0.9757787585258484,0.973388135433197,0.8939242959022522,0.9690268635749817,0.984821617603302
74,0.5,0.9343299269676208,0.901054859161377,0.9950613379478455,0.9770334362983704,0.9286043047904968,0.8767547607421875,0.9102217555046082,0.8775503635406494,0.8641576766967773,0.9205039739608765,0.9526594281196594,0.9837753176689148,0.9415234923362732,0.8971841335296631,0.864392876625061,0.8702304363250732,0.9557040929794312,0.9526644349098206,0.8838834166526794,0.9462668299674988,0.9742400050163269,0.933158814907074,0.9026311635971069,0.994745671749115,0.9828959703445435,0.9497782588005066,0.8684906363487244,0.9245633482933044,0.8854347467422485,0.8413776159286499,0.9502902030944824,0.9627909660339355,0.9857157468795776,0.9701676368713379,0.9117202758789062,0.8995260000228882,0.9105842709541321,0.9716472029685974,0.9644219279289246,0.8997392654418945,0.9766283631324768,0.9838433265686035
75,0.5,0.935867428779602,0.9056565761566162,0.9946464896202087,0.9785805344581604,0.929584264755249,0.8766259551048279,0.904900074005127,0.8841140866279602,0.8621819615364075,0.9209127426147461,0.948591411113739,0.9797431826591492,0.9461930394172668,0.8991129994392395,0.8586558699607849,0.8756155967712402,0.9587346315383911,0.9527313709259033,0.8911559581756592,0.9359586238861084,0.9716229438781738,0.9461747407913208,0.9101306796073914,0.9963808059692383,0.9894295930862427,0.9546594619750977,0.8787704110145569,0.9325079321861267,0.8923302292823792,0.8767596483230591,0.9558361172676086,0.9696263074874878,0.9882289171218872,0.9795846939086914,0.9149149656295776,0.8740056157112122,0.887285590171814,0.9808424711227417,0.9721484184265137,0.9029175043106079,0.9760433435440063,0.9871150255203247
76,0.5,0.9498440027236938,0.914657711982727,0.9954917430877686,0.9785861372947693,0.9311071038246155,0.877289891242981,0.9082754850387573,0.8807036876678467,0.8593590259552002,0.9140867590904236,0.9528952240943909,0.9822477698326111,0.9567609429359436,0.9005072712898254,0.8693646192550659,0.879680335521698,0.9600445628166199,0.9548874497413635,0.8960977792739868,0.9476287961006165,0.9745029807090759,0.9653820991516113,0.9293180704116821,0.9961483478546143,0.9874663352966309,0.9463549852371216,0.8681320548057556,0.9309417009353638,0.888703465461731,0.8616458773612976,0.9525649547576904,0.9665148854255676,0.9878535866737366,0.9769018888473511,0.9053469300270081,0.906533420085907,0.915286123752594,0.9763414263725281,0.9730868339538574,0.9239441156387329,0.9775518774986267,0.9865050911903381
77,0.5,0.9532954096794128,0.9287426471710205,0.9952002763748169,0.9860084056854248,0.9347817301750183,0.8796056509017944,0.9079599976539612,0.8819630146026611,0.8615315556526184,0.9215623736381531,0.9531951546669006,0.9833595752716064,0.9547702670097351,0.9029674530029297,0.8803799152374268,0.8801381587982178,0.9590921998023987,0.9535646438598633,0.9086537957191467,0.9489865899085999,0.9746800065040588,0.9556515216827393,0.9229791760444641,0.9950165748596191,0.9901980757713318,0.9415552020072937,0.8643691539764404,0.932079017162323,0.8984742164611816,0.8738841414451599,0.9595368504524231,0.9660331010818481,0.9852761030197144,0.9771365523338318,0.9087843298912048,0.9013837575912476,0.9057509303092957,0.9772058725357056,0.971996009349823,0.9192814230918884,0.9742129445075989,0.9838018417358398
78,0.5,0.9574583768844604,0.9294517636299133,0.9952681660652161,0.9840137362480164,0.9316979646682739,0.8783060908317566,0.9120306968688965,0.8813509345054626,0.8646591901779175,0.9217782020568848,0.9535890221595764,0.9825606346130371,0.9530190229415894,0.9012700915336609,0.8725003004074097,0.8833390474319458,0.9603785276412964,0.9552098512649536,0.9097620248794556,0.9562903046607971,0.9757084846496582,0.9614018201828003,0.9399692416191101,0.9950735569000244,0.9916408658027649,0.9519284963607788,0.8580293655395508,0.9296568632125854,0.8742722272872925,0.8542937636375427,0.9480185508728027,0.9599422812461853,0.9856396317481995,0.9752027988433838,0.908930242061615,0.9057626724243164,0.8923476338386536,0.9743570685386658,0.9681875109672546,0.9330625534057617,0.9775699377059937,0.9835243821144104
79,0.5,0.9595475792884827,0.9352410435676575,0.9957128167152405,0.9857593178749084,0.9343520998954773,0.8794217705726624,0.9090358018875122,0.885065495967865,0.8664186596870422,0.9228481650352478,0.9546326994895935,0.9840981960296631,0.9610248804092407,0.9045897722244263,0.8733882904052734,0.8819463849067688,0.9595812559127808,0.9584851264953613,0.9093469381332397,0.9522881507873535,0.9769755601882935,0.9644622802734375,0.9417089223861694,0.9959944486618042,0.9915745854377747,0.957997739315033,0.8730289340019226,0.9325118660926819,0.8944400548934937,0.8698213696479797,0.9583340883255005,0.97267746925354,0.988717257976532,0.9804729223251343,0.9306312799453735,0.9146381616592407,0.9072256684303284,0.9813000559806824,0.9771139621734619,0.9249283671379089,0.9762465357780457,0.9864258766174316
80,0.5,0.9639452695846558,0.9383013844490051,0.9958578944206238,0.9864596724510193,0.9394415020942688,0.8869905471801758,0.913518488407135,0.8830461502075195,0.8682727217674255,0.9273119568824768,0.958871603012085,0.9853153824806213,0.9591401219367981,0.9044911861419678,0.8917440176010132,0.8863852620124817,0.9633081555366516,0.9608486890792847,0.9180785417556763,0.9595511555671692,0.9773843884468079,0.9647645354270935,0.9388723373413086,0.9944764971733093,0.9808896780014038,0.9540704488754272,0.870476484298706,0.9258580207824707,0.8942244648933411,0.877193033695221,0.9509530067443848,0.9628790616989136,0.9852617979049683,0.9770159125328064,0.9295626282691956,0.8882847428321838,0.8905763030052185,0.9732274413108826,0.9735516905784607,0.9278969168663025,0.9798864722251892,0.9850419163703918
81,0.5,0.9642999768257141,0.9402139186859131,0.9955312013626099,0.982692301273346,0.9460508227348328,0.8825560212135315,0.9150419235229492,0.8861377835273743,0.870986819267273,0.9264749884605408,0.9593266248703003,0.9849877953529358,0.9652637839317322,0.9027554988861084,0.899330735206604,0.8941924571990967,0.967501699924469,0.9605896472930908,0.9238948822021484,0.9591724872589111,0.9787896275520325,0.9763519763946533,0.9561759233474731,0.9961472153663635,0.9875935912132263,0.9601002335548401,0.874022364616394,0.9411281943321228,0.8833434581756592,0.8735849857330322,0.9561644196510315,0.9710900187492371,0.989732563495636,0.981757402420044,0.9155669212341309,0.9147874712944031,0.8960312008857727,0.9771778583526611,0.9820708632469177,0.9472987055778503,0.9801161289215088,0.9907116293907166
82,0.5,0.9658547639846802,0.9443339109420776,0.9955442547798157,0.9855499267578125,0.9398823976516724,0.8815737962722778,0.9121321439743042,0.8881762027740479,0.8683281540870667,0.9272912740707397,0.9555035829544067,0.9836215376853943,0.9596777558326721,0.9006649851799011,0.894366979598999,0.8917138576507568,0.9636356830596924,0.9589039087295532,0.9200872778892517,0.9591758847236633,0.9772015810012817,0.9705354571342468,0.9492234587669373,0.9947501420974731,0.9885640740394592,0.950508713722229,0.868958592414856,0.9294694066047668,0.8839942812919617,0.8608921766281128,0.9550517201423645,0.9640437960624695,0.9878925681114197,0.9780877232551575,0.9224346876144409,0.911400318145752,0.9009178280830383,0.9787870049476624,0.9766802191734314,0.9302133917808533,0.9801821112632751,0.9842656850814819
83,0.5,0.9666488766670227,0.9475141763687134,0.9954274296760559,0.9797753095626831,0.9312570095062256,0.8835400938987732,0.9136143922805786,0.8832042813301086,0.869915783405304,0.9236038327217102,0.952803373336792,0.9840887784957886,0.9601408243179321,0.9045114517211914,0.8964471817016602,0.891077995300293,0.9625213742256165,0.9554349184036255,0.9206262826919556,0.9571841359138489,0.9773260354995728,0.9727628231048584,0.9539692997932434,0.9943701028823853,0.9831125140190125,0.9540724754333496,0.872763991355896,0.929324209690094,0.8758934736251831,0.8443378806114197,0.9546793103218079,0.9663490653038025,0.9864395260810852,0.976349413394928,0.9247741103172302,0.9123081564903259,0.8828888535499573,0.9723464846611023,0.9707748293876648,0.9458271265029907,0.9804142713546753,0.9870035648345947
84,0.5,0.9686214923858643,0.9503180384635925,0.9960070252418518,0.9783119559288025,0.9349919557571411,0.8859211802482605,0.9164460301399231,0.8888265490531921,0.8695031404495239,0.9296781420707703,0.9544723629951477,0.9845151901245117,0.9628779292106628,0.9072977304458618,0.8972927927970886,0.8903385400772095,0.9635035395622253,0.9583608508110046,0.9276685118675232,0.9610051512718201,0.9784621000289917,0.9743310213088989,0.9623780250549316,0.9954845905303955,0.9834358096122742,0.9602146744728088,0.8726762533187866,0.9393089413642883,0.8824869990348816,0.8674942255020142,0.9586144089698792,0.968485414981842,0.9894367456436157,0.9838305711746216,0.9223848581314087,0.9150804877281189,0.8924786448478699,0.978488564491272,0.9752651453018188,0.9364065527915955,0.9837419390678406,0.9883473515510559
85,0.5,0.9702491164207458,0.9512474536895752,0.9955899119377136,0.9784792065620422,0.9380059242248535,0.8857244849205017,0.914850115776062,0.889443576335907,0.8727425932884216,0.9309822916984558,0.9531387090682983,0.984946608543396,0.9611103534698486,0.9063863754272461,0.892928957939148,0.891495943069458,0.9633375406265259,0.9559962749481201,0.9269164204597473,0.9638273119926453,0.9768663644790649,0.9795066118240356,0.947282075881958,0.9954795241355896,0.9787998795509338,0.95664381980896,0.8736134767532349,0.9317506551742554,0.8870077133178711,0.8725895881652832,0.9543365240097046,0.9725902080535889,0.9870979189872742,0.9756193161010742,0.9079831838607788,0.9274927377700806,0.9081119894981384,0.9750210642814636,0.9673515558242798,0.948639988899231,0.9822162389755249,0.9862139821052551
86,0.5,0.9699848294258118,0.9492427706718445,0.995021402835846,0.9808896780014038,0.9370723366737366,0.8844526410102844,0.9146803617477417,0.8843402862548828,0.8696144819259644,0.9275577664375305,0.9548664093017578,0.9814812541007996,0.9617391228675842,0.8967294096946716,0.9006572961807251,0.8946955800056458,0.9605010151863098,0.9536378383636475,0.9339689016342163,0.9560325145721436,0.9748848676681519,0.9789524078369141,0.964637279510498,0.9954079389572144,0.9863868951797485,0.9620591998100281,0.881252110004425,0.9388361573219299,0.8833893537521362,0.8436708450317383,0.9590510129928589,0.9665735363960266,0.9873640537261963,0.9796292781829834,0.9132096767425537,0.9145479798316956,0.9066177606582642,0.977321445941925,0.9760447144508362,0.9520520567893982,0.9823275208473206,0.9867475628852844
87,0.5,0.9707930684089661,0.956149697303772,0.9960024952888489,0.9810044169425964,0.9487855434417725,0.8901810050010681,0.9217466711997986,0.8877336978912354,0.8719931244850159,0.9316688179969788,0.9599878191947937,0.9836645722389221,0.9657691121101379,0.9004077315330505,0.9002060294151306,0.8972412943840027,0.9647670984268188,0.9586009383201599,0.9338371157646179,0.956533670425415,0.9778086543083191,0.9651622176170349,0.952060878276825,0.9952675700187683,0.9778712391853333,0.958363950252533,0.883283793926239,0.9385031461715698,0.8788803815841675,0.8755128979682922,0.9653840661048889,0.9650580286979675,0.9830448031425476,0.9719439744949341,0.9061430096626282,0.9000166654586792,0.902212381362915,0.9693965911865234,0.971542239189148,0.9269139170646667,0.9691175222396851,0.982800304889679
88,0.5,0.971616804599762,0.9557873010635376,0.9954321384429932,0.9828958511352539,0.9469170570373535,0.8882455825805664,0.9185067415237427,0.8855623006820679,0.8740474581718445,0.9321185946464539,0.956608235836029,0.9840518236160278,0.9587251543998718,0.9007391333580017,0.901138961315155,0.9027248024940491,0.9612925052642822,0.9618245959281921,0.9394631385803223,0.9627285003662109,0.9773380756378174,0.9783240556716919,0.9617767930030823,0.995955765247345,0.9854843616485596,0.9635493755340576,0.8888642191886902,0.9378194808959961,0.8895809650421143,0.8670724034309387,0.9673415422439575,0.9726653099060059,0.9888665676116943,0.9828972816467285,0.9160833358764648,0.9342754483222961,0.9188140034675598,0.9792888164520264,0.971717119216919,0.9538518786430359,0.9811262488365173,0.98664391040802
89,0.5,0.9750982522964478,0.955260694026947,0.996071457862854,0.9806181788444519,0.9429877400398254,0.8878716826438904,0.9164416790008545,0.8923571705818176,0.8743317127227783,0.9378911256790161,0.9576509594917297,0.9847287535667419,0.9691614508628845,0.8995926976203918,0.905741810798645,0.9021653532981873,0.9630452990531921,0.9609509110450745,0.9337572455406189,0.9599686861038208,0.9782418608665466,0.9827254414558411,0.9635862112045288,0.9962045550346375,0.9855978488922119,0.9579677581787109,0.8788576126098633,0.9359604120254517,0.8757317662239075,0.8640461564064026,0.965323269367218,0.9727090001106262,0.9892722964286804,0.985525369644165,0.915006697177887,0.9287056922912598,0.9171443581581116,0.9814307689666748,0.9792285561561584,0.947972297668457,0.9833059310913086,0.9883422255516052
90,0.5,0.9780011177062988,0.9559860229492188,0.9959145784378052,0.9814991354942322,0.9383876323699951,0.8862975239753723,0.9242107272148132,0.8879016041755676,0.8756972551345825,0.9266531467437744,0.9581418037414551,0.9838386178016663,0.9707581400871277,0.8996409177780151,0.9032125473022461,0.8994628190994263,0.9605112075805664,0.9623150825500488,0.9357609748840332,0.9612398147583008,0.9774415493011475,0.9857586026191711,0.9686688184738159,0.9960494041442871,0.9873477220535278,0.9670513868331909,0.8725848197937012,0.9422604441642761,0.8938100934028625,0.8628699779510498,0.9620354175567627,0.9663841128349304,0.9890246391296387,0.9803180694580078,0.9177784323692322,0.9207941293716431,0.8836466670036316,0.9795569181442261,0.9790782332420349,0.9608062505722046,0.986505925655365,0.9905575513839722
91,0.5,0.9792845249176025,0.9621895551681519,0.9959983229637146,0.9849467277526855,0.9447622299194336,0.887032687664032,0.9184088706970215,0.887526273727417,0.8764411211013794,0.9343227744102478,0.9549993276596069,0.9835312366485596,0.9617564082145691,0.9051363468170166,0.9083859920501709,0.8934022784233093,0.9620900750160217,0.9556835889816284,0.9348371028900146,0.9591647982597351,0.9779188632965088,0.9854701161384583,0.9695383906364441,0.9962812662124634,0.9851278066635132,0.966492772102356,0.8796589374542236,0.9449301362037659,0.899253785610199,0.8742491602897644,0.9639906287193298,0.9693318605422974,0.9889125227928162,0.9857480525970459,0.8962258100509644,0.9350157976150513,0.9096848964691162,0.9844441413879395,0.9765862226486206,0.9589087963104248,0.9810077548027039,0.9892478585243225
92,0.5,0.9795370101928711,0.960124135017395,0.9959559440612793,0.9820770025253296,0.9474769830703735,0.8863149881362915,0.9234575629234314,0.8942435383796692,0.8730005621910095,0.9306780099868774,0.9585790634155273,0.984021008014679,0.968189001083374,0.9047794342041016,0.9063511490821838,0.8903998732566833,0.9667685627937317,0.9623353481292725,0.9440069794654846,0.9608743190765381,0.9799504280090332,0.9823042750358582,0.9604949355125427,0.9948363900184631,0.9871037006378174,0.9600864052772522,0.8850381374359131,0.938967764377594,0.8918699622154236,0.857746422290802,0.9603186249732971,0.9644267559051514,0.9853215217590332,0.9802908897399902,0.9222764372825623,0.9281865358352661,0.9014691114425659,0.9760992527008057,0.9747344851493835,0.961280345916748,0.9794570803642273,0.9864954352378845
93,0.5,0.9775132536888123,0.959868311882019,0.9960190057754517,0.9833868741989136,0.9424739480018616,0.8944509625434875,0.9164643883705139,0.8893900513648987,0.8799383044242859,0.9313721060752869,0.9562773108482361,0.982898473739624,0.9654387831687927,0.9133605360984802,0.9107093214988708,0.8931522369384766,0.9649473428726196,0.9637206196784973,0.9465929269790649,0.9594261646270752,0.9802409410476685,0.9870301485061646,0.9730588793754578,0.9967897534370422,0.9855234622955322,0.9686781167984009,0.8893868327140808,0.9412919878959656,0.9004409313201904,0.8787065744400024,0.9658745527267456,0.9728679656982422,0.9904616475105286,0.9877923130989075,0.923355221748352,0.9315552115440369,0.9015937447547913,0.9798887968063354,0.9810854196548462,0.9675552248954773,0.9849135279655457,0.9923539757728577
94,0.5,0.9786536693572998,0.9614709615707397,0.9962875843048096,0.9811080098152161,0.9433972835540771,0.8927139639854431,0.9188612103462219,0.8923758268356323,0.8778325915336609,0.9350644946098328,0.956817090511322,0.9841739535331726,0.9680532813072205,0.908940851688385,0.9099204540252686,0.9004976153373718,0.966044008731842,0.9623491168022156,0.9373599290847778,0.962906539440155,0.9789417386054993,0.9866762757301331,0.9693115949630737,0.9958645105361938,0.981688380241394,0.9690549969673157,0.8809468150138855,0.9416078925132751,0.8917865753173828,0.84991455078125,0.9689781069755554,0.9672863483428955,0.9868952035903931,0.9842649102210999,0.9144172072410583,0.9320501089096069,0.9183509945869446,0.9818881154060364,0.9785263538360596,0.9608653783798218,0.9858049154281616,0.9891959428787231
95,0.5,0.9801038503646851,0.9627524614334106,0.996697187423706,0.9841453433036804,0.9489156603813171,0.8912023305892944,0.9239761829376221,0.8919922709465027,0.8802736401557922,0.9334009289741516,0.9590694904327393,0.9832773804664612,0.9674880504608154,0.9082876443862915,0.9060168862342834,0.8930109143257141,0.9680343270301819,0.9647920727729797,0.9427880644798279,0.9631871581077576,0.9819656610488892,0.9857496619224548,0.9649810791015625,0.9963325262069702,0.9886814951896667,0.9704732298851013,0.8859298825263977,0.9486236572265625,0.8802700042724609,0.8654965758323669,0.9726513028144836,0.9729782342910767,0.9876922965049744,0.9823635220527649,0.9067745208740234,0.9267652630805969,0.9187178611755371,0.9816706776618958,0.9787338376045227,0.9621828198432922,0.98139488697052,0.9901036024093628
96,0.5,0.9804825782775879,0.9622626900672913,0.9960485100746155,0.9861435890197754,0.9423812031745911,0.8946443200111389,0.9212241172790527,0.887648344039917,0.8781623244285583,0.9321059584617615,0.9593105912208557,0.9835623502731323,0.9706743955612183,0.9059797525405884,0.9035893678665161,0.9041272401809692,0.9653204083442688,0.9674179553985596,0.9442797899246216,0.9621158242225647,0.98091059923172,0.9876474738121033,0.9719363451004028,0.9965277314186096,0.9926519393920898,0.9673467874526978,0.8891339898109436,0.9434438347816467,0.902837872505188,0.87778639793396,0.9675759673118591,0.9737833738327026,0.9883496761322021,0.983916163444519,0.9152342677116394,0.9366591572761536,0.9209585189819336,0.9806019067764282,0.9808615446090698,0.9631298780441284,0.9866204857826233,0.9907698631286621
97,0.5,0.9797694087028503,0.9620466232299805,0.9956352710723877,0.9846059083938599,0.9439008235931396,0.8945296406745911,0.9239785671234131,0.8857547640800476,0.8765472173690796,0.9334319829940796,0.95701664686203,0.9824715256690979,0.963287889957428,0.9048460721969604,0.9136897921562195,0.9063125848770142,0.9687705636024475,0.962435245513916,0.9431204795837402,0.9663879871368408,0.980617105960846,0.9905338883399963,0.974148690700531,0.9963006377220154,0.9944000244140625,0.9653934836387634,0.8879572153091431,0.9425640106201172,0.8912262320518494,0.8732917308807373,0.9637157320976257,0.9703711271286011,0.9889153838157654,0.9855071306228638,0.9195846915245056,0.9355975389480591,0.9230280518531799,0.9811325669288635,0.9759075045585632,0.9668155908584595,0.9862164258956909,0.9902753829956055
98,0.5,0.9811205267906189,0.9644665122032166,0.9963541030883789,0.986017107963562,0.9398269653320312,0.8938544988632202,0.920956552028656,0.8879992961883545,0.8822813034057617,0.9357064366340637,0.9546823501586914,0.9830469489097595,0.9658499956130981,0.91105055809021,0.9082909822463989,0.8946202397346497,0.9661701321601868,0.9630172848701477,0.9422438144683838,0.959774911403656,0.9788442850112915,0.9840337038040161,0.9663381576538086,0.9944352507591248,0.9839597940444946,0.9539110064506531,0.8758819103240967,0.9250002503395081,0.8864030241966248,0.870719850063324,0.961875855922699,0.9596669673919678,0.9849106073379517,0.9824565052986145,0.923092246055603,0.8942367434501648,0.9249632954597473,0.9814587831497192,0.9689940214157104,0.9567811489105225,0.9795371890068054,0.9781195521354675
99,0.5,0.9798945188522339,0.9648101925849915,0.9956386685371399,0.9840993881225586,0.9414781332015991,0.8940965533256531,0.9209096431732178,0.8893075585365295,0.8772619366645813,0.9280828833580017,0.9526199102401733,0.9824037551879883,0.9645659923553467,0.9094669222831726,0.911254346370697,0.8983141183853149,0.9639013409614563,0.9582850933074951,0.9411651492118835,0.9640721678733826,0.9754625558853149,0.9864543676376343,0.9721745848655701,0.9954910278320312,0.9847897887229919,0.9600582122802734,0.8915619254112244,0.9430207014083862,0.8931164145469666,0.8736675977706909,0.966412365436554,0.9702531695365906,0.9866318106651306,0.9816984534263611,0.924098789691925,0.9213462471961975,0.909327507019043,0.9794784784317017,0.9745320677757263,0.9649127125740051,0.9864441156387329,0.9887387752532959
100,0.5,0.9824830889701843,0.9672933220863342,0.9960628747940063,0.9853674173355103,0.9501878023147583,0.8964474201202393,0.9274687767028809,0.8964560031890869,0.8785494565963745,0.9332497715950012,0.9583250284194946,0.9832109808921814,0.975108802318573,0.9083938002586365,0.9235875606536865,0.904083788394928,0.9641615152359009,0.9644758105278015,0.9515866041183472,0.9647908806800842,0.9803485870361328,0.9879627823829651,0.9733225703239441,0.9950327277183533,0.9930781722068787,0.9630850553512573,0.8861492872238159,0.9345561265945435,0.8911749720573425,0.8719482421875,0.9605917930603027,0.9635253548622131,0.984868049621582,0.9817622900009155,0.9215357303619385,0.9359380602836609,0.8993179202079773,0.9737818241119385,0.9755154848098755,0.9687856435775757,0.9868824481964111,0.9882375001907349
