Epoch,Alpha,train_sat_kb,val_sat_kb,train_loss,val_loss,combined_val_loss,combined_train_loss,alpha,hotel_train_accuracy,store_train_accuracy,suburban_train_accuracy,constructionsite_train_accuracy,door_train_accuracy,awning_train_accuracy,billboard_train_accuracy,porch_train_accuracy,tiledroof_train_accuracy,wallsign_train_accuracy,chimney_train_accuracy,pipe_train_accuracy,machine_train_accuracy,car_train_accuracy,hotel_val_accuracy,store_val_accuracy,suburban_val_accuracy,constructionsite_val_accuracy,door_val_accuracy,awning_val_accuracy,billboard_val_accuracy,porch_val_accuracy,tiledroof_val_accuracy,wallsign_val_accuracy,chimney_val_accuracy,pipe_val_accuracy,machine_val_accuracy,car_val_accuracy
0,0.9,0.5461306718587875,0.6384575548171997,0.4400485481321812,0.25041001284122466,0.26152324986457826,0.4414306161105633,0.9,0.8009375,0.836375,0.7799375,0.904375,0.331625,0.5385,0.812125,0.68425,0.3649375,0.7759375,0.6689375,0.690375,0.894125,0.6505625,0.85675,0.9225,0.87375,0.908,0.346,0.4765,0.8455,0.775,0.49925,0.74125,0.68025,0.6935,0.90525,0.3935
1,0.9,0.6755123510360718,0.7284865942001343,0.17355801855027675,0.09938013169169425,0.11659345710277558,0.18865097863972188,0.9,0.8668125,0.95925,0.917,0.95825,0.3310625,0.5166875,0.9075625,0.8549375,0.4591875,0.8414375,0.430375,0.6948125,0.904375,0.45675,0.893,0.98425,0.9635,0.98975,0.346,0.5155,0.97925,0.95575,0.4935,0.88375,0.50575,0.69375,0.90525,0.51675
2,0.9,0.7236173325777053,0.7605661301612854,0.09973715692013502,0.05629882955551147,0.07461233255267143,0.11740170589089394,0.9,0.9055,0.978625,0.9630625,0.98275,0.4055625,0.50525,0.9678125,0.9579375,0.4866875,0.8825,0.4553125,0.6123125,0.904375,0.5354375,0.9245,0.99375,0.99675,0.9835,0.43075,0.51325,0.9935,0.99625,0.50525,0.89825,0.44125,0.518,0.90525,0.533
3,0.9,0.761155145406723,0.7898600330352783,0.058971099867485464,0.02765964363142848,0.04590767572820187,0.07695847429707646,0.9,0.933125,0.987375,0.9911875,0.9908125,0.4111875,0.5749375,0.9805,0.9901875,0.49525,0.8914375,0.4500625,0.5233125,0.904375,0.5455,0.966,0.997,0.9995,0.998,0.42875,0.625,0.99775,0.9995,0.50525,0.89425,0.48925,0.508,0.90525,0.57775
4,0.9,0.7841594840288162,0.8161427206993103,0.04125970622664318,0.01881782013364136,0.03532176578044891,0.058717786595225335,0.9,0.9564375,0.9915,0.9954375,0.9955625,0.4093125,0.585125,0.986875,0.9921875,0.5044375,0.894125,0.4796875,0.4874375,0.9100625,0.5601875,0.9745,0.9995,0.99925,0.99925,0.42875,0.62225,0.99725,0.99875,0.51225,0.90825,0.486,0.49175,0.94675,0.5335
5,0.9,0.8143884619474411,0.843481183052063,0.0323888876279816,0.019340150288306178,0.033058016806840895,0.04771115220338106,0.9,0.965125,0.9939375,0.997375,0.9951875,0.41025,0.567375,0.9870625,0.9909375,0.5056875,0.9301875,0.4650625,0.460125,0.973125,0.5041875,0.97875,0.99925,0.99775,0.99675,0.42925,0.58925,0.99825,1.0,0.5135,0.962,0.469,0.5,0.99925,0.5015
6,0.9,0.8419914646148682,0.866547604560852,0.026542421293095687,0.013268990620039403,0.02528733091801405,0.03968903248012066,0.9,0.9716875,0.995,0.9978125,0.9974375,0.4085,0.5635625,0.9836875,0.985375,0.5081875,0.947625,0.49,0.4781875,0.9856875,0.508125,0.98725,0.998,0.99975,0.99975,0.4285,0.611,0.99225,0.999,0.51325,0.9755,0.49425,0.4905,0.99825,0.462
7,0.9,0.8657415360212326,0.8815223898887634,0.022604128735722043,0.016200271838810294,0.02642800560593605,0.0337695619110018,0.9,0.9774375,0.996,0.9980625,0.9975,0.41025,0.5625,0.981375,0.9873125,0.5073125,0.9528125,0.4940625,0.4999375,0.9880625,0.5060625,0.978,0.99925,1.0,0.99975,0.4285,0.58675,0.99425,0.9995,0.5135,0.96075,0.494,0.502,0.9995,0.4675
8,0.9,0.8785988491773605,0.892535035610199,0.020961782797821796,0.009892096169292926,0.019649383023381234,0.031005719223991035,0.9,0.9774375,0.9958125,0.9983125,0.9986875,0.4095625,0.5720625,0.9819375,0.99225,0.510625,0.95525,0.496,0.4903125,0.98975,0.48875,0.988,0.9995,1.0,0.9995,0.4285,0.5585,0.9985,1.0,0.517,0.98075,0.49425,0.49975,1.0,0.4255
9,0.9,0.8885665539503097,0.8979697899818421,0.019748957686446373,0.012093603543471545,0.021087263979017733,0.028917406255379318,0.9,0.9809375,0.9963125,0.9988125,0.9975625,0.4091875,0.5530625,0.9838125,0.993375,0.5128125,0.964125,0.4995,0.5065625,0.9934375,0.50675,0.98525,0.998,0.99975,1.0,0.42875,0.442,0.99075,0.99975,0.51575,0.98025,0.48825,0.50175,1.0,0.44075
10,0.9,0.8960243502855301,0.9113240714073181,0.016099639605847187,0.008837664700869937,0.016821491055190565,0.02488724045176059,0.9,0.982375,0.9966875,0.9991875,0.998625,0.410375,0.5600625,0.9833125,0.994875,0.51375,0.971125,0.490875,0.497375,0.9940625,0.457,0.99075,0.998,0.99975,1.0,0.42875,0.585,0.99925,0.99975,0.516,0.98375,0.4945,0.49975,1.0,0.412
11,0.9,0.9008032705783844,0.9122471642494202,0.014665257217682665,0.011786601844243705,0.019383225083351135,0.023118404326960443,0.9,0.98425,0.997375,0.9989375,0.9994375,0.4094375,0.5690625,0.9840625,0.9955625,0.5145625,0.97375,0.4998125,0.497,0.994625,0.460375,0.9835,0.99925,1.0,1.0,0.4285,0.566,0.99875,1.0,0.5195,0.9865,0.49425,0.50125,1.0,0.4965
12,0.9,0.9018970274925232,0.9082218246459961,0.015939409957209136,0.011679231638554484,0.019689125880599023,0.0241557660093531,0.9,0.9841875,0.997375,0.999,0.9985625,0.4099375,0.580875,0.9895,0.9955,0.5193125,0.9768125,0.4980625,0.500375,0.9966875,0.4955625,0.9875,0.99875,0.9995,1.0,0.429,0.58575,0.99525,0.99925,0.519,0.9815,0.4945,0.50175,1.0,0.49775
13,0.9,0.9055076968669892,0.9170478100776672,0.01376593276875792,0.0071629493712680415,0.014741873405873775,0.021838569665327667,0.9,0.986,0.997125,0.999375,0.998875,0.408875,0.5855625,0.988875,0.992875,0.522875,0.9775625,0.4995,0.503125,0.9986875,0.51425,0.99,0.99925,1.0,1.0,0.4285,0.5855,0.99725,0.99975,0.52725,0.98625,0.49425,0.4905,1.0,0.541
14,0.9,0.9065752264261245,0.917594141960144,0.015775953955981095,0.007774562681675889,0.015237692300230265,0.023540835726074873,0.9,0.985875,0.996875,0.9988125,0.998375,0.4085625,0.5838125,0.9879375,0.9953125,0.523875,0.9820625,0.500625,0.5174375,0.9959375,0.531125,0.9915,0.999,0.99975,1.0,0.42875,0.5815,0.99825,0.99975,0.525,0.98925,0.4945,0.51125,1.0,0.51275
15,0.9,0.9096762177944183,0.9195626125335693,0.013149143725051545,0.00745714334002696,0.014755167786031961,0.020866607430391013,0.9,0.987,0.997375,0.9990625,0.998875,0.40875,0.587125,0.9909375,0.9963125,0.5216875,0.9814375,0.500375,0.5326875,0.99625,0.52625,0.99075,0.99975,1.0,0.99975,0.4285,0.588,0.999,1.0,0.5225,0.987,0.49425,0.53675,1.0,0.51325
16,0.9,0.9159872554540635,0.9206192693710327,0.010078891024434596,0.008367756832827582,0.015469054218381644,0.017472276252228768,0.9,0.989625,0.9984375,0.999375,0.999375,0.4095625,0.591625,0.9930625,0.9979375,0.524625,0.9859375,0.5013125,0.5366875,0.998125,0.5446875,0.99025,0.99925,1.0,1.0,0.4285,0.599,0.997,0.99975,0.52425,0.98925,0.49425,0.54625,1.0,0.571
17,0.9,0.9162740497589111,0.9226147847175599,0.010061391213039315,0.007302510499604978,0.014310781005769968,0.017427847038023175,0.9,0.9895,0.9978125,0.9994375,0.999125,0.409875,0.59625,0.9933125,0.9976875,0.5258125,0.986625,0.5013125,0.5296875,0.998625,0.553,0.99125,0.999,1.0,1.0,0.4285,0.602,0.99925,1.0,0.53675,0.9925,0.49425,0.54,1.0,0.55475
18,0.9,0.9179330660104752,0.9221949219703675,0.010245411153806344,0.006719720358931227,0.013828256014734506,0.017427563389763236,0.9,0.9884375,0.998375,0.999625,0.9995625,0.4115625,0.5903125,0.99325,0.997,0.5285,0.98625,0.5005,0.470125,0.998375,0.5549375,0.99125,0.99975,1.0,1.0,0.4285,0.587,0.99825,0.99975,0.53,0.9895,0.49425,0.54675,1.0,0.55825
19,0.9,0.9199956954717636,0.925208288192749,0.008723183473630342,0.006499746415225672,0.013328942928463221,0.015851295452564956,0.9,0.9900625,0.99825,0.9996875,0.9995625,0.408625,0.5931875,0.9954375,0.99775,0.525625,0.988875,0.501,0.55,0.99775,0.560875,0.992,0.99925,1.0,1.0,0.4285,0.6095,0.999,0.99975,0.5235,0.994,0.49425,0.54625,1.0,0.58725
20,0.9,0.9187737271785736,0.9223395409584045,0.01062846730399906,0.009439575995551423,0.01626166421175003,0.01768824778776616,0.9,0.9900625,0.9983125,0.9989375,0.9991875,0.40875,0.584375,0.995125,0.995125,0.520125,0.9874375,0.5010625,0.5476875,0.998,0.5919375,0.991,0.99925,1.0,1.0,0.4285,0.58275,0.99875,1.0,0.52275,0.98875,0.49425,0.54625,1.0,0.60625
21,0.9,0.922637599825859,0.9260283403396606,0.007944478738376348,0.006913421725097578,0.013619245398789644,0.014886270840885117,0.9,0.9916875,0.9986875,0.9995625,0.9995,0.4085625,0.5810625,0.996125,0.9971875,0.5219375,0.9885,0.501875,0.5536875,0.999,0.60025,0.992,0.9995,1.0,1.0,0.4285,0.59075,0.9995,0.99975,0.52925,0.99175,0.4945,0.54675,1.0,0.604
22,0.9,0.922065871477127,0.9261463146209716,0.009357130923235672,0.006572442504693754,0.013300566762685775,0.01621483060810715,0.9,0.991,0.998375,0.999375,0.99925,0.4089375,0.5895625,0.9955,0.9975625,0.5200625,0.988625,0.5009375,0.5558125,0.998875,0.594125,0.99225,0.999,1.0,1.0,0.4285,0.601,0.9995,0.99975,0.52275,0.99375,0.49425,0.5465,1.0,0.606
23,0.9,0.9254743558168411,0.9245621342658996,0.007567063314707411,0.006793114647618495,0.013657589759677648,0.014262921351008118,0.9,0.992375,0.9984375,0.9998125,0.9995625,0.4086875,0.5955625,0.996375,0.99725,0.5194375,0.9898125,0.5010625,0.556,0.9991875,0.597875,0.992,0.99925,1.0,0.99975,0.4285,0.5925,0.999,1.0,0.5225,0.99225,0.49425,0.5465,1.0,0.6035
24,0.9,0.9244652243852616,0.9276440410614014,0.007848096384706424,0.00571247539826436,0.012376823738217354,0.014616764293983578,0.9,0.9919375,0.9988125,0.9995625,0.9996875,0.4085,0.592875,0.9965,0.998125,0.52,0.9904375,0.5005625,0.543875,0.9994375,0.611,0.993,0.9995,1.0,1.0,0.4285,0.593,0.999,0.99975,0.523,0.993,0.49425,0.3825,1.0,0.61025
25,0.9,0.9265651141405106,0.9272339553833008,0.0071397249509354875,0.008241777890631055,0.014694204594939947,0.013769241020549088,0.9,0.9924375,0.9984375,0.99975,0.9994375,0.4089375,0.586375,0.9960625,0.9990625,0.52,0.991,0.4981875,0.525375,0.99925,0.613,0.9925,0.9995,1.0,1.0,0.4285,0.5905,0.9995,1.0,0.5215,0.99225,0.49425,0.54675,1.0,0.60475
26,0.9,0.9249925087690354,0.9271996965408326,0.00814103325452379,0.008088617939065443,0.014559786412864923,0.01482767901243642,0.9,0.9915625,0.998625,0.9996875,0.9994375,0.4091875,0.5890625,0.996375,0.9990625,0.5231875,0.9905625,0.5004375,0.5554375,0.999,0.6105,0.9925,0.9995,0.99975,1.0,0.42875,0.58475,0.99925,0.99975,0.52075,0.9915,0.4945,0.5475,1.0,0.60875
27,0.9,0.9260844742059707,0.9298333945274353,0.008069668237456426,0.006056356552217039,0.012467381378635765,0.014654253864195197,0.9,0.9921875,0.9989375,0.999375,0.999625,0.409375,0.591125,0.996375,0.999,0.52125,0.991,0.500875,0.552625,0.9993125,0.612875,0.99375,0.99925,1.0,1.0,0.4285,0.587,0.999,1.0,0.522,0.99425,0.49425,0.5455,1.0,0.60975
28,0.9,0.9262540063858032,0.9299858303070069,0.007695413591195574,0.00572180924951681,0.012151045251637698,0.014300471567548812,0.9,0.992,0.998625,0.999375,0.9993125,0.4086875,0.589125,0.9961875,0.9983125,0.5200625,0.9913125,0.5004375,0.5535,0.9991875,0.6170625,0.99475,0.99975,1.0,1.0,0.4285,0.58575,0.9995,1.0,0.5205,0.995,0.49425,0.547,1.0,0.6095
29,0.9,0.9293521865606308,0.9297735719680786,0.006229038914462763,0.006226411406183616,0.012626413129270077,0.012670916337287053,0.9,0.9931875,0.9993125,0.99975,0.999625,0.4086875,0.5901875,0.9973125,0.9990625,0.519375,0.992375,0.50075,0.5574375,0.9995,0.6173125,0.9945,0.99925,1.0,1.0,0.4285,0.5855,0.999,1.0,0.52425,0.995,0.49425,0.54725,1.0,0.60975
30,0.9,0.9271831835508346,0.9261191010475158,0.008384247558627976,0.007824371230206453,0.014430023893713952,0.014827504384331405,0.9,0.991875,0.998875,0.9995,0.9996875,0.4088125,0.5895625,0.99625,0.9986875,0.521,0.991625,0.5011875,0.55675,0.9986875,0.6170625,0.99175,0.99825,1.0,1.0,0.4285,0.585,0.99775,1.0,0.52225,0.99175,0.49425,0.54825,1.0,0.61
31,0.9,0.9270789285898209,0.929786696434021,0.008217594488587564,0.006079967780548031,0.012493301324546338,0.01468794211326167,0.9,0.9919375,0.998625,0.999625,0.9990625,0.40925,0.587625,0.9964375,0.9986875,0.5206875,0.99075,0.501,0.556,0.999125,0.6145625,0.99375,0.9995,1.0,1.0,0.4285,0.5885,0.99925,0.99975,0.522,0.99375,0.49425,0.547,1.0,0.6095
32,0.9,0.9292007746696472,0.9277125167846679,0.007333403482144604,0.007189860996382777,0.01369962315261364,0.013679985577211482,0.9,0.9933125,0.9984375,0.9994375,0.9998125,0.40925,0.5774375,0.9974375,0.9988125,0.5205625,0.9928125,0.50125,0.5571875,0.99925,0.6165,0.9915,0.9995,0.99975,1.0,0.42875,0.58375,0.9995,0.99975,0.52725,0.9945,0.4945,0.54725,1.0,0.61475
