Epoch,Alpha,building_impl_complex_train_accuracy,building_no_car_truck_train_accuracy,building_no_chimney_statue_train_accuracy,building_nodoorornowindow_impl_noawning_train_accuracy,rule_commercialrestrictions_train_accuracy,rule_industrialrestrictions_train_accuracy,rule_residentialrestrictions_train_accuracy,commercial_train_accuracy,hotel_train_accuracy,store_train_accuracy,misccommercial_train_accuracy,cafe_train_accuracy,restaurant_train_accuracy,industrial_train_accuracy,industrial_not_table_train_accuracy,constructionsite_train_accuracy,miscindustrial_train_accuracy,powerplant_train_accuracy,watertreatment_train_accuracy,residential_train_accuracy,suburban_train_accuracy,countryhouse_train_accuracy,miscresidential_train_accuracy,residential_no_chimney_pipe_train_accuracy,building_impl_complex_val_accuracy,building_no_car_truck_val_accuracy,building_no_chimney_statue_val_accuracy,building_nodoorornowindow_impl_noawning_val_accuracy,rule_commercialrestrictions_val_accuracy,rule_industrialrestrictions_val_accuracy,rule_residentialrestrictions_val_accuracy,commercial_val_accuracy,hotel_val_accuracy,store_val_accuracy,misccommercial_val_accuracy,cafe_val_accuracy,restaurant_val_accuracy,industrial_val_accuracy,industrial_not_table_val_accuracy,constructionsite_val_accuracy,miscindustrial_val_accuracy,powerplant_val_accuracy,watertreatment_val_accuracy,residential_val_accuracy,suburban_val_accuracy,countryhouse_val_accuracy,miscresidential_val_accuracy,residential_no_chimney_pipe_val_accuracy
0,0.5,0.6583923101425171,0.7763695120811462,0.7734520435333252,0.9583556652069092,0.9587476849555969,0.9899136424064636,0.9888443946838379,0.4193209409713745,0.631197988986969,0.5622028708457947,0.5450121164321899,0.5497121810913086,0.5525742769241333,0.42207249999046326,0.8129696846008301,0.558590829372406,0.51971036195755,0.5347691178321838,0.5444803237915039,0.47481539845466614,0.5626758933067322,0.5545578002929688,0.5677822232246399,0.6778234243392944,0.8003671169281006,0.8688439726829529,0.8707608580589294,0.9997935891151428,0.9697085022926331,0.9833420515060425,0.9874653816223145,0.41471847891807556,0.7028834223747253,0.5623548030853271,0.5562240481376648,0.5582157969474792,0.5824817419052124,0.41058483719825745,0.8676815629005432,0.555974543094635,0.5033527612686157,0.5327086448669434,0.5356206893920898,0.4693703353404999,0.5624077916145325,0.5573452711105347,0.5625552535057068,0.7294416427612305
3,0.5,0.9998469948768616,0.9489350318908691,0.9999025464057922,0.9997314810752869,0.9998184442520142,0.9998230934143066,0.9998703002929688,0.39266136288642883,0.6779412627220154,0.6143203973770142,0.5913897752761841,0.5634205937385559,0.5622362494468689,0.4705734848976135,0.9114924669265747,0.6790963411331177,0.7681910395622253,0.6658735275268555,0.7409340739250183,0.4295658767223358,0.6361390948295593,0.5648544430732727,0.5452589392662048,0.999718427658081,0.9998546242713928,0.9651409983634949,0.9999006986618042,0.999733030796051,0.9998247027397156,0.9998305439949036,0.9998646378517151,0.38480454683303833,0.6956355571746826,0.6253538727760315,0.5930312275886536,0.5642004609107971,0.5618691444396973,0.47038301825523376,0.9108397364616394,0.6843881011009216,0.7522184252738953,0.676902174949646,0.7372522950172424,0.42908975481987,0.6594461798667908,0.5669870972633362,0.543768048286438,0.99977707862854
6,0.5,0.9998581409454346,0.9681657552719116,0.9999025464057922,0.9997267723083496,0.9998231530189514,0.9998271465301514,0.9998708963394165,0.3795836865901947,0.654260516166687,0.658318042755127,0.5908618569374084,0.5752145051956177,0.5602869391441345,0.45759934186935425,0.904366135597229,0.6915038228034973,0.699275553226471,0.6830951571464539,0.7037011981010437,0.4413175880908966,0.6872121095657349,0.5841988921165466,0.5422788858413696,0.9997533559799194,0.9998582601547241,0.9605000019073486,0.9999006986618042,0.9997254014015198,0.9998264908790588,0.9998322129249573,0.9998679757118225,0.3725982904434204,0.7082811594009399,0.65790855884552,0.5905354619026184,0.5782290697097778,0.5623699426651001,0.4483815133571625,0.9033811688423157,0.6856100559234619,0.6860734224319458,0.6764545440673828,0.6862671375274658,0.43545982241630554,0.6756944060325623,0.5857408046722412,0.5413159728050232,0.999665379524231
9,0.5,0.9998493194580078,0.9984644055366516,0.9999025464057922,0.9997923374176025,0.9998250007629395,0.9998348355293274,0.9998636245727539,0.37612080574035645,0.5568321943283081,0.7008116841316223,0.6165233254432678,0.6376907229423523,0.561116635799408,0.4398065209388733,0.92034512758255,0.6713850498199463,0.6894216537475586,0.6831695437431335,0.7300595045089722,0.4858452081680298,0.7652151584625244,0.7038173675537109,0.5324129462242126,0.9995706081390381,0.9998549818992615,0.9989906549453735,0.9999006986618042,0.9998011589050293,0.9998263716697693,0.9998355507850647,0.9998648166656494,0.3748748004436493,0.6064087152481079,0.6978687047958374,0.6136435866355896,0.6410833597183228,0.5616363286972046,0.4343336224555969,0.9177897572517395,0.6654406189918518,0.6872832179069519,0.6762033700942993,0.7221496105194092,0.48179852962493896,0.7611508965492249,0.7086377143859863,0.5329242944717407,0.9995905756950378
12,0.5,0.9998553395271301,0.9996371269226074,0.9999025464057922,0.999794065952301,0.999824583530426,0.9998303651809692,0.9998640418052673,0.3663039803504944,0.5695740580558777,0.686410665512085,0.6212691068649292,0.6473414301872253,0.564045786857605,0.46223968267440796,0.902890682220459,0.6716642379760742,0.7014098763465881,0.6820847392082214,0.7173625826835632,0.5110769271850586,0.7497096657752991,0.7035863399505615,0.5750764608383179,0.9997347593307495,0.9998560547828674,0.9996762871742249,0.9999006986618042,0.9998011589050293,0.999824583530426,0.9998312592506409,0.9998648762702942,0.3724249005317688,0.5994733572006226,0.6828953623771667,0.6147163510322571,0.6473500728607178,0.5646730661392212,0.4614877700805664,0.8912490606307983,0.6652141809463501,0.7057092189788818,0.668960452079773,0.7231855392456055,0.5191096067428589,0.7544465065002441,0.7215558290481567,0.5652114152908325,0.9997811913490295
15,0.5,0.9998704791069031,0.9997904300689697,0.9999025464057922,0.999794065952301,0.9998263716697693,0.9998296499252319,0.9998629689216614,0.3553881049156189,0.5689128041267395,0.6742293834686279,0.6227948665618896,0.6433118581771851,0.5755059719085693,0.4910659193992615,0.8835780024528503,0.6861413717269897,0.7135054469108582,0.6865487098693848,0.7246156334877014,0.5328700542449951,0.7327527403831482,0.6888051629066467,0.5890154838562012,0.9998055100440979,0.9998670816421509,0.99981689453125,0.9999006986618042,0.9998011589050293,0.9998188614845276,0.9998361468315125,0.9998660087585449,0.3876844644546509,0.6357254981994629,0.6632914543151855,0.6153973340988159,0.6356620192527771,0.5783511996269226,0.46423688530921936,0.8919882774353027,0.6605594754219055,0.7139753103256226,0.6723920106887817,0.7306445837020874,0.5360003113746643,0.7503129839897156,0.7309293746948242,0.5872727036476135,0.9998305439949036
18,0.5,0.9998757243156433,0.9998498558998108,0.9999025464057922,0.999794065952301,0.9998260736465454,0.9998286366462708,0.9998615980148315,0.345150351524353,0.5868211984634399,0.6848363876342773,0.6362175941467285,0.6140640377998352,0.593069851398468,0.5172089338302612,0.8786007165908813,0.6991540789604187,0.7260463237762451,0.700791597366333,0.7456516623497009,0.5593491792678833,0.7414710521697998,0.7213388681411743,0.5689162015914917,0.9998437166213989,0.9998720288276672,0.9998607039451599,0.9999006986618042,0.9998011589050293,0.9998144507408142,0.9998393654823303,0.9998621940612793,0.3779570460319519,0.6699878573417664,0.6845438480377197,0.6322613954544067,0.6095870137214661,0.599747896194458,0.4852274954319,0.8952978253364563,0.6937738656997681,0.7269803285598755,0.6996079087257385,0.7490110397338867,0.5756032466888428,0.7441930770874023,0.7390472292900085,0.5530632734298706,0.9998509287834167
21,0.5,0.9998781085014343,0.9998751282691956,0.9999025464057922,0.999794065952301,0.9998248219490051,0.9998260140419006,0.9998617172241211,0.3391973376274109,0.5868063569068909,0.6773173213005066,0.6254303455352783,0.6053922772407532,0.613211452960968,0.5245659947395325,0.8482973575592041,0.6987204551696777,0.708495020866394,0.7089726328849792,0.7251196503639221,0.5863564610481262,0.7386374473571777,0.7142475247383118,0.5933499336242676,0.9998409152030945,0.9998804926872253,0.9998729228973389,0.9999006986618042,0.9998011589050293,0.9998075366020203,0.9998361468315125,0.9998672008514404,0.40318334102630615,0.6684151291847229,0.6640018820762634,0.6341732144355774,0.5814303159713745,0.6101028323173523,0.473231703042984,0.872801661491394,0.6439165472984314,0.70304936170578,0.6759602427482605,0.7181738018989563,0.5905340313911438,0.7618845701217651,0.7486016750335693,0.5813485383987427,0.9998472929000854
24,0.5,0.9998788833618164,0.999874472618103,0.9999025464057922,0.999794065952301,0.9998252391815186,0.9998253583908081,0.9998616576194763,0.33362358808517456,0.5728960037231445,0.6705107688903809,0.6336683630943298,0.6034039855003357,0.62211012840271,0.5259700417518616,0.8135438561439514,0.7208377122879028,0.6983550190925598,0.7034733295440674,0.7078214883804321,0.6133396625518799,0.7331681251525879,0.7152823209762573,0.6182214617729187,0.9998288750648499,0.9998798370361328,0.9998711943626404,0.9999006986618042,0.9998011589050293,0.9998071193695068,0.9998382329940796,0.9998630285263062,0.38150015473365784,0.6441425681114197,0.6545906662940979,0.6279957890510559,0.6037813425064087,0.6202329397201538,0.4707045555114746,0.7546072602272034,0.6745229363441467,0.6996709108352661,0.681286096572876,0.705290675163269,0.6464741230010986,0.7373849153518677,0.7261807918548584,0.7019527554512024,0.9998328685760498
27,0.5,0.9998793005943298,0.9998608827590942,0.9999025464057922,0.999794065952301,0.9998248815536499,0.9998250603675842,0.9998618364334106,0.32928913831710815,0.5639650821685791,0.6611353754997253,0.6318012475967407,0.6015851497650146,0.6291480660438538,0.5293620824813843,0.77513587474823,0.7340948581695557,0.6937597393989563,0.7035889029502869,0.6999562978744507,0.6295223832130432,0.7253987789154053,0.7108850479125977,0.6420557498931885,0.9997897744178772,0.9998802542686462,0.9998601078987122,0.9999006986618042,0.9998011589050293,0.999834418296814,0.9998316764831543,0.9998542070388794,0.28598544001579285,0.5365256071090698,0.6766778230667114,0.6455193758010864,0.6359527111053467,0.6375168561935425,0.5407217741012573,0.8298823237419128,0.7557984590530396,0.709257960319519,0.7243697047233582,0.7103922963142395,0.6427516341209412,0.6773261427879333,0.6458528637886047,0.6069884896278381,0.9997699856758118
30,0.5,0.9998793601989746,0.9998481869697571,0.9999025464057922,0.999794065952301,0.999823808670044,0.9998248219490051,0.9998610615730286,0.3275042772293091,0.5642400979995728,0.6708276271820068,0.6453837752342224,0.6008017659187317,0.6362009048461914,0.5312628746032715,0.7839015126228333,0.7468668222427368,0.6813734173774719,0.695338249206543,0.6921492218971252,0.6460559368133545,0.7260437607765198,0.7182761430740356,0.6408985257148743,0.999747633934021,0.9998856782913208,0.9998595118522644,0.9999006986618042,0.9998011589050293,0.9998359084129333,0.9998193383216858,0.9998591542243958,0.2915511429309845,0.522880494594574,0.680711030960083,0.6456116437911987,0.6086242198944092,0.6379566788673401,0.5629402995109558,0.8193196654319763,0.7665399312973022,0.6817983388900757,0.7055439352989197,0.6901918649673462,0.6448565721511841,0.7243515849113464,0.7112016677856445,0.59529709815979,0.9997519254684448
33,0.5,0.9998776316642761,0.9997860789299011,0.9999025464057922,0.999794065952301,0.9998241662979126,0.9998239874839783,0.9998608827590942,0.32300516963005066,0.5671841502189636,0.6863370537757874,0.6404717564582825,0.5834975242614746,0.6421391367912292,0.5353925228118896,0.7872185707092285,0.7537356615066528,0.6794192790985107,0.7023988366127014,0.6926631927490234,0.6553855538368225,0.7262015342712402,0.7005159258842468,0.6361242532730103,0.9996063113212585,0.9998799562454224,0.9997729659080505,0.9999006986618042,0.9998011589050293,0.9998196363449097,0.9998235106468201,0.9998647570610046,0.34262096881866455,0.5809459090232849,0.6931307315826416,0.640657901763916,0.5551235675811768,0.639172375202179,0.5280787348747253,0.7790309190750122,0.7522880434989929,0.6691175103187561,0.6917569637298584,0.6863921880722046,0.6601153016090393,0.7401711344718933,0.7351202368736267,0.6394542455673218,0.9996286034584045
36,0.5,0.9998699426651001,0.9995768666267395,0.9999025464057922,0.999794065952301,0.9998242259025574,0.9998237490653992,0.9998610019683838,0.31844931840896606,0.5691015720367432,0.6887802481651306,0.6364035606384277,0.583766520023346,0.6437432765960693,0.5378724336624146,0.7476483583450317,0.7501583695411682,0.6728438138961792,0.6901164650917053,0.68752121925354,0.6698399186134338,0.7291937470436096,0.701673150062561,0.6667618155479431,0.9994229674339294,0.9998623132705688,0.9994762539863586,0.9999006986618042,0.9998011589050293,0.999824583530426,0.9998281002044678,0.999860405921936,0.3129314184188843,0.5643340349197388,0.6848737597465515,0.6413252353668213,0.5961984395980835,0.6632230877876282,0.5213860273361206,0.7732281684875488,0.7401189208030701,0.6837658286094666,0.6806759238243103,0.6878905892372131,0.683414101600647,0.7304465770721436,0.6921413540840149,0.649323582649231,0.9993991255760193
39,0.5,0.9998711347579956,0.9993959665298462,0.9999025464057922,0.999794065952301,0.9998239874839783,0.9998239278793335,0.9998605847358704,0.3167765140533447,0.5816527009010315,0.6872233152389526,0.6262140870094299,0.5979998707771301,0.6537384390830994,0.5455875992774963,0.7295944690704346,0.7550572752952576,0.6858649253845215,0.6914733648300171,0.6900612711906433,0.676925539970398,0.7259947657585144,0.6855756044387817,0.6835269927978516,0.9990488290786743,0.9998733997344971,0.9994919300079346,0.9999004602432251,0.9998011589050293,0.9998258352279663,0.9998255372047424,0.9998595714569092,0.30479398369789124,0.5804879069328308,0.6743646264076233,0.6256852746009827,0.6116347908973694,0.6570888757705688,0.5473999977111816,0.7326327562332153,0.7482215166091919,0.708626389503479,0.6906700730323792,0.698714017868042,0.6884430050849915,0.7103539109230042,0.6313640475273132,0.6772502660751343,0.9989269971847534
42,0.5,0.9998667240142822,0.9990833401679993,0.9999024868011475,0.999794065952301,0.9998234510421753,0.9998236298561096,0.999860942363739,0.3150385618209839,0.5862263441085815,0.7001557946205139,0.6270009279251099,0.6023709177970886,0.6566511988639832,0.5471384525299072,0.7262682318687439,0.7472806572914124,0.6897258758544922,0.6848669648170471,0.6898130774497986,0.6892619729042053,0.7304053902626038,0.7209397554397583,0.6824840307235718,0.9987488389015198,0.9998704791069031,0.9990420937538147,0.9999004006385803,0.9998011589050293,0.9998207688331604,0.999819278717041,0.9998650550842285,0.3303355276584625,0.6009087562561035,0.7083800435066223,0.6153208613395691,0.5685819387435913,0.650882363319397,0.554569661617279,0.6879588961601257,0.7461241483688354,0.6809906959533691,0.6777206659317017,0.6778952479362488,0.6946178674697876,0.741237223148346,0.7385358214378357,0.690758228302002,0.9988177418708801
45,0.5,0.9998666644096375,0.998683750629425,0.9999024868011475,0.999794065952301,0.9998236298561096,0.9998225569725037,0.9998608231544495,0.3142111897468567,0.6085103750228882,0.6938392519950867,0.6214509010314941,0.6132343411445618,0.6590230464935303,0.5536119341850281,0.7310388088226318,0.7429997324943542,0.706119179725647,0.6906014680862427,0.6869226694107056,0.6925668716430664,0.7262807488441467,0.6679575443267822,0.6802794933319092,0.998112678527832,0.9998622536659241,0.9986544847488403,0.9999003410339355,0.9998011589050293,0.9998242855072021,0.9998177289962769,0.9998621344566345,0.30868449807167053,0.5994608998298645,0.694767951965332,0.6161993741989136,0.5975055694580078,0.6480719447135925,0.564637303352356,0.6880486607551575,0.7425452470779419,0.7011065483093262,0.6844565272331238,0.6855336427688599,0.7168011665344238,0.7433661222457886,0.7395508289337158,0.6890637874603271,0.998492956161499
48,0.5,0.9998703002929688,0.9988507628440857,0.9999023079872131,0.999794065952301,0.9998229146003723,0.9998226761817932,0.9998608827590942,0.31143510341644287,0.617510199546814,0.6980910897254944,0.6267088055610657,0.6189694404602051,0.6575912237167358,0.5590416789054871,0.7407566905021667,0.7424739599227905,0.6770510077476501,0.6931129097938538,0.6865265369415283,0.7081467509269714,0.7289289236068726,0.6732140779495239,0.6689184904098511,0.9979299902915955,0.9998626112937927,0.9985437989234924,0.9998996257781982,0.9998011589050293,0.9998196959495544,0.9998226165771484,0.9998621344566345,0.3198697865009308,0.6386315822601318,0.6851180195808411,0.6162216067314148,0.6060711145401001,0.651412844657898,0.5581873059272766,0.7011597752571106,0.7352201342582703,0.6762639880180359,0.6899934411048889,0.688572883605957,0.7143774628639221,0.7344040274620056,0.7020692229270935,0.7131543755531311,0.9979382157325745
51,0.5,0.9998574256896973,0.9981910586357117,0.9999017119407654,0.999794065952301,0.9998227953910828,0.9998221397399902,0.999860405921936,0.30895593762397766,0.6237865090370178,0.6939683556556702,0.6226224303245544,0.6202664971351624,0.6567172408103943,0.564345121383667,0.7342172861099243,0.7390543818473816,0.6943926811218262,0.6879235506057739,0.6887425184249878,0.7089544534683228,0.7291232943534851,0.6919810175895691,0.675895094871521,0.9972020387649536,0.9998452663421631,0.9978813529014587,0.9998988509178162,0.9998011589050293,0.9998077154159546,0.9998401999473572,0.999862551689148,0.35756611824035645,0.7085331678390503,0.6710739135742188,0.5959768295288086,0.6306220889091492,0.6562023162841797,0.50937420129776,0.7436929941177368,0.7096292972564697,0.7465328574180603,0.6889992952346802,0.719784677028656,0.7346376180648804,0.7300009727478027,0.6877502202987671,0.7541819214820862,0.9969742298126221
54,0.5,0.9998416304588318,0.9980058073997498,0.9999015927314758,0.999794065952301,0.9998222589492798,0.9998221397399902,0.9998611807823181,0.30820438265800476,0.6305525302886963,0.6925772428512573,0.619472324848175,0.6243187785148621,0.6590418219566345,0.5682344436645508,0.7181296348571777,0.7282859683036804,0.6907694339752197,0.6868754625320435,0.6941615343093872,0.7132056355476379,0.7260649800300598,0.6856198906898499,0.6934571862220764,0.996428906917572,0.9998247623443604,0.997552752494812,0.9998990297317505,0.9998011589050293,0.9998175501823425,0.9998292922973633,0.9998620748519897,0.3264022469520569,0.6567543148994446,0.6870217323303223,0.5916650295257568,0.6406883597373962,0.6448934674263,0.5445629358291626,0.6634711027145386,0.7144478559494019,0.7301694750785828,0.6949273943901062,0.7175878286361694,0.7345525622367859,0.7397010922431946,0.7120730876922607,0.7919442653656006,0.9968655109405518
57,0.5,0.9998030066490173,0.9971562623977661,0.9999009370803833,0.999794065952301,0.9998218417167664,0.9998210072517395,0.9998606443405151,0.3048546016216278,0.6361985802650452,0.6907655000686646,0.6263861656188965,0.6329659223556519,0.6563009023666382,0.5727803707122803,0.7340688705444336,0.7243564128875732,0.6722429990768433,0.6892774105072021,0.6944588422775269,0.7161945104598999,0.7267376184463501,0.6802139282226562,0.6788398623466492,0.9957963824272156,0.9997861981391907,0.9966585040092468,0.9998951554298401,0.9998011589050293,0.9998303651809692,0.9998067617416382,0.9998621940612793,0.28128406405448914,0.6011062860488892,0.71883225440979,0.6339254975318909,0.6013441681861877,0.6521424651145935,0.6154522895812988,0.7432589530944824,0.7474323511123657,0.5761250257492065,0.6835972666740417,0.6536964178085327,0.6789672374725342,0.7262202501296997,0.6863608360290527,0.6329907178878784,0.9953835010528564
60,0.5,0.9996358752250671,0.986636757850647,0.9999008774757385,0.999794065952301,0.9998214840888977,0.9998201131820679,0.9998611211776733,0.3015199899673462,0.6471516489982605,0.6851721405982971,0.6286306977272034,0.631788969039917,0.6525216102600098,0.5789615511894226,0.7427442669868469,0.7219760417938232,0.674286961555481,0.6925041675567627,0.6879972815513611,0.7169561386108398,0.7255163788795471,0.6973980665206909,0.6737598776817322,0.9954269528388977,0.9991114139556885,0.9804133176803589,0.999893307685852,0.9998011589050293,0.9998207688331604,0.9998141527175903,0.9998632669448853,0.30556610226631165,0.6495523452758789,0.7071546912193298,0.6365992426872253,0.5939537286758423,0.6510176658630371,0.5905925035476685,0.7737796306610107,0.7379094958305359,0.6207125186920166,0.6843584775924683,0.6362451314926147,0.6706498861312866,0.7193695306777954,0.7469210624694824,0.6422549486160278,0.9950851202011108
63,0.5,0.9977486729621887,0.9864553213119507,0.9998850226402283,0.999794065952301,0.99982088804245,0.9998189210891724,0.9998601675033569,0.2999233901500702,0.654961347579956,0.6921217441558838,0.6262304782867432,0.644554615020752,0.6468206644058228,0.5865225195884705,0.7396374344825745,0.7138769626617432,0.6655439734458923,0.6863236427307129,0.694496214389801,0.7182233929634094,0.7311748266220093,0.8275622129440308,0.6830459237098694,0.9959470629692078,0.996953547000885,0.9813843369483948,0.9998840093612671,0.9998011589050293,0.9998226165771484,0.9998133778572083,0.9998621940612793,0.2978072762489319,0.6376960873603821,0.7068606615066528,0.6262674331665039,0.6430326700210571,0.6435481309890747,0.601638674736023,0.7374697923660278,0.7244088649749756,0.6081475615501404,0.6800892949104309,0.6542626023292542,0.6861106753349304,0.7289819717407227,0.8123660087585449,0.6680477261543274,0.9961218237876892
66,0.5,0.9971058964729309,0.9879792928695679,0.9998826384544373,0.999794065952301,0.9998201727867126,0.999818742275238,0.9998605251312256,0.2972659170627594,0.6559444069862366,0.6871640682220459,0.6342812776565552,0.659935712814331,0.6441232562065125,0.5949314832687378,0.739206075668335,0.7103739976882935,0.6705120801925659,0.6869598031044006,0.7065202593803406,0.7252181172370911,0.7343804240226746,0.8421887755393982,0.6805853843688965,0.9959168434143066,0.9972324371337891,0.9879319667816162,0.9998838901519775,0.9998011589050293,0.99981689453125,0.9998323321342468,0.9998584985733032,0.30560576915740967,0.6668432354927063,0.6416162848472595,0.6319468021392822,0.7045859694480896,0.6426592469215393,0.5461037158966064,0.7701117992401123,0.6828117966651917,0.713398277759552,0.6849660277366638,0.7280928492546082,0.7325062155723572,0.732145369052887,0.8461568355560303,0.7031219005584717,0.9957324266433716
69,0.5,0.9968509674072266,0.9902611970901489,0.999879777431488,0.999794065952301,0.9998193383216858,0.9998172521591187,0.9998599290847778,0.2942003011703491,0.6674210429191589,0.68540358543396,0.6392971873283386,0.6679223775863647,0.6496560573577881,0.6013749837875366,0.7545486092567444,0.7116723656654358,0.6490285396575928,0.6809283494949341,0.6911126375198364,0.7283778786659241,0.7325723767280579,0.8465468287467957,0.6680370569229126,0.995966911315918,0.9966725707054138,0.991085946559906,0.9998749494552612,0.9998011589050293,0.9998196363449097,0.9998195171356201,0.9998594522476196,0.29149171710014343,0.6563417911529541,0.6774542927742004,0.6456324458122253,0.6965052485466003,0.6531574130058289,0.5879635810852051,0.8043019771575928,0.7062675952911377,0.6332347393035889,0.6765485405921936,0.6770967245101929,0.7165877223014832,0.7299189567565918,0.8532882332801819,0.6294867992401123,0.9957911968231201
72,0.5,0.996732771396637,0.988507091999054,0.9998765587806702,0.999794065952301,0.9998189210891724,0.9998152852058411,0.9998602867126465,0.29028603434562683,0.6676727533340454,0.6713897585868835,0.6452295184135437,0.6838490962982178,0.645272970199585,0.6163498163223267,0.7695954442024231,0.713797390460968,0.6164318323135376,0.6759447455406189,0.687468409538269,0.7237898111343384,0.7369661927223206,0.8512597680091858,0.6572907567024231,0.9951562285423279,0.9968266487121582,0.9894077181816101,0.9998782277107239,0.9998011589050293,0.9998300671577454,0.9998104572296143,0.9998558759689331,0.254029780626297,0.6091922521591187,0.7078179717063904,0.649370551109314,0.7236854434013367,0.6550248265266418,0.6317334175109863,0.7773972749710083,0.7337338328361511,0.5652739405632019,0.670787513256073,0.6696966290473938,0.6840524673461914,0.7515013217926025,0.8510766625404358,0.6301462650299072,0.9954047799110413
75,0.5,0.9964666962623596,0.9889104962348938,0.9998711943626404,0.9997941255569458,0.9998183250427246,0.9998071193695068,0.9998598694801331,0.28866830468177795,0.6643214225769043,0.6537224650382996,0.6485239267349243,0.683219850063324,0.6494660973548889,0.6257590651512146,0.7840031385421753,0.7062525153160095,0.6101529598236084,0.6723942160606384,0.6713018417358398,0.7205768823623657,0.7520799040794373,0.8550688624382019,0.6424268484115601,0.9944202303886414,0.9939095377922058,0.9868795275688171,0.9998365044593811,0.9998011589050293,0.9998223781585693,0.9997812509536743,0.9998546242713928,0.26528462767601013,0.637067973613739,0.6339737772941589,0.6545336246490479,0.7079038619995117,0.6583114266395569,0.6067255735397339,0.834047257900238,0.6960098147392273,0.5576927661895752,0.6596598625183105,0.6311798095703125,0.6741269826889038,0.7600480318069458,0.8511688709259033,0.6113669276237488,0.9919540286064148
78,0.5,0.9957441687583923,0.9888565540313721,0.9998353719711304,0.999794065952301,0.9998161196708679,0.9995162487030029,0.9998568892478943,0.28752800822257996,0.6657993197441101,0.6829860210418701,0.6564810872077942,0.6669715642929077,0.6550699472427368,0.6368908286094666,0.7849533557891846,0.7008650302886963,0.592592716217041,0.6753274202346802,0.6635408997535706,0.706638514995575,0.7602601647377014,0.8545206189155579,0.6475460529327393,0.9923113584518433,0.9971690773963928,0.9932564496994019,0.9998565316200256,0.9998011589050293,0.9998171329498291,0.9996631145477295,0.9998572468757629,0.2837409973144531,0.6740721464157104,0.6814299821853638,0.6608017683029175,0.7095426321029663,0.6561645269393921,0.6263670325279236,0.7934868931770325,0.6864660382270813,0.6436695456504822,0.6834860444068909,0.7163775563240051,0.7563121318817139,0.7817140221595764,0.8561407923698425,0.6274365782737732,0.9939676523208618
81,0.5,0.9962696433067322,0.9910521507263184,0.9998509287834167,0.999794065952301,0.9998169541358948,0.9996242523193359,0.9998577237129211,0.28385308384895325,0.6682009696960449,0.6868880391120911,0.6576236486434937,0.6833975315093994,0.6623759865760803,0.6476917266845703,0.7864011526107788,0.6925837993621826,0.5719217658042908,0.6797360777854919,0.6499528288841248,0.727083683013916,0.7747999429702759,0.8613170981407166,0.6406208872795105,0.99322110414505,0.9953023791313171,0.9875310063362122,0.9998143911361694,0.9998011589050293,0.9998128414154053,0.999496579170227,0.9998592734336853,0.29687464237213135,0.6728466749191284,0.6921279430389404,0.6528212428092957,0.64531409740448,0.6641801595687866,0.6620906591415405,0.7897206544876099,0.7157702445983887,0.5541418194770813,0.6807910203933716,0.5895103812217712,0.6808900237083435,0.7560613751411438,0.8441915512084961,0.6533067226409912,0.9923664927482605
84,0.5,0.9954173564910889,0.9898765683174133,0.9998042583465576,0.999794065952301,0.9998152256011963,0.9995701313018799,0.9998549222946167,0.2822105884552002,0.6707090735435486,0.6880743503570557,0.6606661081314087,0.6892301440238953,0.6663427948951721,0.6630457043647766,0.7748129963874817,0.6925559043884277,0.5717964768409729,0.6844643950462341,0.6359117031097412,0.7233338356018066,0.7901144623756409,0.864024817943573,0.6511392593383789,0.9919201731681824,0.9960420727729797,0.9900539517402649,0.9998347759246826,0.9998011589050293,0.9998126029968262,0.9996835589408875,0.9998552203178406,0.2963857650756836,0.6787563562393188,0.6814841032028198,0.6488232016563416,0.7268240451812744,0.660396933555603,0.6404615640640259,0.7588586211204529,0.6821765899658203,0.637586772441864,0.6962614059448242,0.6982626914978027,0.7472773790359497,0.7871466279029846,0.8643423318862915,0.670322597026825,0.9922271966934204
87,0.5,0.9942152500152588,0.9857020378112793,0.9996975064277649,0.9997939467430115,0.999813973903656,0.9995301365852356,0.9998528361320496,0.2792882025241852,0.6685612201690674,0.6860212087631226,0.6645455956459045,0.6903631091117859,0.6655091643333435,0.6714901328086853,0.7818755507469177,0.6910071969032288,0.5504752397537231,0.6853808760643005,0.6141203045845032,0.7277749180793762,0.8047446012496948,0.8674894571304321,0.6443105340003967,0.9881390333175659,0.9940813183784485,0.9823863506317139,0.9997209906578064,0.9998011589050293,0.99981290102005,0.9995386600494385,0.9998432397842407,0.28313490748405457,0.6658967137336731,0.684606671333313,0.6702457070350647,0.7235912084579468,0.6712177395820618,0.6361322999000549,0.8425501585006714,0.6891764998435974,0.6108568906784058,0.6986875534057617,0.6626819372177124,0.7158997654914856,0.8135659694671631,0.8755664229393005,0.6080056428909302,0.988336980342865
90,0.5,0.9936988949775696,0.9806190729141235,0.9993842840194702,0.9997939467430115,0.9998102188110352,0.9994816780090332,0.999849259853363,0.277288556098938,0.6741243600845337,0.686924397945404,0.6708171367645264,0.692681074142456,0.6727697849273682,0.6832077503204346,0.7772479057312012,0.6930773854255676,0.5461944937705994,0.6883096098899841,0.6211289763450623,0.7325242757797241,0.82167649269104,0.86700439453125,0.6460224390029907,0.9843922257423401,0.9932185411453247,0.983096182346344,0.9993561506271362,0.9998011589050293,0.9998199343681335,0.9994786381721497,0.99983149766922,0.24758528172969818,0.6342471241950989,0.6928449869155884,0.6700377464294434,0.7414496541023254,0.6743318438529968,0.64101642370224,0.8285943269729614,0.698997974395752,0.5815091729164124,0.6980504393577576,0.6527473330497742,0.7052817940711975,0.8197798132896423,0.8721371293067932,0.614550769329071,0.9831926822662354
93,0.5,0.9935691356658936,0.9759063124656677,0.9990739226341248,0.9997940063476562,0.9998082518577576,0.9994478225708008,0.9998460412025452,0.2731689214706421,0.6738430857658386,0.6903284192085266,0.6748571991920471,0.6935630440711975,0.6756637692451477,0.6865603923797607,0.7906839847564697,0.691291868686676,0.5428575277328491,0.6887252330780029,0.6207093596458435,0.7439021468162537,0.821448564529419,0.8623368740081787,0.6317448616027832,0.9832046627998352,0.9932448863983154,0.9773357510566711,0.9990965127944946,0.9998010993003845,0.9998214244842529,0.9994626045227051,0.9998365640640259,0.2363990694284439,0.6445562839508057,0.6911849975585938,0.6723392605781555,0.7198533415794373,0.6766459345817566,0.6883307695388794,0.7906550765037537,0.6910607218742371,0.5361460447311401,0.6884779334068298,0.6199095249176025,0.729698121547699,0.8380149006843567,0.8800816535949707,0.6210397481918335,0.9822899103164673
96,0.5,0.9915063381195068,0.9690669178962708,0.9981428980827332,0.9997940063476562,0.9997925758361816,0.9993577003479004,0.9998215436935425,0.26912105083465576,0.6674042344093323,0.692548394203186,0.6760362982749939,0.6824469566345215,0.6771853566169739,0.696899950504303,0.7714945673942566,0.6961655020713806,0.5444141626358032,0.6936337351799011,0.6046394109725952,0.7392057776451111,0.8264254927635193,0.8617941737174988,0.6491873264312744,0.9662449359893799,0.9912760257720947,0.9711151719093323,0.9980048537254333,0.9998002052307129,0.9997925758361816,0.9992936849594116,0.9998195767402649,0.2597946226596832,0.6577088832855225,0.6929802894592285,0.6725372076034546,0.672615110874176,0.6788122057914734,0.7091136574745178,0.7643616199493408,0.6927513480186462,0.5258165001869202,0.688729465007782,0.590488851070404,0.7417226433753967,0.8323050737380981,0.8744832873344421,0.6426931023597717,0.9637427926063538
99,0.5,0.9910809993743896,0.9606672525405884,0.9974415302276611,0.9997938275337219,0.9997854828834534,0.9992945194244385,0.9998050928115845,0.26745834946632385,0.6697031259536743,0.6909313797950745,0.6732216477394104,0.6864728331565857,0.6823074817657471,0.7010166049003601,0.7788019776344299,0.6954951882362366,0.55635005235672,0.6935027837753296,0.6266871094703674,0.7486142516136169,0.8343682289123535,0.8614593148231506,0.6415319442749023,0.9606881737709045,0.9902423024177551,0.9583712816238403,0.9967503547668457,0.9997987151145935,0.9997760653495789,0.9993457794189453,0.9998234510421753,0.2697027623653412,0.686612069606781,0.696293294429779,0.6732884645462036,0.6706308722496033,0.69029700756073,0.7198429703712463,0.7554099559783936,0.7038655877113342,0.49973630905151367,0.6869032382965088,0.5695905685424805,0.7560368180274963,0.8431788086891174,0.8660487532615662,0.6621914505958557,0.9596948623657227
102,0.5,0.9896922707557678,0.9451090693473816,0.9968423843383789,0.9997937083244324,0.9997403025627136,0.9992508292198181,0.9997817873954773,0.2651016414165497,0.6715848445892334,0.6895825266838074,0.6756795048713684,0.6854825019836426,0.6831331849098206,0.7049935460090637,0.7821254134178162,0.6985604763031006,0.5525269508361816,0.6986652612686157,0.6357276439666748,0.747456431388855,0.8364030718803406,0.8646301031112671,0.6388101577758789,0.9261304140090942,0.9890168309211731,0.9488289952278137,0.99675452709198,0.999798595905304,0.9997612237930298,0.9990580677986145,0.9997718930244446,0.23716390132904053,0.6698215007781982,0.700285792350769,0.6828228831291199,0.6791405081748962,0.6908831596374512,0.7231071591377258,0.775787889957428,0.7003399729728699,0.5229508876800537,0.6891230940818787,0.6270843148231506,0.754378616809845,0.8458359837532043,0.8791054487228394,0.6416158080101013,0.9225766658782959
105,0.5,0.9868875741958618,0.9280856251716614,0.9976124167442322,0.9997933506965637,0.9996874928474426,0.9992597699165344,0.9997696280479431,0.2613286077976227,0.6708050966262817,0.691750705242157,0.6804349422454834,0.684722900390625,0.6828033328056335,0.7122199535369873,0.7794726490974426,0.7021287679672241,0.5364425182342529,0.6949058771133423,0.640534520149231,0.7436953783035278,0.8257346153259277,0.8615411520004272,0.6455897688865662,0.9149011969566345,0.9884443879127502,0.9287834763526917,0.9975202679634094,0.9997991323471069,0.9997438192367554,0.9993141889572144,0.9997693300247192,0.27660995721817017,0.6783634424209595,0.6832826137542725,0.6826851963996887,0.7002027630805969,0.6946730613708496,0.7162749767303467,0.7788528800010681,0.7065269947052002,0.5528223514556885,0.7061575055122375,0.6485174894332886,0.7669292092323303,0.8376424312591553,0.8791552782058716,0.6555609107017517,0.9256264567375183
108,0.5,0.9838536977767944,0.92360919713974,0.9977424740791321,0.9997932314872742,0.9996615052223206,0.999055802822113,0.9996653199195862,0.25778406858444214,0.6646466851234436,0.6787176728248596,0.6865525245666504,0.6845113039016724,0.6868221759796143,0.7189465761184692,0.7782785296440125,0.7036558389663696,0.5388525724411011,0.7029120922088623,0.6383936405181885,0.7554436326026917,0.8228057622909546,0.8636031150817871,0.6431865096092224,0.9088826179504395,0.9857528805732727,0.9256885051727295,0.9979211688041687,0.9997984170913696,0.9997313022613525,0.9992784857749939,0.9997354745864868,0.2533476650714874,0.6789370775222778,0.693587601184845,0.6885926723480225,0.6818699836730957,0.6913735270500183,0.7304756045341492,0.7749648094177246,0.7062728404998779,0.5179051756858826,0.7007116675376892,0.6220963597297668,0.7633042931556702,0.8459873795509338,0.8768759965896606,0.6489195823669434,0.9224797487258911
111,0.5,0.9826518893241882,0.9200242757797241,0.9979392886161804,0.9997924566268921,0.9997106194496155,0.9993265867233276,0.9996572136878967,0.25651392340660095,0.6661649346351624,0.6755839586257935,0.6865478754043579,0.6859612464904785,0.6869754791259766,0.7246773838996887,0.7809861898422241,0.7031927108764648,0.5394498109817505,0.697762131690979,0.6488462686538696,0.7623389959335327,0.8388696908950806,0.8679630756378174,0.6385582685470581,0.9201704859733582,0.9824267029762268,0.9329975247383118,0.9980227947235107,0.9997984170913696,0.9996503591537476,0.9990352392196655,0.9995707869529724,0.23257772624492645,0.6610849499702454,0.6820371150970459,0.6881826519966125,0.6863542199134827,0.6885788440704346,0.7164830565452576,0.8282589912414551,0.708110511302948,0.5065876245498657,0.6987861394882202,0.6263284683227539,0.7334119081497192,0.822982668876648,0.8649503588676453,0.605981707572937,0.9077895879745483
114,0.5,0.9817796349525452,0.9182470440864563,0.9980712532997131,0.9997924566268921,0.999690055847168,0.999302327632904,0.9996593594551086,0.25469985604286194,0.6685053110122681,0.6886654496192932,0.6880031228065491,0.6834754347801208,0.6899998784065247,0.7330455780029297,0.7718764543533325,0.7053864598274231,0.5464755296707153,0.690332293510437,0.6527078151702881,0.764590859413147,0.8251664638519287,0.8599334955215454,0.6452669501304626,0.9158811569213867,0.9808977246284485,0.9063305854797363,0.9974862933158875,0.9997936487197876,0.9996964335441589,0.9993773102760315,0.9996547102928162,0.270599901676178,0.6766635775566101,0.6699123382568359,0.685681164264679,0.6740715503692627,0.6905134320259094,0.7371968626976013,0.7504812479019165,0.7114307284355164,0.5188380479812622,0.679980456829071,0.6533788442611694,0.7841528058052063,0.8239747285842896,0.8625560402870178,0.6648688912391663,0.9215583205223083
117,0.5,0.9806113839149475,0.9197542071342468,0.9987741112709045,0.9997923970222473,0.9997307658195496,0.9995012879371643,0.99969083070755,0.25192758440971375,0.6684068441390991,0.6903350949287415,0.6881881952285767,0.6814482808113098,0.6838858127593994,0.7391238212585449,0.7670572400093079,0.7015533447265625,0.5460708141326904,0.7019944787025452,0.6608796715736389,0.7744208574295044,0.8255009651184082,0.8634831309318542,0.6477827429771423,0.9194799661636353,0.9772917032241821,0.9227906465530396,0.9992040395736694,0.9997988343238831,0.9996582865715027,0.9995927214622498,0.9996688961982727,0.28986451029777527,0.6648446917533875,0.6871398687362671,0.6820772290229797,0.6725761890411377,0.6774185299873352,0.7245210409164429,0.7234838604927063,0.6700049042701721,0.6352461576461792,0.7055799961090088,0.7143802046775818,0.8043242692947388,0.7913640737533569,0.8189342617988586,0.6686567664146423,0.8917505741119385
120,0.5,0.9686219692230225,0.9174357652664185,0.9985416531562805,0.9997929930686951,0.9996362924575806,0.9994019269943237,0.9994813799858093,0.2526445686817169,0.6667867302894592,0.677987277507782,0.687900185585022,0.6780579090118408,0.6848046779632568,0.7427737712860107,0.7928279042243958,0.697096586227417,0.5557498335838318,0.6986415982246399,0.6673132181167603,0.77748042345047,0.8001731038093567,0.844021737575531,0.6275925636291504,0.9094205498695374,0.9726301431655884,0.9094617962837219,0.9975481033325195,0.999794602394104,0.9996016621589661,0.9991869330406189,0.9994382262229919,0.274911493062973,0.6806060671806335,0.6447365283966064,0.6839651465415955,0.6732600331306458,0.6829938888549805,0.7431750893592834,0.7850340008735657,0.7119243741035461,0.5569967031478882,0.70113205909729,0.6685211658477783,0.7876788377761841,0.7923136949539185,0.8422178626060486,0.6421084403991699,0.9064323902130127
123,0.5,0.9712221622467041,0.9178076982498169,0.9986391067504883,0.9997051954269409,0.9996154308319092,0.9992669224739075,0.9994453191757202,0.24774475395679474,0.6710317134857178,0.6900750994682312,0.6877243518829346,0.6771143674850464,0.6920656561851501,0.7551065683364868,0.7756632566452026,0.7003101706504822,0.5372307896614075,0.6990334987640381,0.6573678255081177,0.7778570055961609,0.7965251207351685,0.8514339327812195,0.6436188220977783,0.8973295092582703,0.9668561220169067,0.9209290146827698,0.9987494349479675,0.9997992515563965,0.9996150732040405,0.9992225170135498,0.9994034171104431,0.23098741471767426,0.6687735915184021,0.6983237862586975,0.6901877522468567,0.6705264449119568,0.6918478012084961,0.7676388025283813,0.7830629944801331,0.7023082375526428,0.5138944387435913,0.68421471118927,0.6603419184684753,0.7888798117637634,0.8002592325210571,0.8692265152931213,0.6266396045684814,0.8987560272216797
126,0.5,0.9638773798942566,0.9124706983566284,0.9987201690673828,0.9997931122779846,0.9996017813682556,0.9992414712905884,0.9992560744285583,0.24715781211853027,0.6729846000671387,0.6948977708816528,0.689268946647644,0.6753093600273132,0.6908020973205566,0.7634742259979248,0.7837759256362915,0.7014561891555786,0.5347384214401245,0.6767568588256836,0.6659203171730042,0.7816255688667297,0.8023918271064758,0.857509434223175,0.6366081833839417,0.9076166749000549,0.9577978849411011,0.9035593867301941,0.9977702498435974,0.9997965097427368,0.9994620084762573,0.9988455176353455,0.9989880323410034,0.22064483165740967,0.6625615954399109,0.699855625629425,0.6902582049369812,0.6809919476509094,0.6891688108444214,0.7777250409126282,0.7949799299240112,0.703546941280365,0.49533191323280334,0.6895626187324524,0.6554734110832214,0.7551907300949097,0.8013588190078735,0.8532658219337463,0.6293679475784302,0.9018792510032654
129,0.5,0.9468293190002441,0.9143189787864685,0.9983600974082947,0.9995893836021423,0.9995098114013672,0.9992040395736694,0.9988542795181274,0.2453121840953827,0.6730772256851196,0.7005541324615479,0.6924186944961548,0.673701822757721,0.6869202256202698,0.7698239684104919,0.7900184988975525,0.7008569240570068,0.5311898589134216,0.6929135918617249,0.6704144477844238,0.7904354333877563,0.788106381893158,0.8512181043624878,0.6281698942184448,0.9024673104286194,0.9524456858634949,0.9215292930603027,0.997979998588562,0.9997966885566711,0.9996421933174133,0.9991567134857178,0.9987938404083252,0.25730669498443604,0.680863082408905,0.6890720129013062,0.693739652633667,0.6744683384895325,0.6893462538719177,0.7777547836303711,0.7753602862358093,0.6816703081130981,0.5696979761123657,0.7040219306945801,0.6911933422088623,0.8129506707191467,0.7961920499801636,0.8676539063453674,0.6417112350463867,0.9127110242843628
132,0.5,0.9252729415893555,0.9204641580581665,0.9984878301620483,0.9996809363365173,0.9994818568229675,0.9992108345031738,0.9982507824897766,0.24443623423576355,0.6769840717315674,0.7115986347198486,0.6965097784996033,0.6700769066810608,0.6950356364250183,0.7806466817855835,0.7992788553237915,0.691087543964386,0.5517334938049316,0.6900140643119812,0.6796916723251343,0.8014706373214722,0.7954487204551697,0.85640549659729,0.6200106739997864,0.9044189453125,0.9101428985595703,0.9137071967124939,0.998885989189148,0.9997987151145935,0.9994314908981323,0.9993743896484375,0.9984946846961975,0.23321765661239624,0.6627219915390015,0.7130206823348999,0.6910085678100586,0.6554017066955566,0.6829361319541931,0.78427654504776,0.7874538898468018,0.6707810163497925,0.5267409682273865,0.6386402249336243,0.6891557574272156,0.8277722597122192,0.7752293944358826,0.8440062403678894,0.5976258516311646,0.8702580332756042
135,0.5,0.9182233810424805,0.9193893074989319,0.9984086751937866,0.999475359916687,0.999269962310791,0.998846173286438,0.9975249767303467,0.2469060719013214,0.6810681223869324,0.7095645666122437,0.7051290273666382,0.6686806082725525,0.6984282732009888,0.787156879901886,0.8071159720420837,0.6910964250564575,0.5569337010383606,0.7020165920257568,0.6890538334846497,0.7992298603057861,0.7909983396530151,0.859987199306488,0.6147745251655579,0.9016565084457397,0.9065981507301331,0.9016852378845215,0.9983289241790771,0.9997972249984741,0.999289333820343,0.9989428520202637,0.9976280927658081,0.24071776866912842,0.68000727891922,0.710054337978363,0.7040594816207886,0.6717886924743652,0.6927682161331177,0.8024728894233704,0.7857054471969604,0.6984129548072815,0.52000492811203,0.6981422305107117,0.6994673609733582,0.8090907335281372,0.8031358122825623,0.8700703382492065,0.6295410394668579,0.9047464728355408
138,0.5,0.8874434232711792,0.926859974861145,0.9988672137260437,0.9996525645256042,0.9994187951087952,0.9990909695625305,0.9967972040176392,0.24484950304031372,0.6774701476097107,0.710448682308197,0.7023559212684631,0.6728269457817078,0.6976222991943359,0.7847899198532104,0.7956463694572449,0.6806021928787231,0.5711016058921814,0.6890340447425842,0.6973376274108887,0.8199472427368164,0.7950693964958191,0.8570448160171509,0.6167879104614258,0.9037845730781555,0.9107030034065247,0.9293631315231323,0.998721718788147,0.9997973442077637,0.9990085959434509,0.9988939762115479,0.9969024062156677,0.2257550060749054,0.67948317527771,0.7337075471878052,0.7105515003204346,0.6843965649604797,0.710478663444519,0.7948238849639893,0.8271024227142334,0.7089483141899109,0.5442177057266235,0.710971474647522,0.6865424513816833,0.7887858748435974,0.8037248849868774,0.8636412620544434,0.6110414266586304,0.9061071872711182
141,0.5,0.8792480826377869,0.9170712828636169,0.997968852519989,0.9996033906936646,0.9991364479064941,0.9986847639083862,0.9966803193092346,0.24259504675865173,0.6762168407440186,0.7238293290138245,0.7036463022232056,0.6646387577056885,0.6992946267127991,0.7996057271957397,0.7931253910064697,0.6877546906471252,0.5598076581954956,0.6819421052932739,0.698642373085022,0.8199647068977356,0.7888239026069641,0.8599727749824524,0.6200897097587585,0.9103220105171204,0.8514013886451721,0.9069169759750366,0.9979771971702576,0.9997968077659607,0.9993416666984558,0.9985918998718262,0.9957792162895203,0.25325942039489746,0.6656240224838257,0.6950308680534363,0.6900503039360046,0.6733207106590271,0.6855464577674866,0.7921121120452881,0.7631198167800903,0.6699703335762024,0.6756258606910706,0.7092083692550659,0.7556593418121338,0.8436872363090515,0.8091556429862976,0.8500719666481018,0.641492486000061,0.8926175832748413
144,0.5,0.8737594485282898,0.9189106225967407,0.9980075359344482,0.9992806911468506,0.9992190003395081,0.9987296462059021,0.9962368011474609,0.24500857293605804,0.6759831309318542,0.7284175157546997,0.7026165127754211,0.6652873754501343,0.6995816826820374,0.8095272183418274,0.7830196619033813,0.7106037139892578,0.5659748315811157,0.6830694675445557,0.7033711671829224,0.8244711756706238,0.786182701587677,0.8597814440727234,0.6270807385444641,0.9091864824295044,0.8901407718658447,0.9266895055770874,0.9978995323181152,0.9985135793685913,0.9991206526756287,0.9987788796424866,0.9964945316314697,0.24622255563735962,0.6868261694908142,0.7326474189758301,0.7091995477676392,0.6598571538925171,0.7041350603103638,0.8155519962310791,0.7978636026382446,0.7178612351417542,0.5330793261528015,0.6973457932472229,0.6844576001167297,0.8390558362007141,0.7864856719970703,0.8685356974601746,0.6121180057525635,0.9081547260284424
147,0.5,0.8768395781517029,0.927276611328125,0.9982943534851074,0.999108076095581,0.9990839958190918,0.9986189007759094,0.9960975050926208,0.24417394399642944,0.6844114661216736,0.738211452960968,0.714009165763855,0.666448712348938,0.7062605619430542,0.8127433061599731,0.8008098602294922,0.7156794667243958,0.5662808418273926,0.6765003800392151,0.7003070712089539,0.8284804821014404,0.7823711633682251,0.8639295101165771,0.6171019077301025,0.9135554432868958,0.902956485748291,0.9222386479377747,0.9980424642562866,0.9989382028579712,0.9991976022720337,0.9987875819206238,0.9965836405754089,0.2708084285259247,0.696576714515686,0.7300016283988953,0.7110978960990906,0.6740038394927979,0.7123733162879944,0.8100411295890808,0.8051633238792419,0.7144798636436462,0.5925363302230835,0.7218197584152222,0.7106342315673828,0.8157978057861328,0.7792742252349854,0.8705864548683167,0.6331909894943237,0.9317034482955933
150,0.5,0.8570354580879211,0.9241284132003784,0.9985759854316711,0.9997274875640869,0.9990716576576233,0.998999834060669,0.9966689348220825,0.24624884128570557,0.6848748922348022,0.7565807104110718,0.7078685164451599,0.6618526577949524,0.7070537209510803,0.8195911049842834,0.7884431481361389,0.7361005544662476,0.5747333765029907,0.6688430905342102,0.712193489074707,0.8347658514976501,0.7907143235206604,0.8664634227752686,0.6243666410446167,0.9212924838066101,0.9102161526679993,0.9081428647041321,0.9978317022323608,0.9988700151443481,0.9991984963417053,0.9988424777984619,0.9977319836616516,0.2475602924823761,0.6799414753913879,0.7664687037467957,0.7111024260520935,0.6642769575119019,0.7131224274635315,0.8283233046531677,0.7960679531097412,0.713438093662262,0.5451439619064331,0.6905518174171448,0.7094400525093079,0.8110597729682922,0.7980729341506958,0.861211895942688,0.6293504238128662,0.933320164680481
153,0.5,0.8562854528427124,0.9055749177932739,0.9977525472640991,0.9995313882827759,0.9990733861923218,0.9987838268280029,0.9960059523582458,0.24685271084308624,0.6745791435241699,0.7531445026397705,0.7067112922668457,0.6572076082229614,0.6995111703872681,0.8165269494056702,0.797614574432373,0.7352145314216614,0.5769616961479187,0.6744571924209595,0.7228861451148987,0.8394231200218201,0.7976229786872864,0.8601493239402771,0.6138032674789429,0.9061561226844788,0.8668454885482788,0.9278237819671631,0.9983058571815491,0.9993976354598999,0.9988516569137573,0.998688280582428,0.9963792562484741,0.23130033910274506,0.6764352917671204,0.7612387537956238,0.7130486965179443,0.6655004620552063,0.7116239666938782,0.8214576244354248,0.8169944286346436,0.7420087456703186,0.5658105611801147,0.6743857860565186,0.7026139497756958,0.8310112357139587,0.7987287640571594,0.8740352392196655,0.6032553911209106,0.9191457033157349
156,0.5,0.869071900844574,0.9133626222610474,0.9983136653900146,0.9993131756782532,0.9993354678153992,0.9990190863609314,0.9968023300170898,0.24642924964427948,0.6777731776237488,0.76702880859375,0.7147236466407776,0.6615456342697144,0.70638507604599,0.8334379196166992,0.7990674376487732,0.7337465882301331,0.5791187882423401,0.6649848818778992,0.7412586808204651,0.8475395441055298,0.8038272857666016,0.8691965937614441,0.6134501099586487,0.918029248714447,0.8548970818519592,0.9244832992553711,0.9979241490364075,0.9991185069084167,0.99928879737854,0.9988724589347839,0.9965758323669434,0.2346717119216919,0.6711438894271851,0.7708520293235779,0.7171356081962585,0.6546681523323059,0.7172105312347412,0.8451010584831238,0.8004088401794434,0.7493825554847717,0.5431873798370361,0.6432658433914185,0.7134444713592529,0.8533875346183777,0.8217905759811401,0.8806961178779602,0.6008157134056091,0.9205824732780457
159,0.5,0.8478027582168579,0.9023622870445251,0.9975875616073608,0.9993757009506226,0.9991939067840576,0.9987934231758118,0.9956936240196228,0.24544091522693634,0.6796165108680725,0.7661608457565308,0.7149211168289185,0.6591150164604187,0.7044844031333923,0.8347704410552979,0.8001106977462769,0.7432741522789001,0.5798084735870361,0.6573430299758911,0.7753546237945557,0.8464456796646118,0.8067111968994141,0.8667140007019043,0.6147751212120056,0.9199544787406921,0.9089658260345459,0.907349169254303,0.9968734383583069,0.9985017776489258,0.9989378452301025,0.9988846778869629,0.997553825378418,0.23419512808322906,0.6881347894668579,0.7928093075752258,0.7313776612281799,0.668027937412262,0.7358331680297852,0.8289892673492432,0.8431804180145264,0.727268397808075,0.5026483535766602,0.6940538883209229,0.7462629079818726,0.7853909730911255,0.7846270799636841,0.8626156449317932,0.6099075078964233,0.9276185631752014
162,0.5,0.8429760932922363,0.8956191539764404,0.9979477524757385,0.9994682669639587,0.9989813566207886,0.9990008473396301,0.9963731169700623,0.2511981427669525,0.6868535280227661,0.772874653339386,0.7126772403717041,0.6617883443832397,0.7085580229759216,0.841139018535614,0.7912607192993164,0.7601976990699768,0.5759872198104858,0.6638211011886597,0.7883346080780029,0.8494285345077515,0.798050582408905,0.8655091524124146,0.6223316192626953,0.9104043245315552,0.8250603079795837,0.8966529965400696,0.997890830039978,0.9989477396011353,0.999313235282898,0.999211847782135,0.9956657290458679,0.2634824514389038,0.6700835824012756,0.7327782511711121,0.6880355477333069,0.6520132422447205,0.675493597984314,0.853938639163971,0.7321686148643494,0.7688478231430054,0.6020568013191223,0.6258977651596069,0.8080688714981079,0.8718178272247314,0.7954542636871338,0.8490540385246277,0.6416783332824707,0.8982166647911072
165,0.5,0.8400240540504456,0.9036785960197449,0.9970468878746033,0.9978516101837158,0.9991876482963562,0.999174177646637,0.9966292977333069,0.252249538898468,0.6894258260726929,0.7816987037658691,0.7207895517349243,0.6577684879302979,0.7211270332336426,0.8411333560943604,0.8091012239456177,0.7609664797782898,0.5751975774765015,0.6460229158401489,0.7863872647285461,0.8466217517852783,0.8068864345550537,0.8643792867660522,0.6136566400527954,0.9164817929267883,0.8334469199180603,0.8952927589416504,0.996637225151062,0.9980373382568359,0.9990577101707458,0.9991698265075684,0.9976643323898315,0.2479386180639267,0.6985916495323181,0.7926311492919922,0.7188495993614197,0.6544747948646545,0.7292770147323608,0.843370795249939,0.8059604167938232,0.7606890797615051,0.5271918773651123,0.6378014087677002,0.7942512035369873,0.8475164175033569,0.8113662600517273,0.8798717856407166,0.6186686158180237,0.9180241227149963
168,0.5,0.8398725986480713,0.910047709941864,0.9960750937461853,0.9990143775939941,0.9991924166679382,0.9995339512825012,0.996428906917572,0.25638607144355774,0.700605571269989,0.7858396768569946,0.7371771335601807,0.6547682881355286,0.7229992151260376,0.8451229929924011,0.8420071005821228,0.7717714309692383,0.6021789908409119,0.6714693307876587,0.8017529845237732,0.8547940254211426,0.8080674409866333,0.8602098226547241,0.6381365060806274,0.927212119102478,0.8339147567749023,0.9240848422050476,0.9964685440063477,0.9983609914779663,0.9990144968032837,0.9995869994163513,0.9984539151191711,0.2322937548160553,0.6985466480255127,0.8169739246368408,0.7513642311096191,0.6396495699882507,0.7593430876731873,0.8461589813232422,0.8630988001823425,0.7580671310424805,0.4789654612541199,0.583946168422699,0.7473361492156982,0.8386251926422119,0.7796103358268738,0.8698156476020813,0.5785779356956482,0.9107946753501892
171,0.5,0.8589130640029907,0.91507887840271,0.9971626996994019,0.998932957649231,0.9997007250785828,0.9997177124023438,0.997969925403595,0.25706249475479126,0.7022512555122375,0.8031492829322815,0.7544116973876953,0.6572413444519043,0.736271858215332,0.8539019227027893,0.8693060278892517,0.773659348487854,0.5836690068244934,0.6763399839401245,0.8047948479652405,0.8646803498268127,0.8043672442436218,0.8576870560646057,0.7647221088409424,0.9254138469696045,0.8312360644340515,0.9103566408157349,0.9975224137306213,0.9986645579338074,0.9997348189353943,0.9997617602348328,0.9970099925994873,0.29383385181427,0.6971831321716309,0.7612787485122681,0.728769063949585,0.6465586423873901,0.6879904866218567,0.845711350440979,0.8433035612106323,0.794285237789154,0.6710401177406311,0.6925843358039856,0.83111172914505,0.8717392086982727,0.7893593907356262,0.8378782868385315,0.7841857075691223,0.9301996231079102
174,0.5,0.8484095335006714,0.9217498898506165,0.9974202513694763,0.9984120726585388,0.9996740221977234,0.9997658729553223,0.997795045375824,0.2648659944534302,0.7057908177375793,0.8092222809791565,0.7715396881103516,0.6472110152244568,0.7537969350814819,0.8481085300445557,0.8974286913871765,0.7834551930427551,0.5940165519714355,0.629634439945221,0.7975290417671204,0.873702883720398,0.809703528881073,0.8643518686294556,0.7881851196289062,0.9264936447143555,0.8528504967689514,0.9045141339302063,0.9961167573928833,0.9938535690307617,0.9997085928916931,0.9997791051864624,0.9980800151824951,0.2915705144405365,0.7011500597000122,0.7896177768707275,0.7549381256103516,0.6444541811943054,0.7373527884483337,0.8609541654586792,0.870918333530426,0.7886108160018921,0.6015993356704712,0.6514725089073181,0.8185688853263855,0.8659766316413879,0.7992048859596252,0.8671994805335999,0.8041432499885559,0.9384884834289551
177,0.5,0.8705378770828247,0.9188792109489441,0.9977434277534485,0.9993380308151245,0.9997527599334717,0.9998039603233337,0.9985724687576294,0.26935049891471863,0.7074047923088074,0.8192402124404907,0.78689044713974,0.6548768877983093,0.762239933013916,0.8667354583740234,0.9116329550743103,0.7916495203971863,0.604605495929718,0.6523445248603821,0.7994232773780823,0.8871114253997803,0.818456768989563,0.8671582937240601,0.8109152317047119,0.9227187037467957,0.848193883895874,0.9245979189872742,0.9984744191169739,0.9997960925102234,0.9997788667678833,0.9998098611831665,0.9980172514915466,0.2592938542366028,0.699667751789093,0.7999752163887024,0.7839162945747375,0.649387776851654,0.7475321888923645,0.8742741346359253,0.909870982170105,0.7892522811889648,0.6184144616127014,0.6163703203201294,0.8225587010383606,0.9094080328941345,0.8208823204040527,0.8479889631271362,0.8244258165359497,0.9145681262016296
180,0.5,0.8616228103637695,0.9155485033988953,0.996940553188324,0.997035026550293,0.999765157699585,0.9998078942298889,0.9985679984092712,0.27150192856788635,0.7083412408828735,0.8242376446723938,0.7952558994293213,0.649698793888092,0.7694332599639893,0.8708844780921936,0.9237841963768005,0.7937142252922058,0.6069806814193726,0.6574335098266602,0.8187848925590515,0.8904040455818176,0.8057534098625183,0.8729395866394043,0.833354115486145,0.9393354654312134,0.8703089356422424,0.9337650537490845,0.9977614283561707,0.9972923994064331,0.9997925162315369,0.9998182654380798,0.9986982941627502,0.27099260687828064,0.706712543964386,0.8188756108283997,0.8010228872299194,0.6421031951904297,0.7658156156539917,0.8817549347877502,0.9241264462471008,0.805878221988678,0.5997709035873413,0.6411622762680054,0.8167771697044373,0.902553141117096,0.7799340486526489,0.8716796636581421,0.8473259210586548,0.9278564453125
183,0.5,0.8726354837417603,0.93346107006073,0.997523844242096,0.9977248311042786,0.9997407793998718,0.9998396039009094,0.9990893602371216,0.2760595977306366,0.7127463817596436,0.8400817513465881,0.810843825340271,0.6483074426651001,0.7798329591751099,0.8718301057815552,0.9359164237976074,0.8065208792686462,0.5931220650672913,0.6512306332588196,0.8021668791770935,0.8938947319984436,0.8161954879760742,0.8757253289222717,0.8528050184249878,0.9345481395721436,0.8545166254043579,0.9284747242927551,0.9976814389228821,0.9944694638252258,0.9996941089630127,0.9998425841331482,0.9994792938232422,0.29749274253845215,0.7005816102027893,0.8415778279304504,0.8114417791366577,0.6219213604927063,0.7835702300071716,0.8730474710464478,0.9303361177444458,0.8051793575286865,0.5407971739768982,0.59531569480896,0.7896861433982849,0.8860724568367004,0.7533483505249023,0.8670763969421387,0.8648622632026672,0.9276716709136963
186,0.5,0.8540391325950623,0.9393705725669861,0.9971120357513428,0.9978705048561096,0.9997671842575073,0.999838650226593,0.9992755651473999,0.2775493264198303,0.7152441740036011,0.8358405232429504,0.8149067759513855,0.6480693817138672,0.7811031937599182,0.8782113790512085,0.9283085465431213,0.8077531456947327,0.5954028964042664,0.6359804272651672,0.8169663548469543,0.8950432538986206,0.8101605176925659,0.8862786293029785,0.869678795337677,0.9503427147865295,0.848000705242157,0.9558941721916199,0.9978854656219482,0.9997921586036682,0.9997109174728394,0.9998353719711304,0.9996320009231567,0.2609814703464508,0.7232016324996948,0.8492656350135803,0.8336617946624756,0.6317043304443359,0.816117525100708,0.8742874264717102,0.9533088803291321,0.7925013899803162,0.544033408164978,0.5972719788551331,0.7771435379981995,0.8924042582511902,0.8202314972877502,0.8894306421279907,0.8560763597488403,0.9349167346954346
189,0.5,0.881187915802002,0.9413706064224243,0.9956894516944885,0.9969212412834167,0.9997845888137817,0.9998438954353333,0.9995389580726624,0.28389108180999756,0.7125901579856873,0.8279863595962524,0.8220163583755493,0.647862434387207,0.789487898349762,0.8881916403770447,0.94016432762146,0.8110682368278503,0.5967717170715332,0.6533224582672119,0.8026869297027588,0.8989814519882202,0.8232260346412659,0.878441333770752,0.8666651248931885,0.9439474940299988,0.871286928653717,0.9430347681045532,0.9957997798919678,0.9992936849594116,0.9997972249984741,0.9998447299003601,0.9995757937431335,0.27848756313323975,0.7165776491165161,0.8349243998527527,0.8292227983474731,0.6402645707130432,0.7956615090370178,0.8923392295837402,0.950640082359314,0.8128018379211426,0.6027296185493469,0.668880820274353,0.8140037059783936,0.9047770500183105,0.843853235244751,0.8833421468734741,0.875065803527832,0.9492983818054199
192,0.5,0.8720256686210632,0.9432271122932434,0.9962280988693237,0.998437762260437,0.999789834022522,0.9998486042022705,0.99956876039505,0.28561487793922424,0.7163495421409607,0.8534493446350098,0.8370671272277832,0.6435871124267578,0.7995874285697937,0.8870459198951721,0.9468985199928284,0.8105461001396179,0.5990177392959595,0.6411511898040771,0.8104441165924072,0.9036940932273865,0.8274112343788147,0.8895393013954163,0.8828235268592834,0.9419298768043518,0.8732354044914246,0.9592115879058838,0.9981640577316284,0.9997920989990234,0.99979168176651,0.9998512864112854,0.9995783567428589,0.2691117525100708,0.7298054099082947,0.8676900863647461,0.8556279540061951,0.6463735699653625,0.8193866610527039,0.8853011131286621,0.966449499130249,0.8131985664367676,0.5924863815307617,0.6326238512992859,0.8134245276451111,0.9042339324951172,0.8372377157211304,0.8937188386917114,0.8844115734100342,0.9390177130699158
195,0.5,0.8757598400115967,0.9392921924591064,0.9947096705436707,0.9980437755584717,0.9998199939727783,0.9998535513877869,0.9996604323387146,0.2915908992290497,0.7190951704978943,0.860484778881073,0.8473540544509888,0.6454838514328003,0.8040127158164978,0.8908150792121887,0.9561231732368469,0.8214014172554016,0.6006774306297302,0.6343238353729248,0.8149704933166504,0.9069340825080872,0.8277995586395264,0.885942816734314,0.8872435688972473,0.934393048286438,0.8342083096504211,0.9574609398841858,0.9942169785499573,0.9992746710777283,0.9996700286865234,0.9998419284820557,0.9997478127479553,0.29257431626319885,0.7215134501457214,0.8674951791763306,0.8531535863876343,0.6211400628089905,0.8187348246574402,0.8839758038520813,0.9587612748146057,0.8128822445869446,0.5676141977310181,0.5566972494125366,0.7968102097511292,0.9007458090782166,0.7746134996414185,0.8667683005332947,0.8976800441741943,0.9308352470397949
