Epoch,Alpha,train_sat_kb,val_sat_kb,train_loss,val_loss,combined_val_loss,combined_train_loss,alpha,cafe_train_accuracy,hotel_train_accuracy,restaurant_train_accuracy,store_train_accuracy,misccommercial_train_accuracy,suburban_train_accuracy,miscresidential_train_accuracy,countryhouse_train_accuracy,residential_train_accuracy,commercial_train_accuracy,awning_train_accuracy,billboard_train_accuracy,porch_train_accuracy,sign_train_accuracy,table_train_accuracy,tiledroof_train_accuracy,vendingmachine_train_accuracy,wallsign_train_accuracy,statue_train_accuracy,chimney_train_accuracy,pipe_train_accuracy,truck_train_accuracy,car_train_accuracy,cafe_val_accuracy,hotel_val_accuracy,restaurant_val_accuracy,store_val_accuracy,misccommercial_val_accuracy,suburban_val_accuracy,miscresidential_val_accuracy,countryhouse_val_accuracy,residential_val_accuracy,commercial_val_accuracy,awning_val_accuracy,billboard_val_accuracy,porch_val_accuracy,sign_val_accuracy,table_val_accuracy,tiledroof_val_accuracy,vendingmachine_val_accuracy,wallsign_val_accuracy,statue_val_accuracy,chimney_val_accuracy,pipe_val_accuracy,truck_val_accuracy,car_val_accuracy
0,0.7,0.4869557514190674,0.5793096551895142,0.47689941903948785,0.32150589060783386,0.32150589060783386,0.4877428683042526,0.7,0.769375,0.7944375,0.8776875,0.8015,0.7976875,0.7800625,0.765125,0.8644375,0.659375,0.350625,0.4530625,0.80025,0.7725625,0.7115,0.3460625,0.6758125,0.64,0.7306875,0.6935625,0.6456875,0.6941875,0.5725,0.7641875,0.84925,0.8265,0.859,0.849,0.842,0.82375,0.974,0.89575,0.66675,0.5415,0.4095,0.78925,0.77675,0.7045,0.4695,0.93925,0.54175,0.524,0.7845,0.42775,0.69375,0.679,0.75625
1,0.7,0.619890822172165,0.6662515206336975,0.1995849501490593,0.1880173202753067,0.1880173202753067,0.25374222034215926,0.7,0.877375,0.846125,0.9193125,0.887625,0.8704375,0.916375,0.979625,0.9568125,0.6666875,0.7868125,0.3575,0.802375,0.8535625,0.7145,0.492625,0.8860625,0.779,0.4984375,0.7879375,0.393625,0.695,0.6694375,0.809,0.897,0.86825,0.95575,0.947,0.89925,0.98875,0.9905,0.99375,0.66675,0.96225,0.326,0.79325,0.87825,0.7045,0.515,0.8895,0.81375,0.53325,0.81625,0.37775,0.69375,0.6795,0.88075
2,0.7,0.6895870306491851,0.7412407059669495,0.13406874288618564,0.1446352618932724,0.1446352618932724,0.18697201369702815,0.7,0.8930625,0.8665,0.9494375,0.938625,0.897,0.9764375,0.9883125,0.9855,0.66875,0.9446875,0.34525,0.8161875,0.9105,0.714625,0.6158125,0.8996875,0.8163125,0.5863125,0.82575,0.3941875,0.695125,0.6756875,0.8800625,0.90275,0.8725,0.97825,0.9565,0.9245,0.99925,0.996,0.99575,0.66675,0.973,0.35225,0.86025,0.93775,0.70475,0.84125,0.9225,0.81375,0.65975,0.826,0.38525,0.69375,0.6795,0.89225
3,0.7,0.7501971648931504,0.7853137536048889,0.11274067774042487,0.12284802395105363,0.12284802395105363,0.15385932651162149,0.7,0.8998125,0.8724375,0.9608125,0.9601875,0.910625,0.9873125,0.99175,0.9898125,0.668125,0.9486875,0.3563125,0.893625,0.92675,0.7150625,0.8325,0.9060625,0.8163125,0.7853125,0.8274375,0.3906875,0.695125,0.6755625,0.8844375,0.9015,0.884,0.97625,0.987,0.92875,0.999,0.9955,0.99675,0.66675,0.97375,0.35575,0.96275,0.94225,0.72325,0.847,0.9185,0.81375,0.797,0.83775,0.3995,0.69375,0.67825,0.89325
4,0.7,0.7741877235174179,0.8072521095275879,0.10031750447303056,0.10619835704565048,0.10619835704565048,0.13796593771874904,0.7,0.900125,0.88775,0.9679375,0.9718125,0.9178125,0.991375,0.99125,0.9934375,0.6733125,0.9574375,0.370125,0.9449375,0.9495,0.71675,0.83575,0.9094375,0.8163125,0.7956875,0.831625,0.4309375,0.695125,0.6755625,0.889875,0.90825,0.8955,0.994,0.99275,0.934,0.99975,0.99675,0.99875,0.66675,0.9695,0.363,0.97625,0.96475,0.70525,0.83825,0.92225,0.81375,0.797,0.83825,0.43825,0.69375,0.6795,0.887
5,0.7,0.7893928415775299,0.8144074029922486,0.09163208236917854,0.1023096951842308,0.1023096951842308,0.12732460691034794,0.7,0.90225,0.8968125,0.973375,0.9775,0.9255625,0.993125,0.9936875,0.9943125,0.68725,0.957,0.381625,0.9618125,0.9730625,0.719625,0.8436875,0.9181875,0.8163125,0.796,0.828,0.453875,0.695125,0.67525,0.8899375,0.916,0.891,0.99375,0.9935,0.9395,0.99975,0.99725,0.99975,0.7295,0.98225,0.36625,0.99,0.9985,0.70925,0.8565,0.93375,0.81375,0.797,0.82325,0.45625,0.69375,0.67975,0.89375
6,0.7,0.8017961151599884,0.8227559924125671,0.08403410768136382,0.09458600282669068,0.09458600282669068,0.11828504231572151,0.7,0.9089375,0.9115,0.978,0.9810625,0.92575,0.9945,0.993125,0.995875,0.7594375,0.9629375,0.3881875,0.966,0.9801875,0.72625,0.848125,0.9181875,0.8163125,0.7995,0.8273125,0.514875,0.695125,0.68275,0.8959375,0.92275,0.93775,0.9955,0.99425,0.9415,0.9995,0.9985,1.0,0.7295,0.97625,0.367,0.98925,1.0,0.74075,0.861,0.9295,0.81375,0.805,0.8225,0.5425,0.69375,0.69225,0.8935
7,0.7,0.8131296013593674,0.8420487751960755,0.07927537537738681,0.08699281990528107,0.08699281990528107,0.11155388391762971,0.7,0.9085625,0.9188125,0.9805,0.9825625,0.9323125,0.9943125,0.9944375,0.9958125,0.8021875,0.9658125,0.3991875,0.972,0.984625,0.73925,0.856875,0.92275,0.8163125,0.819,0.821625,0.5681875,0.695125,0.6885,0.8954375,0.91825,0.937,0.99875,0.995,0.93675,1.0,0.9965,0.99975,0.8465,0.98075,0.447,0.99325,1.0,0.778,0.86975,0.94325,0.81375,0.8585,0.81225,0.59525,0.69375,0.6955,0.8945
8,0.7,0.8284110527038574,0.8673865265846252,0.07532811834663153,0.07874340063333511,0.07874340063333511,0.10420636832714081,0.7,0.9136875,0.921,0.9814375,0.98525,0.932,0.9964375,0.9956875,0.9963125,0.86175,0.97,0.458,0.9785625,0.98925,0.7789375,0.863125,0.9303125,0.8163125,0.881125,0.815625,0.6434375,0.695125,0.693625,0.896875,0.91025,0.93025,0.9995,0.9955,0.94175,0.99975,0.99775,1.0,0.96075,0.98825,0.46025,0.995,0.999,0.81775,0.8885,0.93975,0.81375,0.91575,0.80725,0.719,0.69375,0.6945,0.89425
9,0.7,0.8396611700057983,0.8621201758384704,0.07320664429292083,0.0790077902674675,0.0790077902674675,0.0993463012650609,0.7,0.916375,0.9243125,0.9818125,0.9865,0.9355625,0.995875,0.99425,0.9964375,0.9545625,0.9708125,0.460625,0.9788125,0.9909375,0.8023125,0.8643125,0.931875,0.8163125,0.91525,0.815,0.7225625,0.695125,0.690875,0.8964375,0.9045,0.952,0.99825,0.998,0.9475,1.0,0.998,0.9995,0.9835,0.973,0.4515,0.9915,0.99975,0.8125,0.8755,0.94275,0.81375,0.9375,0.82225,0.71975,0.69375,0.69725,0.8945
10,0.7,0.8478070214986801,0.8742406167984009,0.06793227868154644,0.071061901897192,0.071061901897192,0.09321048998832702,0.7,0.920125,0.93325,0.9843125,0.9864375,0.938,0.9975,0.9961875,0.9965,0.9723125,0.975375,0.4623125,0.9779375,0.9955625,0.8176875,0.8696875,0.932875,0.8163125,0.9295625,0.813625,0.723375,0.695125,0.6929375,0.8968125,0.91225,0.95775,0.99925,0.9975,0.948,1.0,0.9975,1.0,0.9965,0.98075,0.456,0.995,1.0,0.82175,0.88775,0.943,0.81375,0.9525,0.816,0.71975,0.69375,0.69625,0.8945
11,0.7,0.8514926747083664,0.8794553260803223,0.06553101752139628,0.0696435271203518,0.0696435271203518,0.09042391073703766,0.7,0.923,0.9361875,0.98575,0.989,0.93725,0.9970625,0.996375,0.995875,0.97975,0.9770625,0.468625,0.9850625,0.9941875,0.8203125,0.8734375,0.9344375,0.8164375,0.930625,0.814625,0.7234375,0.695,0.6935,0.896625,0.91925,0.9375,0.9995,0.99725,0.948,1.0,0.9985,1.0,0.99575,0.98675,0.4615,0.996,1.0,0.8225,0.86775,0.942,0.81375,0.95475,0.812,0.71925,0.69375,0.69625,0.8945
12,0.7,0.8565053676366806,0.8827940192222595,0.06233996413275599,0.06865991839766503,0.06865991839766503,0.08668636570870876,0.7,0.9228125,0.939375,0.9865,0.9891875,0.941875,0.99775,0.996375,0.9971875,0.986125,0.9813125,0.4690625,0.9849375,0.994,0.816875,0.8745625,0.934625,0.8165625,0.936875,0.8155,0.7235625,0.6950625,0.692625,0.899875,0.93375,0.9585,0.99975,0.997,0.93925,1.0,0.998,1.0,0.99475,0.98675,0.4625,0.9975,1.0,0.826,0.89625,0.94325,0.8155,0.95775,0.8135,0.71975,0.69375,0.6965,0.8945
13,0.7,0.8604826102256775,0.8749977169036866,0.060499051988124844,0.06857179710268975,0.06857179710268975,0.08420455458015204,0.7,0.927625,0.941625,0.987875,0.990625,0.9423125,0.9980625,0.9969375,0.9973125,0.9873125,0.9828125,0.4689375,0.986375,0.9929375,0.82375,0.8723125,0.936375,0.8168125,0.94225,0.8185625,0.7235,0.694875,0.6936875,0.8994375,0.92875,0.9555,0.99975,0.99625,0.952,1.0,0.997,0.99975,0.9985,0.9875,0.45375,0.9925,1.0,0.827,0.88225,0.94425,0.81375,0.95375,0.83025,0.71975,0.69375,0.696,0.894
14,0.7,0.8623389523029328,0.8691254110336304,0.05902111701667309,0.06945163398981094,0.06945163398981094,0.08261309716850519,0.7,0.92475,0.9460625,0.987875,0.9915,0.943125,0.9975625,0.997,0.9974375,0.9893125,0.981375,0.471375,0.9831875,0.99625,0.8225,0.8713125,0.936,0.816375,0.94725,0.8205,0.7235625,0.695125,0.69425,0.898125,0.9405,0.9675,1.0,0.99075,0.95,1.0,0.99875,1.0,0.9975,0.98975,0.476,0.99725,1.0,0.82625,0.882,0.94325,0.81375,0.96425,0.81225,0.71975,0.69375,0.696,0.89425
15,0.7,0.86563028216362,0.8843374152183533,0.05619286708161235,0.06434517875313758,0.06434517875313758,0.07964592330157756,0.7,0.9285625,0.950875,0.98925,0.992125,0.94625,0.9983125,0.9964375,0.997875,0.9906875,0.9855625,0.472875,0.9871875,0.995375,0.825625,0.874875,0.934875,0.8164375,0.948375,0.82175,0.7235625,0.695125,0.6940625,0.8989375,0.9205,0.9685,1.0,0.9995,0.946,1.0,0.99775,1.0,0.9985,0.99175,0.459,0.998,1.0,0.82725,0.875,0.9435,0.81375,0.96725,0.81275,0.71975,0.69375,0.69575,0.8945
16,0.7,0.8673940048217773,0.8853110713958741,0.05430789382196963,0.06391453909873962,0.06391453909873962,0.07779732521995902,0.7,0.9300625,0.9501875,0.9899375,0.992,0.9473125,0.998125,0.9975,0.998125,0.9911875,0.9821875,0.4718125,0.9871875,0.994125,0.824375,0.8720625,0.9379375,0.8163125,0.9499375,0.8250625,0.7235625,0.6950625,0.6964375,0.9001875,0.945,0.95075,1.0,0.999,0.94825,1.0,0.99825,1.0,0.99875,0.99075,0.4595,0.99725,1.0,0.82775,0.888,0.94325,0.81375,0.96225,0.82175,0.71975,0.69375,0.69575,0.8945
17,0.7,0.8710284020900726,0.8884396572113037,0.05328453977033496,0.062008581042289734,0.062008581042289734,0.07599065819755196,0.7,0.9331875,0.9540625,0.9906875,0.9921875,0.9478125,0.9983125,0.9976875,0.9979375,0.9915625,0.98325,0.4768125,0.9893125,0.9951875,0.826125,0.874875,0.937375,0.8163125,0.95475,0.8288125,0.7235625,0.6945,0.696,0.897875,0.9385,0.963,1.0,0.99875,0.955,1.0,0.998,1.0,0.99825,0.98825,0.4695,0.99675,1.0,0.8265,0.88425,0.94425,0.81375,0.9685,0.8345,0.71975,0.6935,0.696,0.8945
18,0.7,0.8699423078298568,0.883550124168396,0.051729228349402544,0.061467851638793945,0.061467851638793945,0.07522776839137077,0.7,0.937125,0.953625,0.990375,0.9919375,0.9485,0.9976875,0.99725,0.99825,0.991,0.9865,0.4753125,0.9883125,0.994875,0.823,0.8698125,0.9378125,0.8164375,0.954625,0.8308125,0.7235625,0.695,0.695375,0.89975,0.94225,0.9685,1.0,0.99825,0.95225,1.0,0.99825,0.99925,0.99825,0.992,0.468,0.99725,1.0,0.82725,0.89025,0.94325,0.81375,0.96575,0.83,0.71975,0.69375,0.69525,0.89425
19,0.7,0.8734025992155076,0.898458737373352,0.05048022466246039,0.05769892658293247,0.05769892658293247,0.07331537844613195,0.7,0.936,0.955875,0.9918125,0.9929375,0.9511875,0.998375,0.997625,0.997625,0.991125,0.9875625,0.4795625,0.9898125,0.9968125,0.8273125,0.8730625,0.936125,0.8165625,0.953875,0.8305625,0.7234375,0.695125,0.695875,0.899875,0.9375,0.96325,1.0,0.999,0.95375,1.0,0.9985,1.0,0.99775,0.99475,0.4805,0.99825,1.0,0.828,0.88375,0.943,0.81375,0.97125,0.829,0.71975,0.69375,0.69575,0.8945
20,0.7,0.8756627848148346,0.8892888174057006,0.05001633993163705,0.057746718764305115,0.057746718764305115,0.07231260340660811,0.7,0.9415625,0.9553125,0.9898125,0.9939375,0.9510625,0.9983125,0.9969375,0.99825,0.9915625,0.9876875,0.47975,0.99125,0.995375,0.8245625,0.8699375,0.9379375,0.8165625,0.9554375,0.8405625,0.7235625,0.695,0.6959375,0.8995625,0.9555,0.97125,1.0,0.99875,0.9545,1.0,0.9985,1.0,0.99875,0.9915,0.474,0.99775,1.0,0.82725,0.87175,0.9435,0.81375,0.97075,0.855,0.71975,0.6935,0.696,0.8945
21,0.7,0.8795784450769425,0.9000734157562256,0.04615744525007904,0.05483788096904755,0.05483788096904755,0.06843667892366648,0.7,0.94625,0.95975,0.99125,0.9935625,0.953,0.9985,0.99775,0.998,0.994125,0.9880625,0.484,0.992125,0.997625,0.8268125,0.870375,0.93725,0.816375,0.959625,0.844375,0.7235625,0.694875,0.6956875,0.900125,0.9435,0.97325,1.0,0.9995,0.95425,1.0,0.9985,1.0,0.99875,0.9935,0.479,0.99925,1.0,0.82825,0.8905,0.9435,0.8135,0.97225,0.83425,0.71975,0.6935,0.696,0.8945
22,0.7,0.8796242834329605,0.8964600915908814,0.04552903192769736,0.054396094858646396,0.054396094858646396,0.0679830381385982,0.7,0.9466875,0.9614375,0.990625,0.994125,0.9533125,0.9990625,0.9974375,0.999125,0.9924375,0.9898125,0.4871875,0.9918125,0.99775,0.8245625,0.867125,0.937,0.8163125,0.9583125,0.848,0.7235625,0.692875,0.697125,0.90125,0.94575,0.977,1.0,0.999,0.95525,1.0,0.9985,1.0,0.99825,0.9925,0.47525,0.999,1.0,0.82675,0.88125,0.9435,0.81375,0.97025,0.8555,0.71975,0.6915,0.696,0.8945
23,0.7,0.8816101264953613,0.9012348065376282,0.04489655028376728,0.05261439046263695,0.05261439046263695,0.06694454822130501,0.7,0.945,0.962625,0.99025,0.9940625,0.954375,0.999,0.998125,0.9984375,0.9935625,0.988625,0.483625,0.991625,0.997625,0.8251875,0.874,0.93725,0.8163125,0.9620625,0.851375,0.7235625,0.693375,0.697125,0.9009375,0.94675,0.97725,1.0,0.99975,0.955,1.0,0.9985,1.0,0.99875,0.9925,0.48025,0.99925,1.0,0.828,0.89025,0.9435,0.81375,0.977,0.834,0.71975,0.693,0.69575,0.8945
24,0.7,0.8861559760570527,0.9015993995666504,0.04202458624914288,0.051418092235922815,0.051418092235922815,0.06357041833549738,0.7,0.9508125,0.9658125,0.9925625,0.9943125,0.9596875,0.9990625,0.9984375,0.9985,0.994125,0.9900625,0.487875,0.9909375,0.99625,0.8291875,0.8695625,0.9380625,0.816375,0.964375,0.8558125,0.7235625,0.6945625,0.6961875,0.899625,0.95175,0.97975,1.0,0.99875,0.95675,1.0,0.99875,1.0,0.999,0.99175,0.4825,0.9975,1.0,0.82825,0.85525,0.94325,0.81375,0.9775,0.88125,0.71975,0.6935,0.69575,0.8945
25,0.7,0.8856956276893616,0.8909089140892029,0.042377153249457476,0.05414507472515106,0.05414507472515106,0.06395531999319792,0.7,0.94975,0.9639375,0.99125,0.995125,0.95725,0.99925,0.9980625,0.9994375,0.99425,0.990125,0.4845,0.992875,0.99775,0.8275625,0.8629375,0.9378125,0.8163125,0.9648125,0.8655,0.7235,0.6946875,0.6968125,0.900875,0.959,0.97825,1.0,0.99725,0.96325,1.0,0.99875,1.0,0.99875,0.99225,0.4865,0.997,1.0,0.82725,0.869,0.9435,0.81375,0.978,0.8925,0.71975,0.6935,0.696,0.8945
26,0.7,0.8875635812282562,0.8948312306404114,0.042350844955071805,0.05381745937466621,0.05381745937466621,0.06337651799619198,0.7,0.9508125,0.9660625,0.9910625,0.99475,0.959375,0.998875,0.9981875,0.998875,0.9943125,0.9891875,0.4881875,0.9910625,0.9974375,0.825125,0.8755625,0.93725,0.8163125,0.9665625,0.8635625,0.7235625,0.6944375,0.6955625,0.9006875,0.96025,0.9755,1.0,0.99875,0.9605,1.0,0.9985,1.0,0.999,0.9895,0.48275,0.9985,1.0,0.82575,0.8715,0.9435,0.81375,0.9725,0.88325,0.71975,0.6925,0.696,0.8945
27,0.7,0.888223866224289,0.9055706057548523,0.0401007099673152,0.04759111413359642,0.04759111413359642,0.061603338073939085,0.7,0.95375,0.96875,0.9925,0.994625,0.9590625,0.9991875,0.9979375,0.9985625,0.9958125,0.989,0.4890625,0.9929375,0.9965625,0.826625,0.86875,0.9374375,0.816375,0.968125,0.869,0.7235625,0.6945,0.6963125,0.9000625,0.96075,0.98075,1.0,0.99925,0.96425,1.0,0.99875,1.0,0.99875,0.9955,0.48,0.99975,1.0,0.8285,0.87025,0.9435,0.8135,0.98025,0.867,0.71975,0.69325,0.696,0.8945
28,0.7,0.8911261276006699,0.904457052230835,0.039632770378608254,0.04988757009804249,0.04988757009804249,0.060405101848766206,0.7,0.953625,0.9699375,0.9921875,0.99525,0.9583125,0.9995,0.9973125,0.9989375,0.9959375,0.990625,0.487125,0.993,0.99775,0.8290625,0.870625,0.936875,0.8163125,0.9681875,0.8764375,0.7235,0.6948125,0.697625,0.90125,0.96275,0.9785,1.0,0.999,0.9565,1.0,0.99875,1.0,0.999,0.9945,0.4795,0.9995,1.0,0.82825,0.879,0.9435,0.81375,0.978,0.8865,0.7195,0.6935,0.69575,0.8945
29,0.7,0.890860997915268,0.9041868782043457,0.039868461542762815,0.04854201425611973,0.04854201425611973,0.06064962452277541,0.7,0.95525,0.9698125,0.991875,0.9941875,0.96,0.999125,0.9980625,0.999,0.9948125,0.9906875,0.488875,0.9931875,0.9978125,0.827,0.866625,0.93775,0.8163125,0.970125,0.8741875,0.7234375,0.695125,0.6976875,0.9,0.95475,0.97775,1.0,1.0,0.9665,1.0,0.99875,1.0,0.999,0.99325,0.4915,0.99975,0.99975,0.8275,0.85075,0.9435,0.81375,0.9775,0.882,0.71975,0.69375,0.696,0.8945
30,0.7,0.8920654202699662,0.9094259858131408,0.03823724522034172,0.04540437005460262,0.04540437005460262,0.059146446475759146,0.7,0.9593125,0.9703125,0.9918125,0.9944375,0.9643125,0.9989375,0.9975625,0.999,0.9945,0.9904375,0.4918125,0.992,0.9970625,0.826,0.864,0.937375,0.8163125,0.967,0.8713125,0.7231875,0.6941875,0.6961875,0.9006875,0.965,0.98,1.0,0.9995,0.9655,1.0,0.999,1.0,0.999,0.994,0.48225,0.99925,1.0,0.828,0.88675,0.94325,0.81375,0.97975,0.86475,0.717,0.6935,0.69575,0.8945
31,0.7,0.8952377219200134,0.9050967106819153,0.036927715076133606,0.04710251264274121,0.04710251264274121,0.05727808493375778,0.7,0.9560625,0.971875,0.9915625,0.9948125,0.965,0.9989375,0.99825,0.999,0.9949375,0.9906875,0.4915,0.992125,0.997125,0.8275625,0.8713125,0.9375625,0.8163125,0.97275,0.873,0.7168125,0.6950625,0.6954375,0.9005,0.96125,0.98025,0.99975,1.0,0.9705,1.0,0.998,1.0,0.999,0.99375,0.4905,0.99975,0.99975,0.82725,0.86375,0.9435,0.81375,0.98175,0.867,0.70825,0.6935,0.6955,0.8945
32,0.7,0.8945646384954452,0.9107970585823059,0.037943028743145986,0.04534692133963108,0.04534692133963108,0.05819072949513793,0.7,0.9566875,0.971,0.9930625,0.9953125,0.964,0.9989375,0.9981875,0.9991875,0.995125,0.9911875,0.49675,0.9925,0.9966875,0.82725,0.871375,0.938875,0.816375,0.9698125,0.873125,0.7219375,0.6939375,0.6965,0.900875,0.96,0.97975,1.0,0.9985,0.96775,1.0,0.99875,1.0,0.99875,0.99325,0.4895,0.9995,1.0,0.8285,0.86375,0.9435,0.81375,0.98125,0.86325,0.71275,0.69375,0.696,0.8945
33,0.7,0.8964729772806168,0.9124653105735778,0.03648158205393702,0.04383957360684872,0.04383957360684872,0.05659521527215838,0.7,0.956,0.9729375,0.992,0.9950625,0.9665625,0.9994375,0.998,0.9985625,0.99475,0.989625,0.500375,0.9935,0.997375,0.82525,0.8721875,0.9371875,0.8163125,0.972,0.875375,0.7218125,0.6950625,0.6958125,0.9013125,0.9635,0.982,1.0,0.99925,0.96975,1.0,0.99875,1.0,0.99875,0.98975,0.50025,0.999,1.0,0.82775,0.8695,0.9435,0.81375,0.98075,0.88125,0.71725,0.6935,0.6955,0.8945
34,0.7,0.897090826511383,0.9148025546073913,0.036007332063745706,0.04592143960297108,0.04592143960297108,0.05607788539491594,0.7,0.959,0.9716875,0.9935625,0.99525,0.96525,0.999,0.998375,0.9986875,0.995375,0.9905625,0.5104375,0.9944375,0.997875,0.827125,0.866625,0.9379375,0.8163125,0.9725,0.8808125,0.721875,0.6940625,0.6975625,0.9009375,0.94875,0.98175,1.0,0.99925,0.97175,1.0,0.9985,1.0,0.99875,0.992,0.49225,0.99825,1.0,0.8275,0.8795,0.94375,0.81375,0.9825,0.8775,0.71725,0.69325,0.69525,0.8945
35,0.7,0.8983212469816207,0.9147123613357544,0.03579461438208818,0.04607160767912865,0.04607160767912865,0.055559856789186596,0.7,0.9595625,0.97275,0.99325,0.9955625,0.96725,0.999625,0.9980625,0.998875,0.995375,0.9915,0.506125,0.9918125,0.9985,0.82825,0.868625,0.937,0.8163125,0.972,0.871875,0.7224375,0.694875,0.697,0.9011875,0.955,0.9825,1.0,1.0,0.95925,0.99975,0.9985,1.0,0.999,0.994,0.5055,0.99925,0.99975,0.82775,0.88175,0.9435,0.81375,0.9845,0.87225,0.719,0.69325,0.69575,0.8945
36,0.7,0.9004343798160553,0.9138415093421937,0.03423058963933727,0.04367761817574501,0.04367761817574501,0.05383109978400171,0.7,0.9594375,0.9743125,0.9925,0.9966875,0.9665625,0.9994375,0.9984375,0.999,0.99625,0.991375,0.5165625,0.9919375,0.997,0.826,0.8693125,0.9379375,0.8163125,0.974125,0.8705625,0.7234375,0.692,0.6968125,0.901,0.96075,0.98125,1.0,0.99875,0.96825,1.0,0.99875,1.0,0.99875,0.99575,0.5205,0.9985,1.0,0.8285,0.8715,0.9435,0.81375,0.98025,0.88,0.7185,0.68325,0.696,0.8945
37,0.7,0.9011902016401291,0.9144707555770875,0.03458829558221623,0.043567776516079904,0.043567776516079904,0.05385474723577499,0.7,0.96075,0.9739375,0.99375,0.9955,0.9689375,0.9991875,0.998875,0.999125,0.9963125,0.992,0.5125625,0.992125,0.9985625,0.8266875,0.8676875,0.9379375,0.8163125,0.9745625,0.8705625,0.723375,0.694,0.69725,0.901375,0.9595,0.982,1.0,1.0,0.97125,1.0,0.9985,1.0,0.99875,0.99375,0.515,0.9985,0.99975,0.827,0.8745,0.9435,0.81375,0.98125,0.8795,0.7195,0.69325,0.6955,0.8945
38,0.7,0.9029664026498795,0.9169613146781921,0.033003312170505526,0.042465307593345644,0.042465307593345644,0.052212398663163184,0.7,0.963,0.9755625,0.9924375,0.996,0.967875,0.9995,0.998875,0.9989375,0.997,0.9935625,0.5148125,0.99425,0.9984375,0.8280625,0.8730625,0.93875,0.8163125,0.974875,0.87275,0.7226875,0.69475,0.69575,0.901125,0.96275,0.9835,0.99975,0.9995,0.9735,0.99975,0.99825,1.0,0.99875,0.995,0.5165,0.99925,0.9995,0.82675,0.8625,0.94375,0.81375,0.983,0.88225,0.7185,0.6935,0.69525,0.8945
39,0.7,0.901783586025238,0.9168122572898865,0.03417554718768224,0.04249095989763737,0.04249095989763737,0.05338780809193849,0.7,0.9621875,0.9750625,0.9915,0.9955,0.9704375,0.999,0.998375,0.999,0.9956875,0.9921875,0.5198125,0.9939375,0.997125,0.828375,0.873875,0.938625,0.816375,0.974375,0.8806875,0.7234375,0.694375,0.6945625,0.90125,0.96025,0.979,1.0,0.99925,0.975,1.0,0.999,1.0,0.999,0.9965,0.52625,0.999,1.0,0.82825,0.8675,0.9435,0.81375,0.983,0.876,0.7185,0.6935,0.6955,0.8945
40,0.7,0.9032382221221924,0.9167256565093994,0.03259688239498064,0.042166147507727146,0.042166147507727146,0.05184635184332728,0.7,0.9624375,0.976,0.99275,0.9964375,0.9709375,0.99925,0.9981875,0.998375,0.9965,0.9925,0.5249375,0.9924375,0.9986875,0.828375,0.8691875,0.9376875,0.816375,0.976375,0.88275,0.7235,0.694875,0.6961875,0.9009375,0.964,0.98375,1.0,0.999,0.9705,1.0,0.999,1.0,0.99875,0.996,0.52525,0.99825,1.0,0.82825,0.86675,0.9435,0.81375,0.98225,0.88125,0.71925,0.69125,0.696,0.8945
41,0.7,0.9044873026609421,0.9171870851516724,0.03245641386136413,0.04227589886635542,0.04227589886635542,0.05137329969182611,0.7,0.964375,0.975375,0.9926875,0.996,0.9720625,0.99925,0.998125,0.9989375,0.9965625,0.994,0.5296875,0.9939375,0.99825,0.827875,0.8698125,0.9375625,0.816375,0.976625,0.8810625,0.7234375,0.693375,0.6969375,0.901125,0.958,0.9845,1.0,0.9995,0.9735,1.0,0.999,1.0,0.99875,0.996,0.52625,0.99925,1.0,0.8285,0.8695,0.9435,0.81375,0.9815,0.8655,0.71875,0.6915,0.696,0.89425
42,0.7,0.9062164375782013,0.9181206178665161,0.03120165145583451,0.04043273575603962,0.04043273575603962,0.04997622562199831,0.7,0.967,0.9771875,0.9938125,0.9960625,0.9708125,0.998875,0.9984375,0.9991875,0.995875,0.994125,0.5289375,0.993,0.99725,0.8286875,0.87325,0.938,0.8163125,0.9770625,0.8699375,0.72325,0.69475,0.6966875,0.900125,0.96975,0.98375,1.0,0.99975,0.973,1.0,0.999,1.0,0.999,0.99675,0.52625,0.99975,1.0,0.8285,0.87175,0.943,0.81375,0.98375,0.87125,0.7185,0.69375,0.696,0.8945
43,0.7,0.9065574827194214,0.9209407234191894,0.030626117278821766,0.03967687930166721,0.03967687930166721,0.04947103820182383,0.7,0.9645625,0.9775,0.9936875,0.996,0.9725625,0.9994375,0.9986875,0.999,0.99625,0.9941875,0.5290625,0.9939375,0.9980625,0.8275625,0.86625,0.937625,0.816375,0.97825,0.876125,0.72125,0.695,0.6968125,0.90075,0.964,0.98525,1.0,0.99925,0.9745,1.0,0.99875,1.0,0.99875,0.99475,0.52825,0.99925,1.0,0.828,0.86375,0.9435,0.81375,0.98375,0.8925,0.716,0.69325,0.69625,0.8945
44,0.7,0.9075779268741607,0.916354898929596,0.03026078102411702,0.040983297400176526,0.040983297400176526,0.048909169588238,0.7,0.966625,0.977625,0.9933125,0.9964375,0.9716875,0.9994375,0.9986875,0.9995,0.99625,0.99375,0.5269375,0.9939375,0.998,0.829625,0.8700625,0.9385,0.8163125,0.9764375,0.884625,0.7233125,0.69475,0.69725,0.9020625,0.9655,0.98475,0.99975,0.99925,0.9775,1.0,0.999,1.0,0.999,0.997,0.5255,0.99925,1.0,0.82825,0.8805,0.94325,0.81375,0.984,0.893,0.718,0.6935,0.696,0.8945
45,0.7,0.9087774698734283,0.9206974320411682,0.030410111834760754,0.03982995241880417,0.03982995241880417,0.04865383808221668,0.7,0.9645,0.9789375,0.99375,0.9966875,0.9745,0.999125,0.998875,0.999375,0.9955625,0.993875,0.53,0.9938125,0.9980625,0.83025,0.8698125,0.9381875,0.8163125,0.97825,0.8796875,0.7219375,0.695,0.695875,0.9018125,0.958,0.98625,1.0,0.9995,0.9765,1.0,0.999,1.0,0.999,0.99575,0.53125,0.9995,1.0,0.8285,0.86625,0.94325,0.81375,0.984,0.8735,0.71075,0.69325,0.69625,0.8945
46,0.7,0.9074385805130005,0.9181614875793457,0.030540114807896316,0.03931392022967339,0.03931392022967339,0.049146507052704694,0.7,0.9654375,0.9766875,0.993625,0.9955625,0.9740625,0.9995625,0.9985625,0.9993125,0.9965,0.994375,0.5340625,0.9926875,0.998875,0.83075,0.868625,0.9385,0.816375,0.9760625,0.875625,0.7223125,0.695125,0.6959375,0.9018125,0.965,0.98525,1.0,0.9995,0.98025,1.0,0.999,1.0,0.999,0.99675,0.5385,0.9995,1.0,0.8285,0.86,0.94325,0.81375,0.98375,0.8835,0.7185,0.69375,0.69625,0.8945
47,0.7,0.9098006579875946,0.9203108325004578,0.029026966551318766,0.04026009452342987,0.04026009452342987,0.04737867996189743,0.7,0.9659375,0.9808125,0.9941875,0.996875,0.9735625,0.9994375,0.99875,0.9991875,0.996375,0.9943125,0.53575,0.9938125,0.9984375,0.8308125,0.8693125,0.938375,0.8163125,0.9784375,0.882125,0.722375,0.6950625,0.6966875,0.900875,0.96425,0.985,1.0,0.99975,0.97175,1.0,0.999,1.0,0.99825,0.997,0.521,0.99975,1.0,0.8285,0.8805,0.9435,0.81375,0.98325,0.879,0.71925,0.69375,0.696,0.8945
48,0.7,0.9105707017183304,0.9220809693336487,0.028330338176514487,0.03957749791443348,0.03957749791443348,0.04666002701967955,0.7,0.967125,0.9786875,0.99375,0.996375,0.9740625,0.999875,0.9985,0.9995,0.9958125,0.993625,0.53275,0.995,0.9989375,0.8289375,0.8696875,0.9376875,0.8163125,0.977875,0.882375,0.7234375,0.695125,0.6978125,0.902125,0.96575,0.98475,1.0,0.99925,0.974,1.0,0.999,1.0,0.999,0.99675,0.53025,0.99875,1.0,0.8285,0.8705,0.94325,0.81375,0.986,0.89275,0.71875,0.69375,0.696,0.8945
49,0.7,0.9102066286802292,0.9173641538619995,0.02919702797406353,0.04057065014541149,0.04057065014541149,0.04737593164201826,0.7,0.967375,0.97875,0.9931875,0.997625,0.97525,0.999625,0.9984375,0.9986875,0.996875,0.9940625,0.5420625,0.994375,0.9973125,0.8286875,0.8703125,0.938625,0.8163125,0.9774375,0.883125,0.7228125,0.695125,0.696125,0.901625,0.9665,0.98625,1.0,0.99925,0.9765,1.0,0.99875,1.0,0.99875,0.99475,0.533,0.999,1.0,0.82775,0.8655,0.9435,0.81375,0.98575,0.902,0.71775,0.69375,0.696,0.8945
50,0.7,0.9094793434143067,0.9152984237670898,0.02950147271202877,0.041332678362727165,0.041332678362727165,0.04780722875334322,0.7,0.96625,0.979625,0.9939375,0.9951875,0.974625,0.999125,0.998625,0.9990625,0.9971875,0.9929375,0.55775,0.9936875,0.99775,0.8279375,0.872375,0.9384375,0.8163125,0.9781875,0.8848125,0.7220625,0.695125,0.6966875,0.90175,0.96775,0.983,1.0,0.9995,0.9775,0.99975,0.9985,1.0,0.99875,0.99425,0.5455,0.99925,0.99975,0.82775,0.86575,0.94375,0.81375,0.98125,0.891,0.71825,0.69375,0.69575,0.8945
51,0.7,0.9131558915376663,0.920478138923645,0.027552499850513414,0.03928389447927475,0.03928389447927475,0.04533998310379684,0.7,0.967125,0.98175,0.9936875,0.9960625,0.9759375,0.9995625,0.998375,0.9995625,0.997375,0.9933125,0.5723125,0.9946875,0.9985,0.8306875,0.8705625,0.938625,0.8163125,0.980375,0.8834375,0.7215625,0.695,0.69575,0.9015625,0.9625,0.9845,1.0,0.9995,0.9785,1.0,0.9985,1.0,0.99875,0.996,0.542,0.9995,0.99975,0.82825,0.861,0.9435,0.81375,0.987,0.891,0.718,0.6935,0.696,0.8945
52,0.7,0.9132675362825393,0.9237174253463745,0.0278101886252407,0.03755623863637447,0.03755623863637447,0.04548687193449587,0.7,0.96725,0.9819375,0.993625,0.9964375,0.975875,0.99925,0.9985,0.9991875,0.996375,0.9941875,0.5715625,0.99425,0.9980625,0.831,0.8685625,0.9380625,0.8163125,0.981125,0.87675,0.7230625,0.6950625,0.6966875,0.9020625,0.96925,0.98725,1.0,0.99975,0.976,1.0,0.9985,1.0,0.9985,0.99675,0.5705,0.9995,0.99975,0.82825,0.868,0.943,0.81375,0.985,0.882,0.7185,0.69375,0.69575,0.8945
53,0.7,0.9134049679040909,0.9256633343696594,0.02770455334382132,0.03823524677753448,0.03823524677753448,0.04537169784493744,0.7,0.9698125,0.9805,0.994375,0.996625,0.9768125,0.999125,0.998375,0.9993125,0.996875,0.993375,0.568,0.996,0.9991875,0.8288125,0.8683125,0.938,0.816375,0.9805625,0.8798125,0.7231875,0.6950625,0.6971875,0.902125,0.96125,0.9835,1.0,0.9995,0.975,1.0,0.999,1.0,0.999,0.99625,0.533,0.99925,0.9995,0.828,0.86775,0.94325,0.81375,0.989,0.88325,0.71875,0.6935,0.696,0.8945
