Epoch,Alpha,train_sat_kb,val_sat_kb,train_loss,val_loss,combined_val_loss,combined_train_loss,alpha,cafe_train_accuracy,hotel_train_accuracy,restaurant_train_accuracy,store_train_accuracy,misccommercial_train_accuracy,suburban_train_accuracy,miscresidential_train_accuracy,countryhouse_train_accuracy,constructionsite_train_accuracy,miscindustrial_train_accuracy,powerplant_train_accuracy,watertreatment_train_accuracy,residential_train_accuracy,commercial_train_accuracy,industrial_train_accuracy,door_train_accuracy,window_train_accuracy,awning_train_accuracy,billboard_train_accuracy,porch_train_accuracy,sign_train_accuracy,table_train_accuracy,tiledroof_train_accuracy,tiledrooftop_train_accuracy,vendingmachine_train_accuracy,wallsign_train_accuracy,statue_train_accuracy,chimney_train_accuracy,pipe_train_accuracy,machine_train_accuracy,truck_train_accuracy,car_train_accuracy,cafe_val_accuracy,hotel_val_accuracy,restaurant_val_accuracy,store_val_accuracy,misccommercial_val_accuracy,suburban_val_accuracy,miscresidential_val_accuracy,countryhouse_val_accuracy,constructionsite_val_accuracy,miscindustrial_val_accuracy,powerplant_val_accuracy,watertreatment_val_accuracy,residential_val_accuracy,commercial_val_accuracy,industrial_val_accuracy,door_val_accuracy,window_val_accuracy,awning_val_accuracy,billboard_val_accuracy,porch_val_accuracy,sign_val_accuracy,table_val_accuracy,tiledroof_val_accuracy,tiledrooftop_val_accuracy,vendingmachine_val_accuracy,wallsign_val_accuracy,statue_val_accuracy,chimney_val_accuracy,pipe_val_accuracy,machine_val_accuracy,truck_val_accuracy,car_val_accuracy
0,0.2,0.5407691762802449,0.5445240678787231,1.1418985559585246,1.1508611488342284,0.5945529861450195,0.5957643795520702,0.2,0.5810220368365024,0.7712765957446809,0.20668693045352368,0.3504939212443981,0.22843844966685517,0.20545212765957446,0.2760258361380151,0.8693958964753659,0.9045402737374001,0.1426671733881565,0.8441299390285573,0.1374430092091256,0.6154065347732381,0.35068389075867673,0.31648936170212766,0.4143237078443487,0.6590995446164557,0.4853723404255319,0.6779065347732381,0.20545212765957446,0.5888107900923871,0.41109422546751956,0.5765577503975402,0.3226633737695978,0.8059460482698806,0.35087386027295536,0.6618541035246341,0.7221694525251997,0.35638297872340424,0.6550151972060508,0.6506458964753659,0.5818768993337103,0.763,0.797,0.876,0.78925,0.1955,0.2255,0.2765,0.86175,0.90525,0.1465,0.8285,0.13925,0.33325,0.33325,0.3335,0.346,0.664,0.54,0.78925,0.2255,0.7045,0.6675,0.65525,0.31125,0.81375,0.203,0.8885,0.71975,0.69375,0.90525,0.6795,0.75625
5,0.2,0.5487128775170509,0.5500521874427795,1.1403698134929576,1.1506034116744994,0.590078941822052,0.5891036670258705,0.2,0.3314969603051531,0.31278495458846395,0.7113411857726726,0.4826177808832615,0.7198898170856719,0.27498100317539054,0.6685980241349403,0.7681420978079451,0.7476253801203788,0.7495250765313494,0.8314019758650597,0.8459346509994344,0.5414133744036898,0.3505889056844914,0.31743920990761293,0.5208966567161235,0.5798822184826465,0.5441679333118682,0.6960486325811832,0.2051671733881565,0.7083966567161235,0.6327887532558847,0.41584346522676185,0.3337765957446808,0.7898936170212766,0.22340425531914893,0.8873480241349403,0.7300531914893617,0.648081306447374,0.8967515192133315,0.6674582070492684,0.7567439206103062,0.237,0.203,0.876,0.78925,0.8045,0.2255,0.7235,0.86175,0.90525,0.8535,0.8285,0.86075,0.66675,0.33325,0.3335,0.60975,0.664,0.54,0.78925,0.2255,0.7045,0.6675,0.33425,0.31125,0.81375,0.203,0.8885,0.71975,0.69375,0.90525,0.6795,0.75625
10,0.2,0.5937295771659689,0.6114199509620667,0.8294483220323603,0.7257418293952942,0.4560124146938324,0.49090600838052467,0.2,0.7038373858370679,0.5965995446164557,0.6999430085750337,0.7313829787234043,0.8003419447452464,0.7991071432194812,0.8621770511282251,0.8100303956802856,0.7789703645604722,0.7601633744036898,0.7507598780571146,0.7916033432838765,0.7872340425531915,0.35096884471304873,0.5183320666881318,0.551101823436453,0.6495060793896938,0.586151215624302,0.5993541035246341,0.2097264437916431,0.6687879942833109,0.6507408815495511,0.21362082073663144,0.6856003035890296,0.754654255319149,0.3905775077799533,0.8680661092413232,0.730433130517919,0.6951937688157913,0.9040653490005656,0.6715425531914894,0.7354673248656253,0.69125,0.56875,0.66825,0.8005,0.81125,0.862,0.90475,0.8305,0.78,0.8705,0.7635,0.89475,0.78375,0.33325,0.5365,0.52925,0.6605,0.5905,0.64675,0.2255,0.7045,0.6675,0.176,0.779,0.8135,0.3945,0.8885,0.71975,0.69375,0.90525,0.6795,0.75625
15,0.2,0.6318290030702631,0.644127317905426,0.5700041873657957,0.5086265115737915,0.38642345905303954,0.4085376427528706,0.2,0.8301671730711105,0.7859992397592422,0.8033814595100728,0.8179141333762635,0.8219034950783912,0.8511588142273274,0.9159384496668552,0.8681610936814166,0.8240881460778257,0.8968465049216088,0.8019566865677529,0.8661664128303528,0.7922682369008978,0.35087386027295536,0.4626709723726232,0.4776785716097406,0.6510258355039231,0.5856762915215594,0.6917743162905916,0.24506079040943307,0.7209346509994344,0.648081306447374,0.32627279644316814,0.7280585106382979,0.7993920978079451,0.570668693552626,0.8704407291209444,0.7306231006662897,0.7346124623684173,0.9048252283258641,0.6785714283902594,0.7604483277239698,0.849,0.81975,0.77175,0.8475,0.813,0.86525,0.9265,0.87,0.92125,0.86975,0.79925,0.86575,0.83625,0.33325,0.45575,0.4985,0.6575,0.564,0.77425,0.28575,0.7045,0.6675,0.32975,0.74225,0.81375,0.65475,0.8885,0.71975,0.7935,0.90525,0.6795,0.75625
20,0.2,0.6538489866763988,0.6606822009086609,0.4680131515289875,0.42790636777877805,0.3570355224609375,0.37052345085651317,0.2,0.8438449844400934,0.8270326751343747,0.8374810028583446,0.8622720368365024,0.8343465049216088,0.879369300730685,0.9351253801203788,0.8792743162905916,0.8833586624328126,0.9100493915537571,0.81952887519877,0.9000759872984379,0.7414513674188168,0.35106382978723405,0.4186930092091256,0.472549392187849,0.6496010638297872,0.6016337383300701,0.7897986325811832,0.5056990879647275,0.7230243162905916,0.6467515198474235,0.36996580565229376,0.6777165658930515,0.8067059275951791,0.6195858659896445,0.885828268020711,0.7306231006662897,0.8116451362346081,0.9047302426175868,0.6752469603051531,0.7632978723404256,0.861,0.848,0.79475,0.89175,0.8485,0.886,0.935,0.87375,0.956,0.89275,0.80225,0.87975,0.75925,0.33325,0.38875,0.48425,0.661,0.591,0.84725,0.58525,0.7045,0.6675,0.459,0.647,0.81375,0.69,0.8885,0.71975,0.826,0.90525,0.6795,0.75625
25,0.2,0.6648681315969913,0.6718441286087036,0.40905089834903147,0.39109008240699766,0.34074272179603576,0.3499156826354088,0.2,0.8520136779927193,0.8230433134322471,0.847834346142221,0.8860182369008978,0.8345364738017955,0.9041603347088428,0.9507028879003322,0.9072948326455786,0.9081496964109704,0.929901215624302,0.8213335871696472,0.9191679333118682,0.7517097262625999,0.3504939212443981,0.4287613979045381,0.4497530396948469,0.6413373858370679,0.629084346142221,0.8281724922200466,0.5932750765313494,0.7233092708790556,0.6440919447452464,0.42676671705347424,0.6452317630991022,0.8073708212122004,0.634023556049834,0.8873480241349403,0.730148175929455,0.8238031914893617,0.9043503035890296,0.6749620057166891,0.7635828269288895,0.84925,0.82825,0.78475,0.869,0.82775,0.89175,0.94525,0.895,0.96175,0.90875,0.819,0.8965,0.7375,0.33325,0.42925,0.469,0.65775,0.63775,0.848,0.6795,0.7045,0.6675,0.4945,0.63575,0.81375,0.697,0.8885,0.71975,0.833,0.90525,0.6795,0.75625
30,0.2,0.6741782109788124,0.6807211360931397,0.36042986968730356,0.3337135236263275,0.3221658046245575,0.33274341453897194,0.2,0.85951747666014,0.8338715801847741,0.8751899701483706,0.8867781149580124,0.8526785716097406,0.9068199091769279,0.957066869482081,0.90625,0.9379749234686506,0.9428191489361702,0.8454597262625999,0.92876139853863,0.72577887519877,0.3505889056844914,0.4216375376315827,0.45127279644316814,0.645421731979289,0.6420022794540893,0.8401405773264297,0.6207256837094084,0.7240691489361702,0.6450417929507316,0.4823328269288895,0.6114171730711105,0.8074658056522938,0.6761968085106383,0.8872530396948469,0.730718085106383,0.8193389063185834,0.9046352581774935,0.675531914893617,0.7632978723404256,0.857,0.8355,0.85425,0.9145,0.855,0.90775,0.97025,0.9125,0.96475,0.9335,0.81775,0.91575,0.7555,0.33325,0.4185,0.4645,0.66025,0.652,0.86425,0.64525,0.7045,0.6675,0.53,0.6025,0.81375,0.6845,0.8885,0.71975,0.84225,0.90525,0.6795,0.75625
35,0.2,0.6825178595299416,0.6885285549163819,0.3295162469148636,0.3034906316995621,0.3098752875328064,0.31988896651470916,0.2,0.8512537999356047,0.8386208212122004,0.8926671730711105,0.9109992397592422,0.8525835871696472,0.9206876894260975,0.9698898170856719,0.9333206681495018,0.9366451362346081,0.9488031914893617,0.8374810028583446,0.9347454410918216,0.7720364738017955,0.35115881422732736,0.4385448326455786,0.44576367799271926,0.648081306447374,0.6439019758650597,0.866546353127094,0.6420022794540893,0.7281534950783912,0.6408624617343254,0.5078837383300701,0.6242401219428854,0.8069908809154591,0.692154255319149,0.886968085106383,0.7311930085750337,0.8342515192133315,0.9048252283258641,0.675531914893617,0.7632978723404256,0.862,0.84425,0.88625,0.924,0.85375,0.92225,0.9795,0.9575,0.96975,0.93525,0.82325,0.92275,0.8165,0.33325,0.48525,0.46425,0.6585,0.64875,0.8815,0.67275,0.7045,0.6675,0.53825,0.6045,0.81375,0.7035,0.8885,0.71975,0.84475,0.90525,0.6795,0.75625
40,0.2,0.6908393489553574,0.6946787872314453,0.2986212778598704,0.27202490758895875,0.2986619567871094,0.3070527803390584,0.2,0.8502089660218421,0.8312120057166891,0.9005509120352725,0.9300911857726726,0.8642667176875662,0.9300911857726726,0.9780585106382979,0.9473784198152259,0.9560220368365024,0.9586816113045875,0.8526785716097406,0.9433890581130981,0.8293123105739025,0.3503039514130734,0.4699848021598572,0.4452887538899767,0.64922112480123,0.6455167176875662,0.8787044071136637,0.6706876900601895,0.7445858666237365,0.641052431248604,0.5023746198796212,0.6276595744680851,0.8076557745324805,0.6913943766279423,0.8873480241349403,0.730433130517919,0.8170592702449636,0.9039703645604722,0.6756268993337103,0.7633928567805188,0.88775,0.85075,0.8945,0.93975,0.8655,0.9275,0.9815,0.975,0.961,0.94975,0.83225,0.94075,0.8965,0.33325,0.539,0.47,0.65775,0.64075,0.9055,0.67225,0.70675,0.6675,0.531,0.59475,0.81375,0.71,0.8885,0.71975,0.83275,0.90525,0.6795,0.75625
45,0.2,0.7001306858468563,0.7023234329223633,0.27083040710459366,0.2626500519514084,0.2906712665557861,0.29406153585048433,0.2,0.8618920978079451,0.8386208212122004,0.9105243162905916,0.9358852581774935,0.8748100298516294,0.9406344979367358,0.9840425531914894,0.9660904255319149,0.9653305474748003,0.9607712765957447,0.8666413375671874,0.9518427049860041,0.8409004553835443,0.35087386027295536,0.5171922489683679,0.43949468085106386,0.6506458964753659,0.6452317630991022,0.8918123105739025,0.6913943772620343,0.7647226440145615,0.6421922496024598,0.5197568389963596,0.6297492397592422,0.8073708212122004,0.7086816113045875,0.8873480241349403,0.730718085106383,0.8130699091769279,0.9047302426175868,0.6753419447452464,0.7632978723404256,0.87825,0.849,0.88325,0.94975,0.864,0.93475,0.985,0.97675,0.975,0.95225,0.8405,0.94225,0.9135,0.33325,0.54575,0.46725,0.6605,0.648,0.909,0.702,0.7915,0.6675,0.542,0.60825,0.81375,0.7295,0.8885,0.71975,0.8125,0.90525,0.6795,0.75625
50,0.2,0.7040119640370632,0.7087798132896423,0.25782337689653356,0.24850361025333403,0.2826768729686737,0.2883551076371619,0.2,0.871485561766523,0.8354863220072807,0.9253419447452464,0.9472834341069485,0.8724354099720082,0.9479483277239698,0.9827127659574468,0.9672302426175868,0.965235561766523,0.9666603347088428,0.8872530396948469,0.949183130517919,0.8855433134322471,0.35115881422732736,0.5203267475391956,0.43607522769177215,0.6536854099720082,0.6458016722760302,0.898081306447374,0.6880699091769279,0.777165653857779,0.6396276595744681,0.5265007596066658,0.6373480241349403,0.8076557745324805,0.7315729488717749,0.8867781149580124,0.730718085106383,0.8064209730067151,0.9048252283258641,0.6753419447452464,0.7632978723404256,0.88675,0.83125,0.914,0.95375,0.8775,0.94775,0.98325,0.98175,0.97175,0.956,0.90625,0.94825,0.93125,0.33325,0.557,0.466,0.65725,0.63525,0.9145,0.71125,0.78225,0.6675,0.54,0.61025,0.81375,0.734,0.8885,0.71975,0.799,0.90525,0.6795,0.75625
55,0.2,0.7108222867580171,0.7090813488960266,0.2350308337110154,0.24530175244808197,0.28179527568817136,0.2783483415842056,0.2,0.8682560793896938,0.8460296354395278,0.9237272041909238,0.9593465049216088,0.8814589660218421,0.9440539517301194,0.9826177815173535,0.980718085106383,0.9673252283258641,0.9620060793896938,0.9047302426175868,0.9519376894260975,0.8985562311842087,0.3505889056844914,0.519281914893617,0.44462386027295536,0.6513107900923871,0.6505509120352725,0.9000759872984379,0.7031724922200466,0.7866641333762635,0.6423822184826465,0.539418693552626,0.6200607900923871,0.8058510638297872,0.7353723404255319,0.8872530396948469,0.7310980241349403,0.8094604865033576,0.9046352581774935,0.675531914893617,0.7635828269288895,0.89075,0.856,0.9175,0.97375,0.8815,0.975,0.9825,0.992,0.985,0.9445,0.86475,0.936,0.94625,0.33325,0.5445,0.4655,0.658,0.6505,0.9145,0.723,0.7945,0.6675,0.5735,0.6045,0.8135,0.757,0.8885,0.71975,0.82125,0.90525,0.6795,0.75625
60,0.2,0.7148192677092045,0.71635600233078,0.2375749206923424,0.23037377607822418,0.272989955663681,0.2756595728879279,0.2,0.8721504553835443,0.8422302426175868,0.9341755319148937,0.9499430085750337,0.8933320666881318,0.9551671730711105,0.9886968085106383,0.9666603347088428,0.9739741644960769,0.9626709730067151,0.9112841943477062,0.9466185404899272,0.9014057745324805,0.3504939212443981,0.523081307081466,0.4419642858048703,0.6526405773264297,0.6463715801847741,0.9041603347088428,0.7025075986030254,0.7928381460778257,0.644281914893617,0.5512917929507316,0.6367781155921043,0.8058510638297872,0.7545592708790556,0.8882978723404256,0.7302431616377323,0.8097454410918216,0.9044452892973068,0.7688069914249663,0.7634878424887962,0.89575,0.84775,0.9325,0.97725,0.88825,0.957,0.988,0.993,0.98275,0.9485,0.8835,0.941,0.947,0.33325,0.54975,0.4645,0.6555,0.64525,0.9185,0.72375,0.7965,0.6675,0.56675,0.62625,0.8135,0.7545,0.8885,0.71975,0.81325,0.90525,0.8375,0.75625
65,0.2,0.7210488141851222,0.7198229126930237,0.21788035396565783,0.22932355344295502,0.27000638473033906,0.26673702388367754,0.2,0.8787044071136637,0.8442249234686506,0.9299962000643953,0.9479483277239698,0.898081306447374,0.9474734042553191,0.9844224922200466,0.9832826751343747,0.9832826751343747,0.96875,0.9151785716097406,0.9506079021920549,0.9112841943477062,0.3504939212443981,0.5468275077799534,0.4428191489361702,0.6552051673544214,0.6463715801847741,0.9088145900279918,0.7205547107026932,0.8014817630991022,0.6400075986030254,0.54673252333986,0.6651785716097406,0.8080357148292217,0.7491451362346081,0.8882028879003322,0.7305281149580124,0.8068009120352725,0.9045402737374001,0.8140197573824132,0.7636778113689828,0.89325,0.86525,0.9215,0.97125,0.888,0.9805,0.986,0.98925,0.98175,0.957,0.894,0.94475,0.95075,0.33325,0.54775,0.4675,0.65775,0.64575,0.923,0.7205,0.7985,0.6675,0.57425,0.619,0.814,0.75925,0.88825,0.71975,0.811,0.90525,0.8555,0.75625
70,0.2,0.7267526337440978,0.7263281292915345,0.20569148041466448,0.2176957677602768,0.26247665512561796,0.25973619171913637,0.2,0.8978913375671874,0.8447948326455786,0.9506079021920549,0.9593465049216088,0.890197568751396,0.9659954410918216,0.9853723404255319,0.9892667176875662,0.9812879942833109,0.9659954410918216,0.9314209730067151,0.9507978723404256,0.9159384496668552,0.3505889056844914,0.5321998482054853,0.4351253801203789,0.6505509120352725,0.6575797872340425,0.9134688453471407,0.7154255319148937,0.7975873858370679,0.6418123105739025,0.5520516722760302,0.6553001517945147,0.8103153490005656,0.7607332823124338,0.8867781149580124,0.7308130695464763,0.8147796354395278,0.9047302426175868,0.8325417929507316,0.7727013674188168,0.896,0.8325,0.944,0.98175,0.89175,0.97125,0.987,0.99,0.98725,0.96175,0.90775,0.95,0.947,0.33325,0.54775,0.4655,0.6595,0.6405,0.92525,0.7245,0.79875,0.6675,0.56675,0.6405,0.81375,0.75825,0.8885,0.71975,0.80775,0.90525,0.8535,0.78875
75,0.2,0.7306862219851068,0.7270418567657471,0.19923308951423524,0.2184194360971451,0.26205040538311003,0.2552976430730617,0.2,0.8902925531914894,0.8486892099076129,0.9470934652267619,0.964665653857779,0.9001709730067151,0.9613411857726726,0.9920212765957447,0.9772986325811832,0.9859422496024598,0.96875,0.9341755319148937,0.9527925531914894,0.9215425531914894,0.35096884471304873,0.5331496957768785,0.4353153496346575,0.6467515192133315,0.6576747716741359,0.9306610936814166,0.7212196043197144,0.796447568751396,0.64048252333986,0.5666793318504982,0.6613791787877996,0.8086056227379657,0.7706117021276596,0.8865881460778257,0.7308130695464763,0.808985561766523,0.9048252283258641,0.8224734042553191,0.8295022794540893,0.894,0.85325,0.9255,0.9845,0.88525,0.98675,0.9845,0.96,0.983,0.9605,0.93675,0.9495,0.9645,0.33325,0.5455,0.47,0.65375,0.6495,0.93625,0.724,0.7985,0.6675,0.58125,0.6405,0.81475,0.7645,0.88825,0.71975,0.8045,0.90525,0.85575,0.888
80,0.2,0.7339180936204627,0.7320609021186829,0.1898839738457761,0.20971698570251465,0.2562946773767471,0.25084232491381625,0.2,0.9053001517945147,0.8397606382978723,0.952697568751396,0.9654255319148937,0.9145136779927193,0.9672302426175868,0.9885068383622677,0.9847074468085106,0.9827127659574468,0.9713145900279918,0.9292363220072807,0.9560220368365024,0.9289513674188168,0.3507788751987701,0.5434080552547536,0.4375,0.6494110936814166,0.6602393617021277,0.9252469603051531,0.7220744680851063,0.8026215801847741,0.6437120057166891,0.5641147418225065,0.655965045411536,0.8097454410918216,0.7652925531914894,0.8867781149580124,0.730718085106383,0.8187689971416554,0.9047302426175868,0.8339665658930515,0.8234232524608044,0.899,0.85025,0.9555,0.986,0.89075,0.97375,0.9895,0.98625,0.98875,0.96025,0.927,0.946,0.94875,0.33325,0.55025,0.46425,0.658,0.6505,0.93225,0.72825,0.7995,0.6675,0.5925,0.635,0.8145,0.763,0.88825,0.71975,0.81425,0.90525,0.85625,0.87925
85,0.2,0.7365270383814548,0.7355071034431457,0.18438392322748265,0.21199954533576965,0.253994230389595,0.24765515676204194,0.2,0.8885828269288895,0.8606572950139959,0.9539323702771613,0.9714095744680851,0.9105243162905916,0.9613411857726726,0.9860372340425532,0.9879369304535237,0.9813829787234043,0.9667553191489362,0.929901215624302,0.9539323702771613,0.9306610936814166,0.3504939212443981,0.5500569914249663,0.44671352556411253,0.6508358666237365,0.6505509120352725,0.9280015192133315,0.7127659574468085,0.8069908809154591,0.6394376894260975,0.5822568383622677,0.6439019758650597,0.8154445290565491,0.7807750765313494,0.8882978723404256,0.7305281149580124,0.8180091190845409,0.9047302426175868,0.8353913375671874,0.8426101829143281,0.8955,0.843,0.95125,0.97875,0.89275,0.96625,0.98975,0.98975,0.99025,0.95625,0.93225,0.9425,0.9545,0.33325,0.557,0.46225,0.655,0.64925,0.92975,0.7335,0.8005,0.6675,0.6035,0.64,0.815,0.77125,0.888,0.71975,0.82175,0.90525,0.85375,0.88025
90,0.2,0.7414401718910705,0.7376747007369995,0.17707755258108707,0.20974942535161972,0.25181012666225433,0.24226337544461515,0.2,0.9047302426175868,0.8683510638297872,0.9594414893617021,0.9693199091769279,0.9185980241349403,0.9691299390285573,0.9873670212765957,0.9827127659574468,0.9846124623684173,0.9680851063829787,0.9294262921556513,0.9505129177519616,0.9332256837094084,0.3504939212443981,0.5474924013969746,0.441299392187849,0.648651215624302,0.6546352581774935,0.9352203645604722,0.7353723404255319,0.800816869482081,0.644281914893617,0.5837765957446809,0.6478913375671874,0.8061360184182512,0.7963525830431187,0.8888677815173535,0.7311930085750337,0.8140197573824132,0.9047302426175868,0.8321618539221743,0.8521086624328126,0.90025,0.855,0.956,0.98425,0.8985,0.98525,0.99,0.9895,0.98625,0.961,0.93025,0.9495,0.956,0.33325,0.5495,0.46575,0.65475,0.64925,0.9385,0.72975,0.7995,0.6675,0.601,0.6195,0.81475,0.7845,0.888,0.71975,0.8075,0.90525,0.85675,0.8815
95,0.2,0.7453755254441119,0.7398877129554748,0.17371649390205424,0.20064285200834275,0.24821840381622315,0.23844288099319377,0.2,0.9041603347088428,0.8666413375671874,0.9574468085106383,0.9753989361702128,0.9166033432838765,0.9679901219428854,0.9920212765957447,0.9873670212765957,0.99126139853863,0.9740691489361702,0.9374050155599066,0.9539323702771613,0.9460486325811832,0.3504939212443981,0.5645896652911572,0.4427241638619849,0.6551101829143281,0.6586246198796212,0.942154255319149,0.7218844979367358,0.8161094226735703,0.644566869482081,0.5866261403611366,0.6406724922200466,0.8068009120352725,0.8092705163549869,0.8861132213409911,0.7330927049860041,0.8196238596388634,0.9046352581774935,0.8328267475391956,0.8534384496668552,0.9015,0.85775,0.95475,0.97625,0.8895,0.98525,0.9895,0.9945,0.989,0.96025,0.92375,0.9495,0.96925,0.33325,0.56275,0.46625,0.657,0.64575,0.93425,0.73075,0.80125,0.6675,0.59675,0.6285,0.8155,0.79,0.8885,0.7275,0.81175,0.90525,0.8555,0.88875
100,0.2,0.752997931013716,0.7488442802429199,0.1722961724438566,0.20609315246343612,0.24214320909976958,0.23206089246780315,0.2,0.9080547107026932,0.8693958964753659,0.9654255319148937,0.9733092708790556,0.9345554709434509,0.9619110936814166,0.98451747666014,0.983947568751396,0.988601824070545,0.9699848027939492,0.9446238596388634,0.9533624623684173,0.9412044071136637,0.35068389075867673,0.67876139853863,0.43778495458846395,0.6514057745324805,0.6568199091769279,0.9351253801203788,0.7254939206103062,0.8052811546528593,0.6802811546528593,0.5911854099720082,0.6259498482054853,0.8119300908230721,0.8147796354395278,0.8861132213409911,0.7323328269288895,0.8115501517945147,0.9046352581774935,0.8331117021276596,0.8556231006662897,0.89875,0.8405,0.94875,0.979,0.89675,0.9885,0.99075,0.9895,0.986,0.96375,0.93675,0.946,0.95575,0.33325,0.738,0.461,0.6515,0.64525,0.93,0.7345,0.8015,0.77725,0.5995,0.63775,0.815,0.78325,0.8885,0.735,0.8355,0.90525,0.85225,0.8845
105,0.2,0.7622257420357238,0.7570028052330017,0.17098052894815485,0.2155654963850975,0.2375108598470688,0.2244155153315118,0.2,0.9080547107026932,0.8698708212122004,0.956781914893617,0.973404255319149,0.9140387532558847,0.9680851063829787,0.9900265957446809,0.9900265957446809,0.9905965049216088,0.9720744680851063,0.9413943772620343,0.9572568383622677,0.9440539517301194,0.3497340425531915,0.828552431248604,0.4464285716097406,0.6447568383622677,0.6490311546528593,0.9481382978723404,0.7202697573824132,0.8104103347088428,0.7629179333118682,0.5927051673544214,0.647796353127094,0.8133548637653919,0.8263677815173535,0.8862082070492684,0.740976443950166,0.8072758355039231,0.9045402737374001,0.8388107900923871,0.848404255319149,0.89975,0.8545,0.95075,0.968,0.90675,0.95375,0.9915,0.99525,0.99225,0.96175,0.9395,0.947,0.9605,0.33325,0.836,0.469,0.65075,0.65025,0.937,0.7365,0.80325,0.8185,0.61675,0.60525,0.8195,0.814,0.887,0.7575,0.81075,0.90525,0.856,0.888
110,0.2,0.767234168154128,0.7611844758987427,0.16494635587677042,0.20344767051935195,0.23174195790290833,0.2192019392201241,0.2,0.921447568751396,0.8798442254675195,0.9625759872984379,0.9640007602407578,0.9206876894260975,0.9698898170856719,0.9886968085106383,0.9899316113045875,0.9920212765957447,0.9740691489361702,0.9426291787877996,0.9553571432194812,0.9472834341069485,0.3505889056844914,0.8381458964753659,0.44766337440368975,0.648651215624302,0.6523556227379657,0.9468085106382979,0.7367021276595744,0.81952887519877,0.78998860146137,0.6047682369008978,0.6237651972060508,0.8102203645604722,0.8352013674188168,0.8873480241349403,0.7416413375671874,0.8104103347088428,0.9046352581774935,0.8340615503331448,0.8559080552547536,0.9015,0.8585,0.959,0.98225,0.89825,0.9855,0.9915,0.991,0.9915,0.9635,0.9405,0.9485,0.9675,0.33325,0.8395,0.4675,0.65425,0.64825,0.9445,0.73625,0.8065,0.833,0.61075,0.607,0.8145,0.80975,0.8885,0.76875,0.81225,0.90525,0.855,0.8895
115,0.2,0.7718404823161186,0.7652260141372681,0.15674973120714755,0.2052936851978302,0.22887793004512788,0.21387756441501862,0.2,0.9165083588437831,0.8787044071136637,0.9645706681495018,0.973404255319149,0.933985561766523,0.9746390581130981,0.9946808510638298,0.9933510638297872,0.9900265957446809,0.973404255319149,0.9553571432194812,0.9553571432194812,0.9592515192133315,0.35096884471304873,0.8494490879647275,0.44585866243281264,0.6456117021276596,0.6573898170856719,0.9486132213409911,0.7430661092413232,0.8135448326455786,0.7992021276595744,0.6039133744036898,0.6311740127015621,0.8074658056522938,0.8368161092413232,0.8871580552547536,0.759023556049834,0.8153495446164557,0.9060600298516294,0.8360562311842087,0.8628419447452464,0.90225,0.85725,0.96025,0.97325,0.9015,0.99,0.99225,0.99,0.993,0.96025,0.9395,0.94375,0.969,0.33325,0.84825,0.466,0.652,0.64875,0.94,0.74175,0.8045,0.837,0.62375,0.6095,0.81625,0.8305,0.88925,0.78575,0.834,0.90625,0.85225,0.8895
120,0.2,0.7728703897050087,0.7689035434722901,0.16061558162278317,0.20372615975141525,0.2256224001646042,0.21382680788953254,0.2,0.9205927049860041,0.8761398170856719,0.9692249234686506,0.9744490879647275,0.9240121575112038,0.973404255319149,0.9920212765957447,0.9820478723404256,0.9940159574468085,0.9739741644960769,0.9471884496668552,0.9546922496024598,0.9490881460778257,0.35068389075867673,0.8585676297228387,0.4506079028261469,0.6443768993337103,0.6594794830109211,0.9526025830431187,0.7514247716741359,0.8211436170212766,0.8205737078443487,0.604578268020711,0.6372530396948469,0.8182940724048209,0.8580927049860041,0.8867781149580124,0.7678571432194812,0.8266527361058175,0.9071048637653919,0.8365311546528593,0.855433130517919,0.896,0.8645,0.96625,0.981,0.90075,0.9895,0.992,0.9945,0.992,0.96025,0.94375,0.94575,0.971,0.33325,0.84725,0.47025,0.65675,0.6525,0.94775,0.75,0.80625,0.83875,0.62925,0.5905,0.819,0.85225,0.8865,0.8005,0.825,0.907,0.85475,0.88575
125,0.2,0.7764665103973226,0.7709772439002991,0.15847622825110214,0.21106851959228515,0.2254319131374359,0.21052203945657041,0.2,0.9167933134322471,0.8822188453471407,0.9651405773264297,0.9714095744680851,0.9387348027939492,0.965235561766523,0.9933510638297872,0.9945858666237365,0.9919262921556513,0.9773936170212766,0.9460486325811832,0.9519376894260975,0.945953646872906,0.3505889056844914,0.85923252333986,0.44604863194709127,0.6466565347732381,0.6556800908230721,0.9527925531914894,0.7534194525251997,0.8111702127659575,0.8180091190845409,0.6048632213409911,0.6330737078443487,0.8192439206103062,0.8521086624328126,0.8854483277239698,0.7665273559854385,0.835296353127094,0.9100493915537571,0.8333016722760302,0.8653115503331448,0.90125,0.8655,0.96375,0.9805,0.903,0.983,0.99175,0.98625,0.99175,0.9615,0.94025,0.9485,0.97375,0.33325,0.8525,0.468,0.65125,0.653,0.95175,0.7475,0.80575,0.84525,0.6265,0.60175,0.82,0.84875,0.8885,0.80625,0.834,0.919,0.85,0.88975
130,0.2,0.7798407280698736,0.7716620593070984,0.15552694826050006,0.21453775554895402,0.22557790684700013,0.20723281039836558,0.2,0.913848784375698,0.8851633744036898,0.9647606382978723,0.9787234042553191,0.9280015192133315,0.9780585106382979,0.9933510638297872,0.9906914893617021,0.9920212765957447,0.976063829787234,0.9446238596388634,0.9560220368365024,0.9574468085106383,0.35087386027295536,0.8540083588437831,0.4390197567483212,0.6399126141629321,0.6617591190845409,0.9607712765957447,0.7564589660218421,0.8107902737374001,0.8181990879647275,0.6134118539221743,0.624715045411536,0.8243731006662897,0.8604673248656253,0.8867781149580124,0.7723214283902594,0.8272226440145615,0.9240121575112038,0.835296353127094,0.8734802426175868,0.90225,0.86825,0.96425,0.9815,0.908,0.989,0.99275,0.993,0.9925,0.96125,0.94175,0.947,0.97275,0.33325,0.8525,0.46575,0.65375,0.653,0.951,0.75325,0.8055,0.84475,0.63425,0.59975,0.831,0.8565,0.88825,0.81125,0.83925,0.93075,0.85375,0.88925
135,0.2,0.7822284990168632,0.7740092220306396,0.15310290360704382,0.21664150857925416,0.22412092900276184,0.20483778543928835,0.2,0.9147986325811832,0.8775645900279918,0.9707446808510638,0.9740691489361702,0.9300911857726726,0.9785334341069485,0.9933510638297872,0.9819528879003322,0.9966755319148937,0.9740691489361702,0.9464285716097406,0.9530775077799534,0.9547872340425532,0.35068389075867673,0.8585676297228387,0.4472834347410405,0.6564399701483706,0.652735561766523,0.9540273559854385,0.7833396652911572,0.8172492397592422,0.8391907291209444,0.614171731979289,0.6419072950139959,0.8227583588437831,0.8555281149580124,0.8852583588437831,0.7873290269932849,0.8390007602407578,0.917933130517919,0.832921731979289,0.8687310028583446,0.9015,0.886,0.96525,0.98225,0.89675,0.98875,0.99325,0.99675,0.99475,0.9605,0.9405,0.945,0.97175,0.33325,0.8535,0.46675,0.6595,0.65375,0.95675,0.77225,0.802,0.84625,0.63325,0.592,0.83,0.85925,0.88925,0.82175,0.83825,0.93025,0.85375,0.8895
140,0.2,0.785474641525999,0.7777988238334655,0.1463898724698006,0.21439925128221513,0.22064079344272614,0.2008982646338483,0.2,0.9120440724048209,0.8919072950139959,0.9745440724048209,0.9812879942833109,0.9347454410918216,0.9714095744680851,0.992686170212766,0.9920212765957447,0.9920212765957447,0.9753989361702128,0.9506079021920549,0.9516527361058175,0.9633358666237365,0.35087386027295536,0.8586626141629321,0.44471884471304873,0.647226443950166,0.6517857148292217,0.9664703645604722,0.7848594226735703,0.8134498482054853,0.8308320666881318,0.6157864738017955,0.6105623105739025,0.8333966567161235,0.8568579021920549,0.8860182369008978,0.7813449844400934,0.8415653490005656,0.9280015192133315,0.8366261403611366,0.8660714283902594,0.901,0.869,0.96175,0.9845,0.903,0.98525,0.993,0.99425,0.993,0.96225,0.94475,0.946,0.9785,0.33325,0.855,0.46675,0.65425,0.65125,0.96075,0.8085,0.7995,0.846,0.64025,0.5875,0.83275,0.8625,0.892,0.813,0.84575,0.943,0.8555,0.89075
145,0.2,0.7877650476516561,0.7811802668571473,0.14179952331679932,0.19934656929969788,0.2149251047372818,0.19814786853942465,0.2,0.910619300730685,0.8927621575112038,0.964095744680851,0.9780585106382979,0.9357902737374001,0.9780585106382979,0.995345744680851,0.9886968085106383,0.9940159574468085,0.9746390581130981,0.9533624623684173,0.9520326751343747,0.956781914893617,0.3507788751987701,0.866546353127094,0.42980623118420863,0.6520706681495018,0.6573898170856719,0.9694148936170213,0.8032864738017955,0.8154445290565491,0.832066869482081,0.6190159574468085,0.614171731979289,0.8372910339781579,0.8640767475391956,0.8873480241349403,0.804901215624302,0.8560030396948469,0.9352203645604722,0.8338715801847741,0.866831306447374,0.905,0.87225,0.96375,0.985,0.90525,0.98525,0.99375,0.99625,0.99025,0.96625,0.947,0.95025,0.9795,0.33325,0.855,0.4655,0.6555,0.65325,0.969,0.80925,0.80225,0.85075,0.64225,0.59075,0.8355,0.863,0.8885,0.8275,0.8475,0.95375,0.85725,0.89175
150,0.2,0.7922695355212435,0.7846615800857544,0.1375926360487938,0.20571519124507903,0.21341377782821655,0.1937029019315192,0.2,0.917078268020711,0.9014057745324805,0.9713145900279918,0.9772986325811832,0.9347454410918216,0.9813829787234043,0.992686170212766,0.9933510638297872,0.9940159574468085,0.9758738596388634,0.957351824070545,0.9539323702771613,0.9613411857726726,0.3505889056844914,0.8661664128303528,0.4386398177197639,0.6470364738017955,0.6539703645604722,0.964665653857779,0.7940729488717749,0.8135448326455786,0.8274126141629321,0.6422872340425532,0.6077127659574468,0.839380699269315,0.8660714283902594,0.8879179333118682,0.8132598780571146,0.8553381460778257,0.926101824070545,0.8380509120352725,0.8660714283902594,0.90225,0.8725,0.96175,0.98625,0.904,0.988,0.99275,0.9915,0.99425,0.9645,0.94875,0.948,0.97475,0.33325,0.8635,0.4625,0.656,0.6545,0.9715,0.8175,0.80375,0.851,0.6445,0.58625,0.8375,0.86325,0.8885,0.837,0.85,0.95075,0.85525,0.89125
155,0.2,0.7930864095687866,0.7848883218765259,0.14471825402467808,0.22071164828538894,0.21623167622089387,0.19447452685934433,0.2,0.9315159574468085,0.9100493915537571,0.96875,0.9813829787234043,0.9318009120352725,0.9852773559854385,0.9933510638297872,0.9920212765957447,0.9940159574468085,0.9707446808510638,0.9601063829787234,0.9514627659574468,0.96001139853863,0.3505889056844914,0.8653115503331448,0.4474734042553192,0.6422872340425532,0.6672682369008978,0.964665653857779,0.8058510638297872,0.801671731979289,0.8368161092413232,0.6347834341069485,0.5950797872340425,0.8420402737374001,0.8619870822480384,0.8882028879003322,0.8111702127659575,0.851918693552626,0.9399696043197144,0.8373860184182512,0.8760448326455786,0.90175,0.876,0.96,0.9865,0.8995,0.991,0.99375,0.99525,0.991,0.9615,0.94175,0.94775,0.97875,0.33325,0.86925,0.4715,0.654,0.64925,0.973,0.817,0.80175,0.8515,0.6645,0.58025,0.8395,0.86625,0.8885,0.8435,0.85275,0.95975,0.857,0.89175
160,0.2,0.7946233952299078,0.7889085011482239,0.14686892704760773,0.20124220514297486,0.20912164354324342,0.1936750738544667,0.2,0.9204977205459107,0.8947568383622677,0.9585866255963102,0.9739741644960769,0.9294262921556513,0.9867021276595744,0.9960106382978723,0.9966755319148937,0.9973404255319149,0.9726443772620343,0.9493731006662897,0.9526025830431187,0.964095744680851,0.3504939212443981,0.8725303956802856,0.44823328294652576,0.6501709730067151,0.6709726440145615,0.9633358666237365,0.8140197573824132,0.8153495446164557,0.84375,0.6582446808510638,0.5936550149258147,0.8427051673544214,0.8653115503331448,0.8882978723404256,0.8239931616377323,0.8538183886954125,0.9413943772620343,0.8334916411562169,0.8761398170856719,0.8995,0.86925,0.96275,0.9875,0.9035,0.987,0.99375,0.99175,0.99375,0.96375,0.9395,0.94525,0.97675,0.33325,0.87275,0.4665,0.65475,0.65525,0.96975,0.8255,0.801,0.8535,0.6725,0.59225,0.84525,0.86275,0.8885,0.86075,0.855,0.97025,0.85525,0.89125
165,0.2,0.7983523429708278,0.7867005386352539,0.12602975837727812,0.23157624781131744,0.21695482325553894,0.18652407951811525,0.2,0.9294262921556513,0.910904255319149,0.9786284198152259,0.9793882978723404,0.9425341943477062,0.9867021276595744,0.9946808510638298,0.9905965049216088,0.9933510638297872,0.9707446808510638,0.9472834341069485,0.9553571432194812,0.9640007602407578,0.3503039514130734,0.875,0.44576367799271926,0.6511208212122004,0.6647986325811832,0.9659954410918216,0.8064209730067151,0.8094604865033576,0.8314019758650597,0.6687879942833109,0.6001139815817488,0.8503039517301194,0.8696808510638298,0.8873480241349403,0.8366261403611366,0.8652165658930515,0.9451937688157913,0.834726443950166,0.8792743162905916,0.90175,0.878,0.96425,0.98875,0.91175,0.9915,0.99225,0.9965,0.994,0.9555,0.9425,0.94075,0.979,0.33325,0.8845,0.47125,0.65425,0.65375,0.97675,0.8175,0.8015,0.849,0.706,0.57625,0.84275,0.86775,0.8885,0.87825,0.8545,0.95825,0.85625,0.8915
170,0.2,0.8021443727168631,0.7877910995483398,0.12250406501141001,0.2247473281621933,0.2147165904045105,0.1827853185699341,0.2,0.9272416411562169,0.9028305474748003,0.9853723404255319,0.9780585106382979,0.9447188453471407,0.9913563829787234,0.9919262921556513,0.9960106382978723,0.9960106382978723,0.9711246198796212,0.9583016722760302,0.95298252333986,0.9640007602407578,0.3503039514130734,0.8781344979367358,0.4473784194981798,0.6474164128303528,0.6700227958090762,0.9634308510638298,0.8095554709434509,0.7965425531914894,0.8412803956802856,0.6678381460778257,0.6004939206103062,0.8455547107026932,0.8635068383622677,0.886683130517919,0.8585676297228387,0.855718085106383,0.9660904255319149,0.8412803956802856,0.8795592708790556,0.89425,0.8785,0.965,0.98575,0.9135,0.99125,0.99425,0.99625,0.99275,0.959,0.9435,0.94625,0.97925,0.33325,0.8875,0.46875,0.65075,0.6535,0.9695,0.81825,0.8005,0.85275,0.704,0.58775,0.8435,0.86675,0.8885,0.87475,0.85525,0.9755,0.858,0.891
175,0.2,0.801967665236047,0.7919738564491272,0.1308111236133474,0.20252163606882095,0.20692524635791779,0.1845880962432699,0.2,0.9280015192133315,0.9007408809154591,0.9686550155599066,0.9840425531914894,0.952697568751396,0.9800531914893617,0.9933510638297872,0.9913563829787234,0.992686170212766,0.9706496964109704,0.96172112480123,0.95326747666014,0.9738791787877996,0.35068389075867673,0.8782294836450131,0.45383738583706795,0.6460866255963102,0.6743920978079451,0.9745440724048209,0.8181990879647275,0.8140197573824132,0.8392857148292217,0.6782864738017955,0.5949848021598573,0.852773556049834,0.865976443950166,0.886968085106383,0.8520136779927193,0.8553381460778257,0.9706496964109704,0.8400455928863363,0.8861132213409911,0.8995,0.881,0.96575,0.9875,0.90425,0.9935,0.99275,0.99575,0.9945,0.95875,0.94975,0.94775,0.98275,0.33325,0.882,0.472,0.6535,0.6635,0.97575,0.82275,0.8055,0.85275,0.709,0.58225,0.846,0.86625,0.8885,0.8835,0.85625,0.9865,0.859,0.8915
180,0.2,0.8047889851509257,0.7940929760932922,0.12892542985525537,0.21356584733724593,0.20743879330158232,0.18195390162315775,0.2,0.9205927049860041,0.8959916411562169,0.9799582070492684,0.9827127659574468,0.9413943772620343,0.9886968085106383,0.9940159574468085,0.9900265957446809,0.9940159574468085,0.9772986325811832,0.961436170212766,0.9546922496024598,0.964665653857779,0.35068389075867673,0.897226443950166,0.4579217326133809,0.6461816113045875,0.6760068383622677,0.9813829787234043,0.8219034950783912,0.8150645900279918,0.8460296354395278,0.6818958964753659,0.5929901213087934,0.8419452892973068,0.8680661092413232,0.8880129177519616,0.8581876894260975,0.8672112467441153,0.9692249234686506,0.8368161092413232,0.8827887532558847,0.899,0.883,0.962,0.989,0.908,0.99075,0.99425,0.9985,0.9935,0.96025,0.94825,0.94775,0.98,0.33325,0.8985,0.46725,0.65675,0.66425,0.97325,0.82825,0.8085,0.85325,0.7205,0.575,0.84125,0.86725,0.8885,0.90375,0.85725,0.9845,0.86175,0.892
185,0.2,0.8081642528797718,0.7932500176429749,0.1268499309712268,0.2224229506254196,0.2098845796585083,0.17883858782179812,0.2,0.9275265957446809,0.901880699269315,0.976063829787234,0.980718085106383,0.9433890581130981,0.9933510638297872,0.9960106382978723,0.9900265957446809,0.9932560793896938,0.9726443772620343,0.9640007602407578,0.9572568383622677,0.9800531914893617,0.35163373833007,0.8993161092413232,0.4544072950139959,0.6508358666237365,0.6795212765957447,0.9707446808510638,0.8313069914249663,0.8162044071136637,0.8498290269932849,0.6844604865033576,0.5900455928863363,0.8558130695464763,0.8677811546528593,0.885828268020711,0.8740501517945147,0.8686360184182512,0.9745440724048209,0.8400455928863363,0.8841185404899272,0.90275,0.87475,0.96825,0.9875,0.909,0.99175,0.99375,0.9975,0.99225,0.956,0.95025,0.94625,0.98175,0.33325,0.90925,0.475,0.65125,0.66425,0.97925,0.82675,0.8045,0.8505,0.725,0.57875,0.84525,0.86675,0.8885,0.90475,0.856,0.9895,0.8585,0.892
190,0.2,0.8093524638642656,0.7968985543251038,0.12221536016527643,0.21052713692188263,0.20458658814430236,0.17696110365238596,0.2,0.933985561766523,0.9115691489361702,0.9714095744680851,0.9773936170212766,0.9460486325811832,0.9920212765957447,0.9906914893617021,1.0,0.9966755319148937,0.9765387532558847,0.9514627659574468,0.9533624623684173,0.9793882978723404,0.3505889056844914,0.9194528879003322,0.44139437662794234,0.648081306447374,0.68047112480123,0.9718844979367358,0.8302621575112038,0.8075607900923871,0.8416603347088428,0.691869300730685,0.5975493915537571,0.8520136779927193,0.8686360184182512,0.8871580552547536,0.8819338907586768,0.8694908809154591,0.9792933134322471,0.8452697573824132,0.8853533432838765,0.9,0.8835,0.96575,0.98525,0.9075,0.99225,0.993,0.9985,0.994,0.9595,0.94825,0.9475,0.98275,0.33325,0.9215,0.4715,0.65525,0.66975,0.9695,0.83725,0.8015,0.85625,0.72475,0.58325,0.845,0.86625,0.8885,0.90625,0.85675,0.9875,0.8605,0.89175
195,0.2,0.8100021557605013,0.7971787362098693,0.12374602044199376,0.21170569598674774,0.20459815406799317,0.17674748282483282,0.2,0.922302431248604,0.9067249234686506,0.980718085106383,0.9840425531914894,0.9484232524608044,0.9865121575112038,0.9946808510638298,0.992686170212766,0.995345744680851,0.9747340425531915,0.9493731006662897,0.9553571432194812,0.9787234042553191,0.35106382978723405,0.9153685404899272,0.45345744680851063,0.6493161092413232,0.68047112480123,0.9739741644960769,0.8306420978079451,0.8140197573824132,0.8459346509994344,0.703552431248604,0.5890007602407578,0.8529635261982045,0.8686360184182512,0.8873480241349403,0.8824088142273274,0.8678761403611366,0.9820478723404256,0.8451747716741359,0.8794642851707783,0.90475,0.887,0.96975,0.98675,0.9025,0.99325,0.9945,0.99725,0.9925,0.965,0.9525,0.94875,0.98325,0.33325,0.92375,0.4725,0.658,0.67125,0.977,0.83225,0.805,0.858,0.72575,0.586,0.846,0.867,0.8885,0.9015,0.85775,0.99125,0.85975,0.89175
200,0.2,0.8101382940373523,0.7985649704933167,0.12333267522936171,0.22006781822443008,0.20516159164905548,0.17655590398514526,0.2,0.9260068383622677,0.9158434652267619,0.980718085106383,0.9812879942833109,0.9420592708790556,0.992686170212766,0.9952507602407578,0.9960106382978723,0.9946808510638298,0.9725493915537571,0.9560220368365024,0.9572568383622677,0.9753039517301194,0.35087386027295536,0.9208776595744681,0.4519376900601894,0.6532104865033576,0.6808510638297872,0.9805281149580124,0.8174392099076129,0.82123860146137,0.847834346142221,0.6992781149580124,0.5886208212122004,0.8465995446164557,0.870630699269315,0.8886778113689828,0.8891527361058175,0.86797112480123,0.9846124623684173,0.8379559275951791,0.8766147418225065,0.90025,0.8775,0.968,0.9885,0.90525,0.9935,0.99325,0.99775,0.99275,0.9635,0.951,0.95075,0.9845,0.33325,0.92025,0.47375,0.657,0.678,0.9765,0.83275,0.8045,0.855,0.72575,0.58625,0.8465,0.86725,0.8885,0.90975,0.8585,0.9915,0.85925,0.89175
205,0.2,0.8134643613023961,0.7993755679130554,0.11396815944859322,0.21480188232660294,0.20345992588996886,0.17202214706451335,0.2,0.933985561766523,0.9067249234686506,0.9792933134322471,0.9820478723404256,0.9520326751343747,0.988601824070545,0.9960106382978723,0.9973404255319149,0.9952507602407578,0.9780585106382979,0.9553571432194812,0.9565919447452464,0.9767287234042553,0.3505889056844914,0.9246770511282251,0.4531724922200467,0.6478913375671874,0.6905395134966424,0.9738791787877996,0.8431800908230721,0.8100303956802856,0.843465045411536,0.7034574468085106,0.6079977205459107,0.8594224922200466,0.8728153490005656,0.8865881460778257,0.8687310028583446,0.8652165658930515,0.9846124623684173,0.8455547107026932,0.8847834341069485,0.9035,0.886,0.9655,0.98925,0.91525,0.99175,0.9945,0.999,0.994,0.96175,0.948,0.94925,0.98175,0.33325,0.942,0.47375,0.6575,0.684,0.978,0.84325,0.808,0.85825,0.731,0.58825,0.84675,0.867,0.8885,0.90625,0.857,0.992,0.8645,0.89225
210,0.2,0.8127402358866752,0.798601948261261,0.13005868353425187,0.22225381219387055,0.20556920766830444,0.17581955105700392,0.2,0.9308510638297872,0.9100493915537571,0.9719794836450131,0.9893617021276596,0.9547872340425532,0.988031914893617,0.9940159574468085,0.9886968085106383,0.9973404255319149,0.9714095744680851,0.9626709730067151,0.9587765957446809,0.9753989361702128,0.3505889056844914,0.9427241644960769,0.45573708224803844,0.648081306447374,0.6851253801203788,0.9779635261982045,0.8455547107026932,0.8142097262625999,0.8486892099076129,0.7053571432194812,0.5967895134966424,0.8561930085750337,0.8699658056522938,0.8871580552547536,0.8933320666881318,0.8754749234686506,0.9793882978723404,0.8293123105739025,0.8821238596388634,0.90225,0.891,0.967,0.98525,0.909,0.9935,0.99275,0.9905,0.995,0.9565,0.945,0.946,0.98325,0.33325,0.95475,0.471,0.66025,0.68525,0.97775,0.849,0.805,0.859,0.7335,0.584,0.8455,0.869,0.8885,0.9005,0.8595,0.99125,0.8685,0.89125
215,0.2,0.8144156007056541,0.800067388534546,0.11852318056403323,0.22913544279336928,0.20577318131923675,0.17217215863948174,0.2,0.933985561766523,0.914703646872906,0.983947568751396,0.9847074468085106,0.9492781149580124,0.9906914893617021,0.9966755319148937,0.9920212765957447,0.9920212765957447,0.977203646872906,0.9565919447452464,0.9533624623684173,0.9753989361702128,0.3504939212443981,0.9254369304535237,0.45383738583706795,0.6513107900923871,0.6886398170856719,0.9785334341069485,0.848119300730685,0.8187689971416554,0.8452697573824132,0.7007028879003322,0.6006838907586768,0.8540083588437831,0.8701557745324805,0.886683130517919,0.8874430085750337,0.865976443950166,0.9853723404255319,0.8493541035246341,0.8848784198152259,0.90325,0.88025,0.9695,0.99075,0.91125,0.99225,0.9945,0.999,0.99375,0.96425,0.94925,0.953,0.9865,0.33325,0.9395,0.4755,0.66025,0.684,0.98725,0.84375,0.80625,0.86075,0.73225,0.5815,0.84275,0.86825,0.8885,0.90375,0.86025,0.993,0.85875,0.892
220,0.2,0.8171527537893741,0.8004110946655273,0.11351825384066459,0.23067576372623444,0.2058062813282013,0.16898144876703303,0.2,0.9315159574468085,0.9140387532558847,0.9746390581130981,0.988601824070545,0.957351824070545,0.9960106382978723,0.9973404255319149,0.9960106382978723,0.9946808510638298,0.9767287234042553,0.9531724922200466,0.9539323702771613,0.9827127659574468,0.35068389075867673,0.9473784198152259,0.4541223404255319,0.6520706681495018,0.6912993915537571,0.9813829787234043,0.8495440724048209,0.8140197573824132,0.8501139815817488,0.7056420978079451,0.586436170212766,0.8547682369008978,0.8646466567161235,0.8873480241349403,0.8979863220072807,0.8649316113045875,0.9853723404255319,0.8373860184182512,0.8839285716097406,0.90325,0.87775,0.97,0.9885,0.91475,0.99325,0.99475,0.99775,0.99325,0.96225,0.9415,0.952,0.98375,0.33325,0.964,0.4755,0.66075,0.68475,0.9865,0.85325,0.80475,0.85925,0.73425,0.58025,0.84525,0.86925,0.8885,0.9065,0.85825,0.99275,0.86275,0.89275
225,0.2,0.8163380153635715,0.8036478180885315,0.12232589927759577,0.21825652104616164,0.2007330551147461,0.17139477108387238,0.2,0.92876139853863,0.9044452892973068,0.9765387532558847,0.9827127659574468,0.952697568751396,0.9906914893617021,0.995345744680851,0.9973404255319149,0.9973404255319149,0.9772986325811832,0.960581306447374,0.9585866255963102,0.9746390581130981,0.35068389075867673,0.9581117021276596,0.4587765957446808,0.6532104865033576,0.6901595744680851,0.9840425531914894,0.8537234042553191,0.8032864738017955,0.851348784375698,0.7045972638941825,0.5993541035246341,0.8531534950783912,0.8652165658930515,0.8870630695464763,0.8787993915537571,0.870630699269315,0.9859422496024598,0.8442249234686506,0.8841185404899272,0.89375,0.87725,0.9685,0.988,0.91275,0.9965,0.995,0.997,0.99375,0.968,0.9515,0.95175,0.9855,0.33325,0.971,0.469,0.6605,0.68525,0.985,0.853,0.80375,0.86325,0.7295,0.582,0.84775,0.8685,0.8885,0.90975,0.86,0.99225,0.86425,0.89225
230,0.2,0.8192734223731021,0.8009043455123901,0.11631627103432696,0.2373292316198349,0.20674237418174743,0.16784451997026484,0.2,0.92876139853863,0.9160334341069485,0.9832826751343747,0.9793882978723404,0.9487082070492684,0.9940159574468085,0.995345744680851,0.9938259872984379,0.9993351063829787,0.973404255319149,0.9566869304535237,0.9533624623684173,0.9853723404255319,0.35096884471304873,0.9554521276595744,0.453552431248604,0.6494110936814166,0.6924392099076129,0.9746390581130981,0.85951747666014,0.8298822184826465,0.8496390581130981,0.7096314595100728,0.589665653857779,0.8584726440145615,0.867401215624302,0.8870630695464763,0.8861132213409911,0.8699658056522938,0.992686170212766,0.8404255319148937,0.8809840425531915,0.90325,0.88975,0.96875,0.9885,0.91375,0.994,0.995,0.9915,0.995,0.9645,0.95125,0.95325,0.98875,0.33325,0.975,0.48075,0.661,0.687,0.984,0.85725,0.805,0.8585,0.73125,0.582,0.8455,0.86925,0.8885,0.9105,0.858,0.99175,0.869,0.89275
235,0.2,0.8189419038752292,0.8038737487792968,0.11357870103513941,0.22805517482757567,0.20251204073429108,0.16756222064190723,0.2,0.9413943772620343,0.914133738964162,0.9799582070492684,0.9832826751343747,0.9479483277239698,0.9933510638297872,0.9966755319148937,0.9946808510638298,0.9980053191489362,0.9773936170212766,0.957351824070545,0.9540273559854385,0.9833776595744681,0.3502089666559341,0.9426291787877996,0.4502279631634976,0.6488411857726726,0.6923442254675195,0.9773936170212766,0.8560980241349403,0.8148746198796212,0.8572378424887962,0.7122910339781579,0.5885258355039231,0.8660714283902594,0.8627469603051531,0.8882978723404256,0.8845934652267619,0.8687310028583446,0.988601824070545,0.843465045411536,0.8787044071136637,0.90075,0.88325,0.96775,0.98925,0.9135,0.99475,0.995,0.99925,0.99475,0.96575,0.9515,0.953,0.98775,0.33325,0.9675,0.47875,0.66275,0.6845,0.98425,0.86275,0.80525,0.86025,0.73125,0.5795,0.847,0.869,0.8885,0.91325,0.85775,0.99225,0.8675,0.89225
240,0.2,0.8207916985166833,0.803941125869751,0.11253975807352269,0.23222375148534774,0.20329185318946838,0.16587459502067972,0.2,0.9323708212122004,0.9102393617021277,0.980718085106383,0.9812879942833109,0.9519376894260975,0.9946808510638298,0.9973404255319149,0.9980053191489362,0.9973404255319149,0.9753989361702128,0.9593465049216088,0.9546922496024598,0.9772986325811832,0.3505889056844914,0.9613411857726726,0.44813829787234044,0.6528305474748003,0.6844604865033576,0.9840425531914894,0.8577127659574468,0.8186740127015621,0.85077887519877,0.7148556227379657,0.5960296354395278,0.8535334341069485,0.8700607900923871,0.8874430085750337,0.8880129177519616,0.870630699269315,0.9906914893617021,0.8410904255319149,0.8854483277239698,0.90525,0.8835,0.971,0.99,0.91425,0.99375,0.99475,0.9985,0.99525,0.966,0.95025,0.95125,0.988,0.33325,0.97375,0.479,0.66225,0.68725,0.985,0.87675,0.80525,0.8595,0.733,0.5815,0.85025,0.869,0.8885,0.91075,0.86,0.9905,0.86325,0.8925
245,0.2,0.8232181706327073,0.805051881313324,0.10843985028406407,0.23360762989521028,0.2026800252199173,0.16311343743446025,0.2,0.933130699269315,0.9158434652267619,0.9811930085750337,0.9900265957446809,0.9593465049216088,0.9906914893617021,0.995345744680851,0.9940159574468085,0.995345744680851,0.9747340425531915,0.9580167176875662,0.9592515192133315,0.9853723404255319,0.3502089666559341,0.9613411857726726,0.4526025836772107,0.6515007602407578,0.6914893617021277,0.9827127659574468,0.870630699269315,0.8217135261982045,0.8486892099076129,0.7089665658930515,0.5952697573824132,0.8548632213409911,0.8678761403611366,0.886683130517919,0.89076747666014,0.8693958964753659,0.99126139853863,0.8470744680851063,0.8865881460778257,0.9035,0.88225,0.96925,0.99125,0.9165,0.992,0.9945,0.9965,0.995,0.96625,0.9535,0.953,0.986,0.33325,0.9685,0.47825,0.6605,0.68575,0.98375,0.875,0.8065,0.86125,0.73075,0.5865,0.8485,0.86775,0.8885,0.91575,0.857,0.9925,0.86825,0.8935
250,0.2,0.8228890008114754,0.8069912409782409,0.1097601832861596,0.2298635890483856,0.2003797287940979,0.1636408396223758,0.2,0.9327507602407578,0.9181231006662897,0.9812879942833109,0.9899316113045875,0.952697568751396,0.9905965049216088,0.9946808510638298,0.9960106382978723,0.9980053191489362,0.9745440724048209,0.9613411857726726,0.9560220368365024,0.9840425531914894,0.3505889056844914,0.945383738964162,0.45725683899635966,0.6531155020632642,0.6908244680851063,0.9866071432194812,0.8677811546528593,0.8159194525251997,0.8541033432838765,0.7107712765957447,0.5885258355039231,0.8638867786590089,0.8693958964753659,0.8873480241349403,0.8959916411562169,0.8692059275951791,0.988031914893617,0.8354863220072807,0.8853533432838765,0.90225,0.8795,0.9725,0.98925,0.91575,0.99425,0.9945,0.99775,0.99575,0.968,0.95275,0.95375,0.98725,0.33325,0.9625,0.48175,0.66375,0.689,0.9865,0.87775,0.8085,0.86525,0.731,0.58375,0.849,0.86825,0.8885,0.917,0.85725,0.9925,0.86825,0.8935
255,0.2,0.8242932405877621,0.807689651966095,0.10760143002931108,0.22882054877281188,0.1996123926639557,0.16208569705486298,0.2,0.9375,0.9225873858370679,0.9778685404899272,0.9925911857726726,0.9612462000643953,0.9932560793896938,0.9952507602407578,0.9873670212765957,0.9960106382978723,0.9779635261982045,0.9667553191489362,0.9554521276595744,0.9859422496024598,0.3504939212443981,0.9634308510638298,0.46295592696108717,0.64922112480123,0.6934840425531915,0.9812879942833109,0.8681610936814166,0.8141147418225065,0.8456496964109704,0.7120060793896938,0.5957446808510638,0.8655965049216088,0.8673062311842087,0.8867781149580124,0.8906724922200466,0.8723404255319149,0.9933510638297872,0.8381458964753659,0.8860182369008978,0.90375,0.8785,0.9695,0.99025,0.9155,0.993,0.995,0.9985,0.995,0.9645,0.95225,0.9515,0.99025,0.33325,0.97125,0.48175,0.66,0.68825,0.988,0.881,0.80775,0.86175,0.7325,0.582,0.84725,0.8685,0.8885,0.91875,0.85825,0.99375,0.86375,0.89325
260,0.2,0.8252186356706822,0.8081239819526672,0.10601974262836132,0.22723323184251784,0.1989474651813507,0.1610290433498139,0.2,0.9433890581130981,0.9219224922200466,0.9787234042553191,0.9866071432194812,0.964095744680851,0.9940159574468085,0.9966755319148937,0.992686170212766,0.9986702127659575,0.9739741644960769,0.9621010638297872,0.957921731979289,0.9847074468085106,0.3505889056844914,0.9654255319148937,0.46808510638297873,0.6466565347732381,0.6932940724048209,0.980718085106383,0.8688259872984379,0.8113601829143281,0.8466945290565491,0.7112462000643953,0.5909004553835443,0.870630699269315,0.8685410339781579,0.8873480241349403,0.895421731979289,0.8693009120352725,0.9933510638297872,0.8579027361058175,0.8815539517301194,0.9005,0.889,0.97,0.99075,0.9115,0.99525,0.99475,0.99925,0.995,0.96575,0.95275,0.95175,0.9895,0.33325,0.977,0.483,0.66125,0.6865,0.98675,0.876,0.8115,0.85925,0.7335,0.58175,0.84825,0.8695,0.8885,0.922,0.8585,0.99325,0.866,0.8935
265,0.2,0.8258319433699263,0.8061610059738159,0.11642024388655703,0.23169937407970428,0.20141107296943664,0.16261849631654454,0.2,0.9480433134322471,0.9279065347732381,0.9798632213409911,0.9886968085106383,0.9559270511282251,0.995345744680851,0.9940159574468085,0.9913563829787234,0.9973404255319149,0.9733092708790556,0.9659954410918216,0.9581117021276596,0.9827127659574468,0.3512537999356047,0.9680851063829787,0.4615311546528593,0.6529255319148937,0.6883548637653919,0.9827127659574468,0.8733852581774935,0.8183890581130981,0.8505889063185834,0.7064019758650597,0.5842515192133315,0.8632218850419876,0.8677811546528593,0.8883928567805188,0.8981762921556513,0.8698708212122004,0.9960106382978723,0.8474544071136637,0.8827887532558847,0.90775,0.89425,0.96625,0.98975,0.91325,0.99425,0.993,0.9985,0.9955,0.9655,0.95375,0.953,0.98975,0.33325,0.9775,0.487,0.66125,0.6855,0.9855,0.873,0.8085,0.86125,0.73475,0.582,0.848,0.8695,0.8885,0.92225,0.858,0.9945,0.86425,0.89275
270,0.2,0.8267786845247797,0.8058022885322571,0.1100831259279809,0.23535559123754501,0.20242929100990295,0.16059368056185702,0.2,0.9407294836450131,0.9238221886310172,0.9787234042553191,0.9899316113045875,0.9539323702771613,0.9933510638297872,0.9973404255319149,0.995345744680851,0.9993351063829787,0.9732142851707783,0.9586816113045875,0.9560220368365024,0.9850873858370679,0.3504939212443981,0.9678951362346081,0.45459726452827454,0.6495060793896938,0.6866451368687001,0.9812879942833109,0.8798442254675195,0.8240881460778257,0.848119300730685,0.7065919447452464,0.5974544071136637,0.8607522794540893,0.8719604865033576,0.8873480241349403,0.8844034950783912,0.870630699269315,0.9946808510638298,0.8451747716741359,0.8846884496668552,0.89975,0.8835,0.972,0.992,0.91175,0.995,0.99475,0.99875,0.9945,0.96625,0.95475,0.9525,0.9895,0.33325,0.979,0.48225,0.66125,0.68875,0.99025,0.88,0.8085,0.86,0.7325,0.583,0.8505,0.8695,0.8885,0.91425,0.85875,0.995,0.86525,0.893
275,0.2,0.8285891882916714,0.8094538364410401,0.10370834187624302,0.23791565662622452,0.2000200662612915,0.1578703208806667,0.2,0.9320858666237365,0.9299962000643953,0.9847074468085106,0.9866071432194812,0.9520326751343747,0.9933510638297872,0.9993351063829787,0.9986702127659575,0.9973404255319149,0.9759688453471407,0.96001139853863,0.9613411857726726,0.9832826751343747,0.3503989361702128,0.9726443772620343,0.46105623118420863,0.6560600298516294,0.6935790269932849,0.9865121575112038,0.8731952892973068,0.8322568383622677,0.8621770511282251,0.7141907291209444,0.5945098780571146,0.866831306447374,0.8702507602407578,0.8878229488717749,0.8914323702771613,0.8758548637653919,0.992686170212766,0.8374810028583446,0.8852583588437831,0.9025,0.888,0.97025,0.988,0.91225,0.99575,0.99475,0.9985,0.996,0.96625,0.954,0.9535,0.98925,0.33325,0.98175,0.48,0.6625,0.688,0.987,0.8805,0.81675,0.86425,0.73475,0.584,0.85225,0.87075,0.8885,0.917,0.86,0.99275,0.8685,0.89325
280,0.2,0.8275966365286644,0.8092476119995117,0.1070542057302404,0.22651476448774338,0.19790486681461333,0.159333532794993,0.2,0.9438639815817488,0.9213525830431187,0.9826177815173535,0.9886968085106383,0.9647606382978723,0.9900265957446809,0.9986702127659575,0.9940159574468085,0.9960106382978723,0.9787234042553191,0.9659954410918216,0.9560220368365024,0.9860372340425532,0.35068389075867673,0.980718085106383,0.4545022794540892,0.6534954410918216,0.6952887532558847,0.9853723404255319,0.8740501517945147,0.8184840425531915,0.8493541035246341,0.7145706681495018,0.5987841943477062,0.8700607900923871,0.8702507602407578,0.8875379942833109,0.8906724922200466,0.870630699269315,0.9893617021276596,0.8497340425531915,0.8842135261982045,0.899,0.8885,0.967,0.9905,0.915,0.99625,0.99475,0.998,0.9945,0.96825,0.95025,0.95225,0.988,0.33325,0.98425,0.48025,0.6595,0.68775,0.98975,0.8735,0.8195,0.8575,0.7365,0.57975,0.851,0.86975,0.8885,0.91725,0.8585,0.99575,0.86675,0.89325
285,0.2,0.8302800896319937,0.809808253288269,0.10724213315134352,0.22603281635046005,0.19735996425151825,0.15722435665257434,0.2,0.9480433134322471,0.929331306447374,0.9832826751343747,0.9886968085106383,0.9520326751343747,0.9960106382978723,0.9966755319148937,0.9913563829787234,0.9986702127659575,0.9779635261982045,0.9674202127659575,0.9561170212765957,0.9826177815173535,0.351348784375698,0.9800531914893617,0.4553571425853892,0.6501709730067151,0.692154255319149,0.9873670212765957,0.8740501517945147,0.8289323702771613,0.8560030396948469,0.7124810028583446,0.5840615503331448,0.8723404255319149,0.8651215801847741,0.8872530396948469,0.8971314595100728,0.874715045411536,0.9893617021276596,0.855433130517919,0.8826937688157913,0.905,0.88525,0.97325,0.9915,0.9155,0.996,0.99475,0.998,0.99525,0.96825,0.95275,0.95125,0.9895,0.33325,0.978,0.48325,0.66225,0.6875,0.9905,0.8765,0.8135,0.8635,0.734,0.5815,0.8475,0.8685,0.8885,0.92025,0.85925,0.995,0.86825,0.89275
290,0.2,0.8312728316225904,0.8084230341911316,0.10156969230701314,0.24176566040515898,0.2016147084236145,0.15529567510523695,0.2,0.9391147418225065,0.930186170212766,0.9850873858370679,0.9886968085106383,0.9574468085106383,0.9940159574468085,0.9980053191489362,0.9973404255319149,0.9986702127659575,0.9793882978723404,0.9645706681495018,0.9598214283902594,0.988601824070545,0.3512537999356047,0.9719794836450131,0.45801671705347424,0.6508358666237365,0.6972834341069485,0.9832826751343747,0.8726253801203788,0.8234232524608044,0.851918693552626,0.7178001517945147,0.5902355624006149,0.8708206681495018,0.8661664128303528,0.8871580552547536,0.8920972638941825,0.8677811546528593,0.9960106382978723,0.85077887519877,0.8881079021920549,0.905,0.88175,0.97375,0.99325,0.92,0.9965,0.99375,0.9975,0.99625,0.96725,0.95175,0.95425,0.9905,0.33325,0.98075,0.4825,0.662,0.6865,0.99025,0.88475,0.81375,0.865,0.73425,0.57825,0.84825,0.86975,0.8885,0.91875,0.8585,0.99375,0.8685,0.89325
295,0.2,0.8327511181222632,0.8099501514434815,0.09807457481610014,0.22891435116529465,0.1978227528333664,0.15341402289081127,0.2,0.9447188453471407,0.9225873858370679,0.983947568751396,0.9886968085106383,0.965235561766523,0.9952507602407578,0.9966755319148937,0.9940159574468085,0.9986702127659575,0.9840425531914894,0.9654255319148937,0.9607712765957447,0.9913563829787234,0.3507788751987701,0.977203646872906,0.46020136805290873,0.6525455928863363,0.6895896652911572,0.9860372340425532,0.8841185404899272,0.8276025830431187,0.8452697573824132,0.714665653857779,0.5908054709434509,0.8699658056522938,0.86797112480123,0.8870630695464763,0.8947568383622677,0.8708206681495018,0.995345744680851,0.8465995446164557,0.8879179333118682,0.905,0.892,0.9665,0.98975,0.91225,0.99225,0.99475,0.99675,0.9965,0.96775,0.95375,0.95125,0.99,0.33325,0.97875,0.47925,0.65925,0.6885,0.99,0.88275,0.82075,0.86,0.73,0.58575,0.85125,0.86825,0.8885,0.9175,0.85975,0.9955,0.865,0.893
300,0.2,0.8327222707423758,0.8082743163108825,0.09968960784534191,0.2475205416083336,0.2028846607208252,0.15376010854193506,0.2,0.9512727958090762,0.9265767475391956,0.9833776595744681,0.9906914893617021,0.9667553191489362,0.992686170212766,0.9993351063829787,0.995345744680851,0.9993351063829787,0.9778685404899272,0.960581306447374,0.9539323702771613,0.9900265957446809,0.3502089666559341,0.9752089660218421,0.45459726452827454,0.6532104865033576,0.6944338907586768,0.99126139853863,0.8807940724048209,0.8236132213409911,0.8549582070492684,0.7144756837094084,0.5911854099720082,0.8735752283258641,0.8686360184182512,0.8872530396948469,0.8878229488717749,0.8722454410918216,0.9946808510638298,0.8476443772620343,0.8795592708790556,0.89625,0.8855,0.9715,0.992,0.91675,0.99325,0.995,0.9995,0.99575,0.96675,0.953,0.95225,0.99075,0.33325,0.983,0.4795,0.6615,0.68725,0.99025,0.883,0.82525,0.8645,0.735,0.5775,0.8485,0.869,0.8885,0.91975,0.859,0.996,0.8675,0.893
305,0.2,0.8336704703087502,0.8108605904579163,0.09831842677073276,0.23801102834939958,0.19891373777389526,0.15272731127891134,0.2,0.9501329787234043,0.9173632213409911,0.9773936170212766,0.9920212765957447,0.9626709730067151,0.9933510638297872,0.9966755319148937,0.9986702127659575,0.9986702127659575,0.9753039517301194,0.9654255319148937,0.957351824070545,0.9893617021276596,0.3504939212443981,0.9847074468085106,0.4517477205459108,0.6474164128303528,0.6937689971416554,0.9853723404255319,0.88202887519877,0.8312120057166891,0.8508738596388634,0.7127659574468085,0.5898556227379657,0.8802241644960769,0.8687310028583446,0.8872530396948469,0.902165653857779,0.8711056227379657,0.9946808510638298,0.851918693552626,0.8874430085750337,0.90675,0.89275,0.97325,0.99325,0.91425,0.9955,0.9945,0.99525,0.996,0.96875,0.953,0.953,0.99075,0.33325,0.9825,0.48225,0.66325,0.6865,0.99075,0.88425,0.82475,0.862,0.7335,0.5815,0.8505,0.87,0.8885,0.922,0.86075,0.9965,0.868,0.8935
310,0.2,0.8349298720664167,0.8140611882209778,0.0958763209587716,0.21880502104759217,0.19251205813884736,0.15123136975663773,0.2,0.9500379942833109,0.9226823702771613,0.983947568751396,0.9886968085106383,0.9639057745324805,0.992686170212766,0.9973404255319149,0.9986702127659575,0.9986702127659575,0.976063829787234,0.9700797872340425,0.9586816113045875,0.9893617021276596,0.3503039514130734,0.9832826751343747,0.46219604890397253,0.6497910339781579,0.6909194525251997,0.9879369304535237,0.8812689971416554,0.8254179333118682,0.8495440724048209,0.7209346509994344,0.5918503035890296,0.8767097262625999,0.8699658056522938,0.8875379942833109,0.9005509120352725,0.8732902737374001,0.995345744680851,0.8556231006662897,0.8886778113689828,0.90425,0.89175,0.96975,0.99225,0.91475,0.996,0.99525,0.99875,0.99625,0.97025,0.95325,0.955,0.991,0.33325,0.98275,0.48075,0.66425,0.69,0.9915,0.8865,0.81425,0.86825,0.733,0.5835,0.85275,0.87,0.8885,0.92025,0.85775,0.994,0.872,0.89375
315,0.2,0.8364564142328628,0.8146937828063965,0.09864870664921213,0.23780912804603577,0.19580680346488952,0.15056461286037526,0.2,0.9514627659574468,0.9221124623684173,0.988031914893617,0.9900265957446809,0.9700797872340425,0.9980053191489362,0.9980053191489362,0.9973404255319149,0.9980053191489362,0.9799582070492684,0.9700797872340425,0.9627659574468085,0.9886968085106383,0.3502089666559341,0.9833776595744681,0.4518427049860041,0.6588145893938998,0.6879749234686506,0.9847074468085106,0.8777545589081784,0.8374810028583446,0.854578268020711,0.722264438233477,0.5908054709434509,0.8868731006662897,0.8669262921556513,0.8873480241349403,0.89922112480123,0.8734802426175868,0.9966755319148937,0.8529635261982045,0.8905775077799534,0.9025,0.89075,0.9725,0.991,0.908,0.9945,0.99475,0.9985,0.99625,0.971,0.952,0.955,0.99125,0.33325,0.98525,0.479,0.66375,0.6885,0.991,0.88275,0.823,0.8625,0.7335,0.58325,0.85225,0.8695,0.8885,0.9185,0.86025,0.995,0.871,0.89375
320,0.2,0.8357796022232543,0.8143159165382385,0.09622382253725478,0.23721807062625885,0.19599088549613952,0.15062108509084013,0.2,0.9541223404255319,0.9319908809154591,0.9873670212765957,0.9873670212765957,0.9518427049860041,0.9913563829787234,0.9980053191489362,0.9946808510638298,0.9993351063829787,0.9812879942833109,0.9674202127659575,0.9613411857726726,0.9872720368365024,0.3507788751987701,0.9812879942833109,0.45611702127659576,0.6539703645604722,0.6870250765313494,0.9906914893617021,0.8808890581130981,0.8343465049216088,0.8506838907586768,0.7159004553835443,0.5928951362346081,0.8833586624328126,0.8660714283902594,0.8872530396948469,0.8919072950139959,0.870630699269315,0.9972454410918216,0.8606572950139959,0.8885828269288895,0.9005,0.8845,0.96975,0.99,0.91525,0.9965,0.9945,0.99725,0.99625,0.97025,0.9495,0.95425,0.9905,0.33325,0.984,0.479,0.66425,0.6895,0.98825,0.884,0.8245,0.8675,0.732,0.5855,0.851,0.87,0.8885,0.918,0.85775,0.99575,0.86925,0.8935
325,0.2,0.8372515592169254,0.812338412284851,0.09867791149844514,0.24371218395233155,0.19887171232700349,0.1499343378112671,0.2,0.9527925531914894,0.9275265957446809,0.9853723404255319,0.995345744680851,0.9634308510638298,0.995345744680851,0.9973404255319149,0.9946808510638298,0.9993351063829787,0.9787234042553191,0.9699848027939492,0.9593465049216088,0.9920212765957447,0.3502089666559341,0.9813829787234043,0.4620060787556019,0.6535904255319149,0.6939589660218421,0.9893617021276596,0.8861132213409911,0.8321618539221743,0.8456496964109704,0.7165653490005656,0.589380699269315,0.8812689971416554,0.8672112467441153,0.8873480241349403,0.8933320666881318,0.8693009120352725,0.995345744680851,0.8571428567805188,0.8856382978723404,0.905,0.89125,0.96975,0.99125,0.90975,0.99775,0.994,0.9985,0.99625,0.9665,0.954,0.95375,0.99175,0.33325,0.987,0.48375,0.66175,0.68825,0.992,0.886,0.81575,0.86325,0.73475,0.57775,0.8485,0.8705,0.8885,0.92275,0.86025,0.99575,0.86825,0.89375
330,0.2,0.8367081157704617,0.8126777586936951,0.09435832143781032,0.25052596735954286,0.19996299040317536,0.14950517327227492,0.2,0.9560220368365024,0.9227773559854385,0.9810030396948469,0.9946808510638298,0.9626709730067151,0.9906914893617021,0.9993351063829787,0.9946808510638298,1.0,0.9787234042553191,0.9672302426175868,0.9620060793896938,0.9913563829787234,0.3504939212443981,0.9832826751343747,0.4597264439501661,0.6545402737374001,0.6936740127015621,0.9906914893617021,0.8876329787234043,0.820668693552626,0.8485942254675195,0.7142857148292217,0.597264438233477,0.884023556049834,0.8647416411562169,0.8874430085750337,0.8973214283902594,0.8749050155599066,0.9920212765957447,0.8526785716097406,0.8895326751343747,0.90625,0.8845,0.97275,0.99175,0.9155,0.99675,0.995,0.99925,0.99575,0.96625,0.95275,0.953,0.9905,0.33325,0.98625,0.47975,0.66275,0.68725,0.99125,0.887,0.8175,0.866,0.737,0.5805,0.84775,0.87075,0.8885,0.92275,0.85925,0.995,0.87,0.893
335,0.2,0.8363356070315584,0.8162972927093506,0.0949760157060116,0.23844023323059083,0.1946502174139023,0.1499267191962993,0.2,0.9458586624328126,0.928476443950166,0.9833776595744681,0.9873670212765957,0.9654255319148937,0.9945858666237365,0.9973404255319149,0.9960106382978723,0.9993351063829787,0.9772986325811832,0.9674202127659575,0.9593465049216088,0.9899316113045875,0.35106382978723405,0.9893617021276596,0.4640957446808511,0.652165653857779,0.691869300730685,0.9905965049216088,0.8881079021920549,0.8158244680851063,0.8591375376315827,0.7125759872984379,0.5888107900923871,0.8740501517945147,0.8672112467441153,0.8873480241349403,0.8971314595100728,0.879369300730685,0.9960106382978723,0.8466945290565491,0.8896276595744681,0.90375,0.87575,0.97225,0.99275,0.9185,0.9955,0.995,0.99925,0.99575,0.969,0.95275,0.9545,0.99075,0.33325,0.98875,0.48275,0.6635,0.68875,0.991,0.8855,0.8185,0.86725,0.73575,0.5815,0.85075,0.86975,0.8885,0.9235,0.85675,0.996,0.8675,0.8935
340,0.2,0.836841602274712,0.8141893663406372,0.09657327735677679,0.24810590821504594,0.19826969230175018,0.14984137739272826,0.2,0.9545972638941825,0.926671731979289,0.9873670212765957,0.992686170212766,0.9612462000643953,0.9966755319148937,0.9973404255319149,0.9966755319148937,1.0,0.9800531914893617,0.9680851063829787,0.9606762921556513,0.9900265957446809,0.3507788751987701,0.9900265957446809,0.4644756837094084,0.6524506084462429,0.6905395134966424,0.988031914893617,0.8768996964109704,0.8242781149580124,0.8503989361702128,0.718465045411536,0.5989741644960769,0.8812689971416554,0.8693009120352725,0.8881079021920549,0.898651215624302,0.8734802426175868,0.995345744680851,0.8457446808510638,0.8890577503975402,0.9035,0.889,0.9725,0.994,0.91775,0.99675,0.994,0.9965,0.99575,0.9695,0.95475,0.95525,0.992,0.33325,0.98725,0.4845,0.6625,0.68875,0.9925,0.888,0.82,0.86725,0.736,0.5855,0.85175,0.8695,0.8885,0.92075,0.8565,0.996,0.867,0.89325
345,0.2,0.8404495411730827,0.8164557051658631,0.08715237415534385,0.24059459972381592,0.19495436012744904,0.14507084434970896,0.2,0.9552621575112038,0.9380699091769279,0.9906914893617021,0.9906914893617021,0.9586816113045875,0.9986702127659575,0.9993351063829787,0.9973404255319149,0.9993351063829787,0.9787234042553191,0.9685600298516294,0.9613411857726726,0.9860372340425532,0.3512537999356047,0.9873670212765957,0.45991641346444473,0.6530205163549869,0.6934840425531915,0.9900265957446809,0.8915273559854385,0.8261778113689828,0.8486892099076129,0.7156155020632642,0.5906155020632642,0.8838335871696472,0.8677811546528593,0.8870630695464763,0.9066299390285573,0.8726253801203788,0.9973404255319149,0.8378609418869019,0.8849734042553191,0.90525,0.88525,0.97375,0.992,0.91425,0.995,0.99475,0.99925,0.996,0.971,0.95125,0.95225,0.99075,0.33325,0.98775,0.48075,0.66325,0.68925,0.99025,0.888,0.82375,0.86675,0.7365,0.5805,0.852,0.86975,0.8885,0.92075,0.85975,0.99575,0.86275,0.89325
350,0.2,0.8376752645411389,0.8153562593460083,0.09775952265617695,0.22857545095682144,0.19343008685112,0.14941169606878402,0.2,0.9501329787234043,0.9272416411562169,0.9780585106382979,0.9892667176875662,0.9607712765957447,0.9940159574468085,0.9980053191489362,0.9965805474748003,0.9993351063829787,0.9773936170212766,0.9654255319148937,0.960581306447374,0.9900265957446809,0.3504939212443981,0.9900265957446809,0.456781914893617,0.6604293318504982,0.6928191489361702,0.988031914893617,0.8908624623684173,0.8313069914249663,0.8549582070492684,0.714665653857779,0.5912803956802856,0.8868731006662897,0.8687310028583446,0.8874430085750337,0.89048252333986,0.8779445290565491,0.9993351063829787,0.8521086624328126,0.8859232524608044,0.9085,0.89,0.97375,0.99275,0.91825,0.99625,0.99475,0.99875,0.9955,0.96975,0.95325,0.95575,0.99275,0.33325,0.98975,0.48675,0.66375,0.68825,0.9925,0.88825,0.826,0.861,0.73675,0.578,0.85025,0.8695,0.8885,0.921,0.85725,0.99625,0.86525,0.894
355,0.2,0.8400056767970958,0.8122571568489074,0.09332577028173081,0.24324205046892167,0.19884268939495087,0.14666061452094545,0.2,0.9546922496024598,0.929331306447374,0.9867021276595744,0.9966755319148937,0.9625759872984379,0.995345744680851,0.9980053191489362,0.9980053191489362,0.9986702127659575,0.9806231006662897,0.9697948326455786,0.9599164128303528,0.9900265957446809,0.3502089666559341,0.992686170212766,0.4565919447452464,0.6523556227379657,0.6927241644960769,0.9945858666237365,0.8872530396948469,0.840235561766523,0.8518237078443487,0.7241641333762635,0.5826367786590089,0.8875379942833109,0.8660714283902594,0.8874430085750337,0.9000759872984379,0.874715045411536,0.9973404255319149,0.8465995446164557,0.8879179333118682,0.9095,0.89075,0.973,0.9945,0.91475,0.9975,0.9935,0.9965,0.9965,0.9695,0.95325,0.95425,0.99125,0.33325,0.987,0.48125,0.66325,0.6885,0.99325,0.8875,0.8245,0.866,0.73575,0.582,0.85075,0.87,0.8885,0.9175,0.86075,0.99525,0.8655,0.8935
360,0.2,0.8388016490226097,0.8111823749542236,0.09646542592251554,0.25087193775177,0.20122849190235137,0.1482517681223281,0.2,0.9613411857726726,0.9280965049216088,0.9832826751343747,0.9946808510638298,0.9686550155599066,0.9932560793896938,0.9960106382978723,0.9946808510638298,0.9980053191489362,0.9812879942833109,0.9693199091769279,0.9627659574468085,0.9920212765957447,0.3505889056844914,0.9852773559854385,0.46134118513858063,0.6560600298516294,0.6940539517301194,0.9872720368365024,0.8877279631634976,0.835866261035838,0.852203646872906,0.7194148936170213,0.586436170212766,0.8882028879003322,0.8686360184182512,0.8874430085750337,0.8938069914249663,0.8726253801203788,0.9946808510638298,0.8462196043197144,0.8846884496668552,0.909,0.90775,0.97175,0.994,0.92125,0.9905,0.99525,0.99925,0.99575,0.973,0.9525,0.955,0.99225,0.33325,0.9865,0.4805,0.66325,0.69,0.992,0.88975,0.8245,0.862,0.73475,0.58275,0.854,0.86925,0.8885,0.92175,0.8585,0.99475,0.8655,0.893
365,0.2,0.8367822829713213,0.813403748512268,0.1066983184440339,0.2431123993396759,0.19789948534965515,0.15191384040294809,0.2,0.9552621575112038,0.929901215624302,0.9860372340425532,0.9919262921556513,0.9619110936814166,0.9946808510638298,0.9973404255319149,0.9966755319148937,0.9993351063829787,0.9780585106382979,0.9626709730067151,0.9613411857726726,0.9920212765957447,0.3507788751987701,0.980718085106383,0.4616261403611366,0.6591945290565491,0.6893047107026932,0.9892667176875662,0.8847834341069485,0.8360562311842087,0.8479293318504982,0.7167553191489362,0.586436170212766,0.8899126141629321,0.8719604865033576,0.8874430085750337,0.9014057745324805,0.8712006084462429,0.995345744680851,0.8526785716097406,0.8886778113689828,0.908,0.89475,0.9735,0.99275,0.92125,0.99775,0.99475,0.99875,0.99575,0.9665,0.95275,0.9545,0.99325,0.33325,0.9895,0.482,0.6635,0.6875,0.992,0.8905,0.81825,0.8655,0.73975,0.577,0.85275,0.8705,0.8885,0.924,0.8595,0.99525,0.86475,0.8935
370,0.2,0.8382565062096778,0.8175593571662902,0.10051531519027466,0.2272288408279419,0.19139828646183013,0.14949786028963455,0.2,0.9606762921556513,0.9361702127659575,0.9819528879003322,0.9860372340425532,0.9601063829787234,0.9966755319148937,0.995345744680851,0.9960106382978723,0.9973404255319149,0.9846124623684173,0.9654255319148937,0.9592515192133315,0.9913563829787234,0.3504939212443981,0.988031914893617,0.46048632200728074,0.6567249234686506,0.6895896652911572,0.9866071432194812,0.8872530396948469,0.8384308510638298,0.8532484807866685,0.7154255319148937,0.5854863220072807,0.8934270511282251,0.8656914893617021,0.8875379942833109,0.902735561766523,0.8768996964109704,0.995345744680851,0.8471694525251997,0.8861132213409911,0.90225,0.883,0.97375,0.991,0.92125,0.9975,0.99475,0.999,0.99625,0.9715,0.954,0.9535,0.99375,0.33325,0.98725,0.48025,0.6635,0.68875,0.9915,0.8905,0.82375,0.8635,0.736,0.581,0.854,0.8695,0.8885,0.922,0.85825,0.99625,0.86575,0.893
375,0.2,0.84201354802923,0.8167136626243592,0.08671651499227007,0.24337745720148088,0.1953045654296875,0.14373246691328415,0.2,0.9626709730067151,0.9365501517945147,0.9846124623684173,0.9913563829787234,0.9699848027939492,0.9966755319148937,0.9986702127659575,0.9960106382978723,0.9986702127659575,0.9791983277239698,0.9667553191489362,0.9580167176875662,0.992686170212766,0.34992401206747015,0.9940159574468085,0.46162613972704464,0.6555851063829787,0.6933890581130981,0.9893617021276596,0.886683130517919,0.8345364738017955,0.8490691489361702,0.7206496964109704,0.584726443950166,0.8965615503331448,0.8718655020632642,0.8871580552547536,0.9087196043197144,0.8721504553835443,0.9986702127659575,0.848119300730685,0.8886778113689828,0.905,0.89175,0.97575,0.99225,0.91375,0.99575,0.9945,0.99925,0.996,0.9705,0.954,0.95375,0.9925,0.33325,0.9895,0.477,0.6635,0.689,0.99175,0.88825,0.826,0.8635,0.737,0.58125,0.85075,0.8705,0.8885,0.92,0.85625,0.9965,0.8675,0.8935
380,0.2,0.8405643841053577,0.8151905941963196,0.0939241107949551,0.2408529310822487,0.19601811420917511,0.14633331844147215,0.2,0.9574468085106383,0.9300911857726726,0.9893617021276596,0.9892667176875662,0.9692249234686506,0.9980053191489362,0.995345744680851,0.9966755319148937,0.9980053191489362,0.980718085106383,0.9693199091769279,0.964665653857779,0.992686170212766,0.3504939212443981,0.9925911857726726,0.4517477205459108,0.6508358659896445,0.6912044071136637,0.9893617021276596,0.882883738964162,0.8352013674188168,0.8499240127015621,0.7262537999356047,0.5908054709434509,0.8960866255963102,0.866831306447374,0.8874430085750337,0.906534954588464,0.8693958964753659,0.9966755319148937,0.8555281149580124,0.8874430085750337,0.908,0.88525,0.97175,0.99125,0.91725,0.9965,0.99475,0.99925,0.99575,0.96825,0.953,0.95225,0.993,0.33325,0.989,0.477,0.6625,0.6885,0.99125,0.88875,0.81975,0.86725,0.73725,0.58075,0.8525,0.86925,0.8885,0.92375,0.8595,0.99675,0.86725,0.89325
385,0.2,0.8418151977214408,0.8148660368919373,0.09251006787761729,0.24304895734786988,0.19671696591377258,0.14504985717382837,0.2,0.9625759872984379,0.9353153490005656,0.9840425531914894,0.9913563829787234,0.9613411857726726,0.9986702127659575,0.9966755319148937,0.9993351063829787,1.0,0.9778685404899272,0.9622910339781579,0.9645706681495018,0.9933510638297872,0.35068389075867673,0.9973404255319149,0.45583206668813175,0.6534954410918216,0.6906344979367358,0.9866071432194812,0.8934270511282251,0.8448898170856719,0.8512537999356047,0.7179901219428854,0.594319908542836,0.8913373858370679,0.8687310028583446,0.8874430085750337,0.9084346509994344,0.8725303956802856,0.9986702127659575,0.8446048637653919,0.883168693552626,0.90875,0.8875,0.97325,0.99125,0.92125,0.99625,0.995,0.99925,0.995,0.96825,0.9525,0.95375,0.99175,0.33325,0.9905,0.477,0.66325,0.68775,0.991,0.88775,0.82425,0.86675,0.738,0.5775,0.85225,0.87025,0.8885,0.92675,0.86,0.99575,0.868,0.89325
390,0.2,0.8421021902814825,0.8162738742828369,0.09680403634271723,0.24359330213069916,0.19569956505298614,0.14567905791262362,0.2,0.9620060793896938,0.9280015192133315,0.988031914893617,0.9946808510638298,0.9719794836450131,0.992686170212766,0.9980053191489362,0.9960106382978723,1.0,0.9853723404255319,0.9679901219428854,0.9620060793896938,0.9906914893617021,0.35087386027295536,0.9867021276595744,0.4461436170212766,0.6554901219428854,0.6949088142273274,0.9913563829787234,0.8875379942833109,0.8366261403611366,0.8458396652911572,0.7172302426175868,0.5907104865033576,0.8926671730711105,0.8653115503331448,0.8872530396948469,0.8969414893617021,0.865976443950166,0.9966755319148937,0.8514437688157913,0.884023556049834,0.90675,0.888,0.97625,0.9915,0.91925,0.998,0.995,0.99875,0.99625,0.96975,0.95325,0.95425,0.9925,0.33325,0.988,0.476,0.6635,0.689,0.992,0.89225,0.829,0.86075,0.73625,0.5885,0.85525,0.87025,0.8885,0.9165,0.85675,0.997,0.866,0.89325
395,0.2,0.8441895614279077,0.8154557394981384,0.08459186205204497,0.25999402898550034,0.1996342190504074,0.14156672675558862,0.2,0.957351824070545,0.9373100298516294,0.9886968085106383,0.9986702127659575,0.9692249234686506,0.995345744680851,0.9993351063829787,0.995345744680851,0.9986702127659575,0.977773556049834,0.9699848027939492,0.9604863220072807,0.9913563829787234,0.3507788751987701,0.992686170212766,0.4526025836772107,0.6560600298516294,0.6895896652911572,0.9920212765957447,0.8926671730711105,0.8291223404255319,0.8487841943477062,0.7164703645604722,0.5884308510638298,0.8968465049216088,0.8698708212122004,0.8873480241349403,0.8959916411562169,0.8758548637653919,0.9980053191489362,0.8503989361702128,0.8864931616377323,0.903,0.88975,0.9755,0.99125,0.91725,0.998,0.99475,0.99625,0.9965,0.969,0.955,0.95375,0.99225,0.33325,0.98875,0.4745,0.6635,0.688,0.9885,0.89025,0.82125,0.86175,0.7395,0.5815,0.8535,0.8695,0.8885,0.91875,0.86,0.9965,0.8695,0.8935
400,0.2,0.8420137775705215,0.8122643489837647,0.09579743500402634,0.275506063580513,0.20528973746299745,0.14554846746490357,0.2,0.9580167176875662,0.9247720368365024,0.9900265957446809,0.9913563829787234,0.9625759872984379,0.9973404255319149,0.9980053191489362,0.9966755319148937,0.9980053191489362,0.9800531914893617,0.9745440724048209,0.9599164128303528,0.988601824070545,0.3504939212443981,0.9860372340425532,0.4546922489683679,0.6556800908230721,0.6916793318504982,0.9939209730067151,0.8893427049860041,0.832351824070545,0.8584726440145615,0.7160904255319149,0.5944148936170213,0.8887727958090762,0.8673062311842087,0.8875379942833109,0.901880699269315,0.8732902737374001,0.9946808510638298,0.8585676297228387,0.8880129177519616,0.9075,0.8875,0.9705,0.99075,0.9195,0.99725,0.9955,0.99825,0.99525,0.971,0.95375,0.9545,0.99275,0.33325,0.989,0.4825,0.66375,0.68875,0.99175,0.88775,0.816,0.86575,0.73675,0.5785,0.8555,0.87025,0.8885,0.9205,0.8585,0.9965,0.86575,0.893
405,0.2,0.8459434648777576,0.814475754737854,0.08204755076068512,0.26966535359621047,0.20235247123241423,0.13965474164232294,0.2,0.9667553191489362,0.9384498482054853,0.988601824070545,0.9933510638297872,0.9746390581130981,0.9986702127659575,0.9993351063829787,0.9993351063829787,1.0,0.9820478723404256,0.9634308510638298,0.9639057745324805,0.9933510638297872,0.3507788751987701,0.9898366255963102,0.4519376900601894,0.6523556227379657,0.6914893617021277,0.9886968085106383,0.8886778113689828,0.83672112480123,0.8496390581130981,0.7173252283258641,0.594034954588464,0.8974164128303528,0.8697758355039231,0.8873480241349403,0.9025455928863363,0.8692059275951791,0.9986702127659575,0.8512537999356047,0.89076747666014,0.90675,0.8835,0.97475,0.9915,0.92025,0.99675,0.995,0.99925,0.99675,0.97075,0.9545,0.9545,0.99125,0.33325,0.98775,0.47475,0.66375,0.689,0.9905,0.89025,0.822,0.87275,0.73775,0.58425,0.85475,0.87,0.8885,0.9245,0.85925,0.997,0.86675,0.89325
410,0.2,0.8431732400934747,0.816256070137024,0.09282494439406598,0.24439374494552613,0.1958738968372345,0.14402640040250533,0.2,0.9621010638297872,0.9351253801203788,0.9826177815173535,0.9952507602407578,0.9714095744680851,0.995345744680851,0.9946808510638298,0.9973404255319149,0.9993351063829787,0.976063829787234,0.9674202127659575,0.9621010638297872,0.9920212765957447,0.351348784375698,0.9872720368365024,0.45355243188269595,0.6534004553835443,0.6927241644960769,0.988601824070545,0.8928571432194812,0.8432750765313494,0.8543882978723404,0.7202697573824132,0.5903305474748003,0.9112841943477062,0.8628419447452464,0.8872530396948469,0.9023556227379657,0.8720554709434509,0.9980053191489362,0.8498290269932849,0.8880129177519616,0.90925,0.895,0.97375,0.9925,0.919,0.9965,0.99475,0.99975,0.99675,0.96975,0.954,0.955,0.9925,0.33325,0.9885,0.474,0.66375,0.68725,0.99275,0.89175,0.82675,0.8675,0.737,0.58225,0.8605,0.87025,0.8885,0.92125,0.85875,0.9975,0.86575,0.89325
415,0.2,0.8445804423474251,0.8168089323043823,0.09029282375853112,0.253473120033741,0.1972474831342697,0.14239421249070067,0.2,0.964665653857779,0.9433890581130981,0.9913563829787234,0.9952507602407578,0.9640007602407578,0.9933510638297872,0.9980053191489362,0.9973404255319149,0.9960106382978723,0.9806231006662897,0.9719794836450131,0.9632408809154591,0.988031914893617,0.3507788751987701,0.988031914893617,0.4495630701805683,0.6570098780571146,0.6930091190845409,0.9892667176875662,0.8826937688157913,0.8428001517945147,0.8529635261982045,0.7226443772620343,0.5891907291209444,0.9005509120352725,0.8768047107026932,0.8876329787234043,0.8987462000643953,0.8732902737374001,0.9966755319148937,0.8479293318504982,0.8906724922200466,0.90575,0.89875,0.9725,0.99275,0.91375,0.99775,0.99425,0.99925,0.99725,0.97075,0.955,0.9545,0.99225,0.33325,0.987,0.474,0.663,0.68925,0.9925,0.89,0.819,0.867,0.734,0.5815,0.85725,0.8705,0.8885,0.9205,0.85975,0.997,0.86325,0.8935
420,0.2,0.8445413848187061,0.8151942615509034,0.09372896384051506,0.2697528159022331,0.20179515898227693,0.1431126871958692,0.2,0.9674202127659575,0.937215045411536,0.9860372340425532,0.9906914893617021,0.9680851063829787,0.9913563829787234,0.9986702127659575,0.9960106382978723,0.9986702127659575,0.9779635261982045,0.9738791787877996,0.9639057745324805,0.9932560793896938,0.35068389075867673,0.992686170212766,0.45592705176231707,0.6569148936170213,0.6933890581130981,0.9925911857726726,0.8928571432194812,0.8493541035246341,0.85077887519877,0.7206496964109704,0.587006078755602,0.9074848027939492,0.866546353127094,0.8874430085750337,0.8988411857726726,0.875284954588464,0.9986702127659575,0.8574278113689828,0.8893427049860041,0.908,0.90175,0.97225,0.99325,0.91875,0.997,0.994,0.999,0.99625,0.9685,0.955,0.9555,0.993,0.33325,0.987,0.47975,0.6635,0.68875,0.99225,0.891,0.821,0.864,0.73525,0.582,0.85525,0.87,0.8885,0.92075,0.8585,0.99675,0.86525,0.89325
425,0.2,0.8459294387634765,0.8167581233978272,0.08355296236720491,0.25662299191951754,0.1979181033372879,0.13996704350760641,0.2,0.9585866255963102,0.9359802426175868,0.9920212765957447,0.9900265957446809,0.9694148936170213,0.9966755319148937,0.9986702127659575,0.9946808510638298,0.9993351063829787,0.9860372340425532,0.9747340425531915,0.9680851063829787,0.9933510638297872,0.3515387538899767,0.9906914893617021,0.4564969603051531,0.656534954588464,0.6919642851707783,0.9879369304535237,0.8887727958090762,0.8399506084462429,0.8453647418225065,0.7133358666237365,0.5862462006984873,0.8998860184182512,0.8708206681495018,0.8873480241349403,0.8979863220072807,0.8718655020632642,0.9986702127659575,0.8567629177519616,0.8867781149580124,0.907,0.891,0.9745,0.9925,0.9225,0.997,0.99525,1.0,0.9965,0.96875,0.953,0.955,0.9925,0.33325,0.99025,0.4745,0.66325,0.68875,0.9925,0.892,0.8265,0.86525,0.7365,0.57775,0.85475,0.87,0.8885,0.91925,0.8585,0.9965,0.867,0.89275
430,0.2,0.8454799842327199,0.816970500946045,0.08710374072828192,0.25291379338502884,0.19700636196136476,0.1410367615679477,0.2,0.9620060793896938,0.933415653857779,0.9833776595744681,0.992686170212766,0.9739741644960769,0.9972454410918216,0.9973404255319149,0.9960106382978723,0.9986702127659575,0.9811930085750337,0.9680851063829787,0.9626709730067151,0.9906914893617021,0.3504939212443981,0.9913563829787234,0.45041793331186825,0.652165653857779,0.6923442254675195,0.99126139853863,0.8871580552547536,0.83672112480123,0.8563829787234043,0.7219794836450131,0.5831117021276596,0.8966565347732381,0.8693009120352725,0.8871580552547536,0.906534954588464,0.8774696043197144,0.9979103347088428,0.8528685404899272,0.8920972638941825,0.9095,0.8825,0.97375,0.992,0.91925,0.99775,0.99575,0.99975,0.99625,0.9655,0.954,0.95475,0.99275,0.33325,0.9895,0.4705,0.66275,0.6875,0.991,0.88975,0.8245,0.8685,0.738,0.577,0.8575,0.869,0.8885,0.92725,0.856,0.99625,0.86675,0.8935
435,0.2,0.8450817300918254,0.8192229771614075,0.09080482516041462,0.24888086020946504,0.1943977930545807,0.1420955851357034,0.2,0.9566869304535237,0.9314209730067151,0.9939209730067151,0.9913563829787234,0.9686550155599066,0.9952507602407578,0.9966755319148937,0.9973404255319149,0.9980053191489362,0.9785334341069485,0.9759688453471407,0.9625759872984379,0.99126139853863,0.3504939212443981,0.9913563829787234,0.45070288726624025,0.6561550155599066,0.6931990879647275,0.9900265957446809,0.8920022794540893,0.8444148936170213,0.8494490879647275,0.722264438233477,0.5857712765957447,0.9069148936170213,0.8682560793896938,0.8873480241349403,0.8920022794540893,0.8766147418225065,0.995345744680851,0.8611322184826465,0.8920022794540893,0.908,0.89725,0.9745,0.99225,0.91825,0.9965,0.995,0.99975,0.9965,0.968,0.95375,0.95475,0.9925,0.33325,0.98925,0.46925,0.6635,0.689,0.9915,0.89125,0.8235,0.866,0.7375,0.5795,0.857,0.86925,0.8885,0.9235,0.8595,0.99775,0.867,0.893
440,0.2,0.8459894048406723,0.8152626118659974,0.08682301307612277,0.2646080203652382,0.2007115204334259,0.14057308086689482,0.2,0.9598214283902594,0.9224924013969746,0.9913563829787234,0.9946808510638298,0.9772986325811832,0.9946808510638298,0.9960106382978723,0.9960106382978723,0.9986702127659575,0.9838525830431187,0.9660904255319149,0.9627659574468085,0.9913563829787234,0.35087386027295536,0.9960106382978723,0.45146276595744683,0.6569148936170213,0.6912044071136637,0.9946808510638298,0.8926671730711105,0.8379559275951791,0.8480243162905916,0.7243541035246341,0.586151215624302,0.9043503035890296,0.8693009120352725,0.8870630695464763,0.89922112480123,0.8754749234686506,0.9993351063829787,0.8502089660218421,0.8906724922200466,0.91,0.8965,0.974,0.99225,0.92325,0.9965,0.995,0.99875,0.99725,0.969,0.955,0.956,0.993,0.33325,0.9895,0.47325,0.6635,0.6885,0.992,0.89475,0.8085,0.86375,0.73975,0.5805,0.857,0.86925,0.8885,0.92125,0.8585,0.9975,0.86675,0.89325
445,0.2,0.8463317447520317,0.818623324394226,0.08671653881034952,0.24403036391735078,0.19390741777420045,0.14027791391027736,0.2,0.9593465049216088,0.9338905773264297,0.9852773559854385,0.9945858666237365,0.9767287234042553,0.9973404255319149,0.9966755319148937,0.9946808510638298,0.9993351063829787,0.9827127659574468,0.9737841943477062,0.9625759872984379,0.9913563829787234,0.35106382978723405,0.9920212765957447,0.45022796379758956,0.6608092708790556,0.6923442254675195,0.9899316113045875,0.89751139853863,0.8343465049216088,0.8532484807866685,0.719034954588464,0.5897606382978723,0.9094794836450131,0.8651215801847741,0.8872530396948469,0.9000759872984379,0.8778495446164557,0.9980053191489362,0.8494490879647275,0.8899126141629321,0.9115,0.8815,0.97075,0.992,0.92275,0.9965,0.9955,0.999,0.99675,0.9695,0.95525,0.956,0.99275,0.33325,0.988,0.47,0.6635,0.68875,0.99225,0.89175,0.82625,0.869,0.7365,0.583,0.8585,0.8695,0.8885,0.9195,0.858,0.9975,0.86375,0.89325
450,0.2,0.8467658352344594,0.8186541113853455,0.08800108873463691,0.2605804936289787,0.1971928141117096,0.14018755200061392,0.2,0.964665653857779,0.9344604865033576,0.9940159574468085,0.9925911857726726,0.9626709730067151,0.9960106382978723,0.9973404255319149,0.9986702127659575,0.9980053191489362,0.9820478723404256,0.9739741644960769,0.9632408809154591,0.988601824070545,0.35087386027295536,0.9933510638297872,0.44329407303891283,0.6498860184182512,0.6905395134966424,0.9866071432194812,0.8912424013969746,0.8452697573824132,0.8540083588437831,0.7256838907586768,0.5895706681495018,0.902735561766523,0.8720554709434509,0.8872530396948469,0.9079597262625999,0.8731952892973068,0.9973404255319149,0.8469794836450131,0.8871580552547536,0.9085,0.8865,0.97675,0.99175,0.92125,0.9965,0.99575,0.9995,0.99675,0.97225,0.95425,0.95575,0.992,0.33325,0.9885,0.4655,0.66375,0.6895,0.99275,0.89025,0.8185,0.867,0.73775,0.58075,0.85975,0.869,0.8885,0.91975,0.85875,0.9965,0.8665,0.89275
455,0.2,0.8460804021104853,0.8117968053817749,0.0907898078414988,0.3001610436439514,0.21059477007389069,0.14129364284429144,0.2,0.964095744680851,0.9352203645604722,0.9840425531914894,0.9960106382978723,0.9700797872340425,0.9966755319148937,0.9980053191489362,0.9960106382978723,0.9986702127659575,0.9785334341069485,0.9713145900279918,0.9640007602407578,0.9920212765957447,0.351348784375698,0.9933510638297872,0.456781914893617,0.6553001517945147,0.6932940724048209,0.9900265957446809,0.8864931616377323,0.847834346142221,0.8536284198152259,0.7240691489361702,0.5921352581774935,0.902735561766523,0.8666413375671874,0.886968085106383,0.8960866255963102,0.8737651972060508,0.9973404255319149,0.8500189971416554,0.8880129177519616,0.908,0.891,0.97225,0.99325,0.9215,0.99675,0.99475,0.9995,0.99725,0.9705,0.9555,0.955,0.99275,0.33325,0.98675,0.46725,0.6635,0.689,0.9925,0.8905,0.80725,0.8595,0.7375,0.5855,0.85575,0.8695,0.8885,0.91175,0.85775,0.9975,0.86825,0.8935
460,0.2,0.8467910074173136,0.8191021652221679,0.08796152987695754,0.2536143251657486,0.19544113743305205,0.14015950183285045,0.2,0.9679901219428854,0.928476443950166,0.980718085106383,0.9906914893617021,0.9685600298516294,0.9973404255319149,0.9986702127659575,0.9952507602407578,0.9985752283258641,0.9827127659574468,0.9718844979367358,0.9640007602407578,0.9940159574468085,0.35096884471304873,0.992686170212766,0.44443389075867673,0.6571048637653919,0.6939589666559342,0.9893617021276596,0.8919072950139959,0.8405205163549869,0.8504939206103062,0.7197948326455786,0.5860562311842087,0.901880699269315,0.866831306447374,0.8873480241349403,0.9068199091769279,0.8745250765313494,0.9960106382978723,0.8525835871696472,0.8916223404255319,0.90925,0.89475,0.972,0.9925,0.91775,0.99625,0.99475,0.99025,0.99575,0.97025,0.955,0.956,0.99375,0.33325,0.98875,0.46975,0.6635,0.68875,0.99225,0.891,0.818,0.86575,0.737,0.57775,0.85375,0.87,0.8885,0.921,0.85775,0.9965,0.86575,0.89275
465,0.2,0.8482005241069388,0.8172064304351807,0.08387563670886324,0.2460535035729408,0.19544556045532227,0.13821470864275667,0.2,0.9654255319148937,0.9393996964109704,0.9878419447452464,0.9933510638297872,0.9720744680851063,0.9972454410918216,0.9980053191489362,0.9973404255319149,0.9980053191489362,0.9840425531914894,0.973404255319149,0.9634308510638298,0.992686170212766,0.35087386027295536,0.9893617021276596,0.4466185411240192,0.6545402737374001,0.6904445290565491,0.9899316113045875,0.8940919447452464,0.8459346509994344,0.852773556049834,0.7310980241349403,0.5909004553835443,0.902165653857779,0.8688259872984379,0.8871580552547536,0.8995060793896938,0.8779445290565491,0.9980053191489362,0.8499240127015621,0.8890577503975402,0.909,0.8905,0.97575,0.9915,0.92125,0.999,0.9955,0.99825,0.9965,0.97375,0.95475,0.95625,0.99375,0.33325,0.988,0.46875,0.66325,0.69025,0.993,0.89375,0.8125,0.86075,0.7375,0.5825,0.857,0.87,0.8885,0.919,0.859,0.99825,0.865,0.8935
470,0.2,0.8466353974443801,0.8169092888832092,0.08818340547224308,0.2521796252131462,0.1969084975719452,0.1403283660716199,0.2,0.9672302426175868,0.9348404255319149,0.9879369304535237,0.9913563829787234,0.9666603347088428,0.9945858666237365,0.9972454410918216,0.9980053191489362,0.9993351063829787,0.9813829787234043,0.9730243162905916,0.9624810028583446,0.992686170212766,0.3504939212443981,0.9913563829787234,0.44357902699328483,0.6560600298516294,0.6913943772620343,0.9886968085106383,0.8871580552547536,0.8464095744680851,0.8534384496668552,0.7209346509994344,0.5892857148292217,0.906534954588464,0.8635068383622677,0.8873480241349403,0.9044452892973068,0.8759498482054853,0.9986702127659575,0.8525835871696472,0.8874430085750337,0.90775,0.90025,0.977,0.9935,0.91775,0.997,0.99525,0.9985,0.99675,0.96975,0.9555,0.95375,0.992,0.33325,0.9875,0.4625,0.6635,0.689,0.99325,0.89125,0.8175,0.866,0.738,0.58175,0.857,0.87,0.8885,0.9175,0.86125,0.99675,0.868,0.89275
