Epoch,Alpha,hotel_train_accuracy,store_train_accuracy,suburban_train_accuracy,rule_hotel_impl_door_train_accuracy,rule_hotel_impl_window_train_accuracy,rule_hotel_impl_car_train_accuracy,rule_store_impl_vendingmachine_train_accuracy,rule_store_impl_statue_train_accuracy,rule_suburban_impl_pipe_train_accuracy,rule_suburban_impl_chimney_train_accuracy,hotel_val_accuracy,store_val_accuracy,suburban_val_accuracy,rule_hotel_impl_door_val_accuracy,rule_hotel_impl_window_val_accuracy,rule_hotel_impl_car_val_accuracy,rule_store_impl_vendingmachine_val_accuracy,rule_store_impl_statue_val_accuracy,rule_suburban_impl_pipe_val_accuracy,rule_suburban_impl_chimney_val_accuracy
0,0.8,0.5390770435333252,0.5327450037002563,0.5464767813682556,0.9482356905937195,0.8854688405990601,0.8855428695678711,0.9425400495529175,0.9641656279563904,0.9030025601387024,0.8779657483100891,0.55036860704422,0.5508608818054199,0.5561826229095459,0.9323561787605286,0.8621067404747009,0.8622283339500427,0.9330922961235046,0.9304946064949036,0.8655489087104797,0.8340552449226379
1,0.8,0.5439395904541016,0.5434704422950745,0.5476198196411133,0.953859806060791,0.8889601826667786,0.8892142176628113,0.9519702196121216,0.9675315618515015,0.9247497916221619,0.8783332109451294,0.5487053394317627,0.5452035069465637,0.552405595779419,0.9582499265670776,0.8725716471672058,0.8729612231254578,0.9473591446876526,0.966018795967102,0.9246978759765625,0.860511839389801
2,0.8,0.5446093678474426,0.5438186526298523,0.5494587421417236,0.9601613879203796,0.8895540237426758,0.8897571563720703,0.9554770588874817,0.9681906700134277,0.9383049607276917,0.8792466521263123,0.546524703502655,0.5446084141731262,0.5497310757637024,0.9625553488731384,0.8846815824508667,0.8847830891609192,0.9604858160018921,0.9741837978363037,0.9508662223815918,0.8855725526809692
3,0.8,0.5449631810188293,0.5441554188728333,0.5511715412139893,0.9589986801147461,0.8903791904449463,0.890407919883728,0.957271158695221,0.9675242304801941,0.9378986954689026,0.8804012537002563,0.5486223101615906,0.5470123887062073,0.5552664399147034,0.954422116279602,0.8776262402534485,0.8777162432670593,0.9508671760559082,0.9585646390914917,0.935318112373352,0.8628141283988953
4,0.8,0.5462021827697754,0.5445123910903931,0.5535232424736023,0.960426926612854,0.8904166221618652,0.8904748558998108,0.9575251340866089,0.9695565700531006,0.9436464309692383,0.8806437253952026,0.5501209497451782,0.5489682555198669,0.5566684603691101,0.9515910744667053,0.8753052353858948,0.8753640055656433,0.9467945694923401,0.9586164951324463,0.939531147480011,0.8664568066596985
5,0.8,0.5479095578193665,0.5459027290344238,0.5563133358955383,0.9583814740180969,0.8908092379570007,0.8908253908157349,0.9577611088752747,0.9711694717407227,0.950141429901123,0.8821845054626465,0.5492982864379883,0.5455670356750488,0.5587955713272095,0.9599705934524536,0.8904958367347717,0.890449583530426,0.965202271938324,0.973182201385498,0.9524210691452026,0.873619019985199
6,0.8,0.5499905347824097,0.547032356262207,0.5588156580924988,0.9563839435577393,0.8911222219467163,0.8910831809043884,0.9575284719467163,0.9714386463165283,0.9441717267036438,0.8810042142868042,0.5521578192710876,0.5487621426582336,0.5607632994651794,0.959099292755127,0.8910905122756958,0.891113817691803,0.9616912007331848,0.9747833013534546,0.9625076055526733,0.8867716789245605
7,0.8,0.5534196496009827,0.5493725538253784,0.5630261898040771,0.9562329053878784,0.8919861912727356,0.8919098377227783,0.9594311714172363,0.9725682139396667,0.9536430835723877,0.8813031911849976,0.5589911937713623,0.5538942217826843,0.5648117661476135,0.9355983138084412,0.8663461208343506,0.8661786913871765,0.9455052018165588,0.9647291898727417,0.9559844136238098,0.8667760491371155
8,0.8,0.5597403049468994,0.5534635186195374,0.5691646337509155,0.9559825658798218,0.8916574716567993,0.8915103077888489,0.9610076546669006,0.9748026132583618,0.9618706703186035,0.8829866647720337,0.564762532711029,0.5587208271026611,0.5712119936943054,0.9398136734962463,0.892446756362915,0.8712314963340759,0.9497986435890198,0.9635010957717896,0.9590916633605957,0.8601478338241577
9,0.8,0.5711058378219604,0.5614486336708069,0.5789232850074768,0.9554773569107056,0.8917086124420166,0.891331672668457,0.963904857635498,0.9775171875953674,0.9704751968383789,0.8813755512237549,0.5789945721626282,0.56770259141922,0.5835614800453186,0.9499048590660095,0.886896014213562,0.8870238661766052,0.9634328484535217,0.9773620367050171,0.9752746820449829,0.873924195766449
10,0.8,0.5996805429458618,0.581787109375,0.6016342639923096,0.9561110734939575,0.8920860886573792,0.8929473757743835,0.9688342809677124,0.9841688275337219,0.9847103953361511,0.8823757767677307,0.642983078956604,0.6123496890068054,0.6320039629936218,0.9718917012214661,0.9074320197105408,0.9075300693511963,0.9853895902633667,0.9943482279777527,0.9964386820793152,0.8856180310249329
11,0.8,0.6639714241027832,0.6326967477798462,0.6493353843688965,0.9558121562004089,0.8935840725898743,0.8929429054260254,0.9713916182518005,0.9915907382965088,0.9933377504348755,0.8817962408065796,0.6779329180717468,0.655652642250061,0.6697359085083008,0.9541075229644775,0.8721466660499573,0.872192919254303,0.9611495733261108,0.9940489530563354,0.9991298317909241,0.8775175213813782
12,0.8,0.7272124290466309,0.6944329738616943,0.7001878619194031,0.9647412896156311,0.8970314264297485,0.8928911089897156,0.9718499779701233,0.9945432543754578,0.9972957968711853,0.8826442956924438,0.7385503053665161,0.7145379185676575,0.7221243381500244,0.9691085815429688,0.885505735874176,0.8858262896537781,0.9718643426895142,0.9971790909767151,0.9996929168701172,0.885651171207428
13,0.8,0.7503823637962341,0.7237554788589478,0.7202745079994202,0.9702516198158264,0.8931445479393005,0.8932188749313354,0.9724820852279663,0.9947221279144287,0.9956136345863342,0.8824306726455688,0.7357691526412964,0.7149575352668762,0.7099683880805969,0.9658436179161072,0.8816377520561218,0.8818381428718567,0.9674545526504517,0.9943772554397583,0.9986327886581421,0.8747385144233704
14,0.8,0.7601401805877686,0.7378683686256409,0.7279379963874817,0.9716438055038452,0.8944799304008484,0.8934551477432251,0.9728813767433167,0.9937294721603394,0.9941843152046204,0.8817155361175537,0.7339498996734619,0.7152379155158997,0.7008439898490906,0.9609314203262329,0.8770289421081543,0.8776549696922302,0.9630737900733948,0.9902729988098145,0.9964979887008667,0.864807665348053
15,0.8,0.7667379975318909,0.7479010820388794,0.7361082434654236,0.9723038673400879,0.904865562915802,0.8930299878120422,0.9750398993492126,0.9927040338516235,0.9912405610084534,0.8821368217468262,0.7696360945701599,0.7710413932800293,0.7448140382766724,0.9835758209228516,0.9694904685020447,0.889928936958313,0.9812397956848145,0.9951090812683105,0.997032642364502,0.8840412497520447
16,0.8,0.7689021229743958,0.754069447517395,0.740063488483429,0.9754648208618164,0.9557884931564331,0.8915329575538635,0.97725510597229,0.9917573928833008,0.9881231784820557,0.882811963558197,0.7600931525230408,0.7494729161262512,0.7393645644187927,0.9778578281402588,0.9552322626113892,0.8840108513832092,0.977651834487915,0.9910140633583069,0.9949876070022583,0.8784868121147156
17,0.8,0.7700133919715881,0.7561209797859192,0.7414535880088806,0.971362829208374,0.9629464149475098,0.8968814611434937,0.9773836135864258,0.9895589351654053,0.9781155586242676,0.8869867920875549,0.7637919783592224,0.744239866733551,0.7038343548774719,0.9768238663673401,0.9584213495254517,0.8879831433296204,0.9728256464004517,0.9830001592636108,0.9835758805274963,0.8608604669570923
18,0.8,0.7707114815711975,0.7570248246192932,0.7422837615013123,0.9747117161750793,0.9657455682754517,0.8922134637832642,0.9781494736671448,0.9876196980476379,0.9739692211151123,0.8849833607673645,0.7801799178123474,0.7636106610298157,0.7492422461509705,0.9780368804931641,0.9681686162948608,0.8961791396141052,0.9834308624267578,0.9889526963233948,0.9776231050491333,0.8861082196235657
19,0.8,0.7736428380012512,0.760471522808075,0.7437006235122681,0.9705807566642761,0.9685925245285034,0.8933454751968384,0.9788386821746826,0.987006664276123,0.9700690507888794,0.8834436535835266,0.7481791377067566,0.747428834438324,0.7493361830711365,0.9730316400527954,0.9509501457214355,0.8778325915336609,0.9759670495986938,0.9842149019241333,0.9845277070999146,0.8852521181106567
20,0.8,0.7731099724769592,0.7618298530578613,0.7472773194313049,0.9717639088630676,0.9687731266021729,0.8988026976585388,0.9779835343360901,0.9827107787132263,0.969770073890686,0.8892725706100464,0.7726664543151855,0.7595576643943787,0.7286322116851807,0.975021481513977,0.9588944911956787,0.8904173374176025,0.9797347187995911,0.9798359274864197,0.9807511568069458,0.8713613152503967
21,0.8,0.7768306732177734,0.7690848708152771,0.7502005696296692,0.9732431769371033,0.9725469350814819,0.9505308866500854,0.9784361124038696,0.9822933673858643,0.9739263653755188,0.901360273361206,0.7307661175727844,0.7255635857582092,0.6978607773780823,0.9628297090530396,0.9646071195602417,0.9474339485168457,0.9559113383293152,0.9645381569862366,0.9831470251083374,0.8544545769691467
22,0.8,0.777406632900238,0.7702670693397522,0.7522435784339905,0.9732021689414978,0.9717329144477844,0.9656397104263306,0.9794330596923828,0.981812596321106,0.9725296497344971,0.9574723839759827,0.7709528207778931,0.7765573263168335,0.7124964594841003,0.9810639023780823,0.9723583459854126,0.9696868658065796,0.9773997664451599,0.9765620231628418,0.9751297235488892,0.9511789679527283
23,0.8,0.7776088714599609,0.7713096737861633,0.7504639625549316,0.9717805981636047,0.9695206880569458,0.9659439325332642,0.9804364442825317,0.9800691604614258,0.9689795970916748,0.9660677909851074,0.7564082145690918,0.7408878803253174,0.7478967905044556,0.9538896083831787,0.9522704482078552,0.9328481554985046,0.9723682403564453,0.9676283597946167,0.9615499377250671,0.904419481754303
24,0.8,0.7761880159378052,0.7689986228942871,0.7494192719459534,0.968137800693512,0.9699470400810242,0.9665345549583435,0.9754750728607178,0.9779810905456543,0.965525209903717,0.9661203622817993,0.7609308362007141,0.7691779136657715,0.7274405360221863,0.9711323380470276,0.9710062146186829,0.970359742641449,0.9700847268104553,0.9675922393798828,0.9765162467956543,0.9556446671485901
25,0.8,0.7765485644340515,0.7699273824691772,0.7517726421356201,0.9711839556694031,0.970647931098938,0.9686403274536133,0.976285457611084,0.9750553369522095,0.9687060117721558,0.9681708812713623,0.789327085018158,0.7797904014587402,0.7400137186050415,0.9822157621383667,0.9621948003768921,0.9588989019393921,0.982323169708252,0.9722594618797302,0.9692214727401733,0.9534397721290588
26,0.8,0.7772713303565979,0.7695767879486084,0.749760091304779,0.9704642295837402,0.9709333181381226,0.9693366289138794,0.9770830273628235,0.9760897159576416,0.9689017534255981,0.9694010615348816,0.7712454795837402,0.7724661231040955,0.7362798452377319,0.9816364645957947,0.9683854579925537,0.9690017104148865,0.9780406951904297,0.9696599245071411,0.9740138053894043,0.9558771848678589
