Epoch,Alpha,train_sat_kb,test_sat_kb,train_loss,test_loss,alpha,cafe_train_accuracy,statue_train_accuracy,vendingmachine_train_accuracy
0,0.8,0.43868881714344027,0.44109177589416504,0.5560413229465485,0.3547184290885925,0.8,0.764125,0.876125,0.8086875
1,0.8,0.4394930504560471,0.44230717086791993,0.5543173273801804,0.35535236859321595,0.8,0.764125,0.8895,0.8160625
2,0.8,0.43788895559310914,0.4387039542198181,0.5511194632649422,0.3535188789367676,0.8,0.764125,0.889375,0.8163125
3,0.8,0.43733756828308107,0.4342154860496521,0.5503747283816337,0.35142313623428345,0.8,0.764125,0.8895,0.8163125
4,0.8,0.4365655292272568,0.4337730407714844,0.5489024797081947,0.3512274353504181,0.8,0.764125,0.8895,0.8163125
5,0.8,0.43633853530883787,0.42338544750213625,0.548627508342266,0.34716880416870116,0.8,0.764125,0.8895,0.8163125
6,0.8,0.4347617349624634,0.4364588260650635,0.5480656088590622,0.35244506192207337,0.8,0.764125,0.8895,0.8163125
7,0.8,0.43463357305526734,0.44145017862319946,0.547996466755867,0.35490367269515993,0.8,0.764125,0.8895,0.8163125
8,0.8,0.43573282337188723,0.43911325311660765,0.5482892434597015,0.3537201845645905,0.8,0.764125,0.8895,0.8163125
9,0.8,0.43539535069465635,0.4349377121925354,0.5480899792909623,0.35174663209915163,0.8,0.764125,0.8895,0.8163125
10,0.8,0.4356653314828873,0.4258800148963928,0.5481430723071098,0.34805227398872374,0.8,0.764125,0.8895,0.8163125
11,0.7931250000000001,0.4355116951465607,0.4330752491950989,0.5483869349360466,0.3548204038143158,0.7931250000000001,0.764125,0.8895,0.8163125
12,0.78625,0.4360987234115601,0.43460416173934935,0.548189296066761,0.3593707618713379,0.78625,0.764125,0.8895,0.8163125
13,0.779375,0.4369768922328949,0.4294545650482178,0.5484817112088204,0.36118490076065063,0.779375,0.764125,0.8895,0.8163125
14,0.7725000000000001,0.4365458860397339,0.43893297004699705,0.5483816699385643,0.36906067132949827,0.7725000000000001,0.764125,0.8895,0.8163125
15,0.765625,0.4379758039712906,0.43049001693725586,0.5487656631469726,0.36941203236579895,0.765625,0.764125,0.8895,0.8163125
16,0.75875,0.4388453178405762,0.43112361431121826,0.549056986451149,0.37356192684173584,0.75875,0.764125,0.8895,0.8163125
17,0.7518750000000001,0.43860328030586243,0.43152737617492676,0.548906416773796,0.37762162828445434,0.7518750000000001,0.764125,0.8895,0.8163125
18,0.745,0.43882361459732055,0.43976736068725586,0.5491098374128341,0.38485846447944644,0.745,0.764125,0.8895,0.8163125
19,0.738125,0.43942711520195005,0.4449393153190613,0.5491335218548775,0.39112505030632017,0.738125,0.764125,0.8895,0.8163125
20,0.7312500000000001,0.4405943377017975,0.44334012269973755,0.5496519012451172,0.3941740951538086,0.7312500000000001,0.764125,0.8895,0.8163125
